tick,t_ms,dt_ms,cmd_dx,cmd_dy,cursor_x,cursor_y,screen_dx,screen_dy
0,0.12,0.12,0,0,2727,1940,0,0
1,1.11,0.993,0,0,2727,1940,0,0
2,2.12,1.003,0,0,2727,1940,0,0
3,3.11,0.996,0,0,2727,1940,0,0
4,4.11,1.0,0,0,2727,1940,0,0
5,5.12,1.008,0,0,2727,1940,0,0
6,6.11,0.993,0,0,2727,1940,0,0
7,7.11,0.999,0,0,2727,1940,0,0
8,8.11,1.0,0,0,2727,1940,0,0
9,9.11,1.0,0,0,2727,1940,0,0
10,10.11,1.0,0,0,2727,1940,0,0
11,11.11,1.0,0,0,2727,1940,0,0
12,12.11,1.0,0,0,2727,1940,0,0
13,13.11,1.0,0,0,2727,1940,0,0
14,14.11,1.0,0,0,2727,1940,0,0
15,15.11,1.0,0,0,2727,1940,0,0
16,16.11,1.0,0,0,2727,1940,0,0
17,17.11,1.0,0,0,2727,1940,0,0
18,18.12,1.007,0,0,2727,1940,0,0
19,19.11,0.995,0,0,2727,1940,0,0
20,20.11,0.999,0,0,2727,1940,0,0
21,21.11,0.999,0,0,2727,1940,0,0
22,22.11,1.0,0,0,2727,1940,0,0
23,23.12,1.004,0,0,2727,1940,0,0
24,24.12,1.001,0,0,2727,1940,0,0
25,25.11,0.995,0,0,2727,1940,0,0
26,26.11,1.0,0,0,2727,1940,0,0
27,27.2,1.086,1,0,2727,1940,0,0
28,28.11,0.916,0,0,2727,1940,0,0
29,29.11,0.999,0,0,2727,1940,0,0
30,30.12,1.006,0,0,2727,1940,0,0
31,31.12,1.001,0,0,2727,1940,0,0
32,32.11,0.996,0,0,2727,1940,0,0
33,33.11,0.997,0,0,2727,1940,0,0
34,34.12,1.012,0,0,2727,1940,0,0
35,35.11,0.988,0,0,2728,1940,1,0
36,36.14,1.026,1,0,2728,1940,0,0
37,37.11,0.973,0,0,2728,1940,0,0
38,38.11,1.0,0,0,2728,1940,0,0
39,39.12,1.007,0,0,2728,1940,0,0
40,40.12,0.999,0,0,2728,1940,0,0
41,41.11,0.995,0,0,2728,1940,0,0
42,42.17,1.059,1,0,2728,1940,0,0
43,43.11,0.943,0,0,2730,1940,2,0
44,44.11,0.997,0,0,2730,1940,0,0
45,45.13,1.021,0,1,2730,1940,0,0
46,46.11,0.978,0,0,2730,1940,0,0
47,47.14,1.031,1,0,2730,1940,0,0
48,48.11,0.971,0,0,2730,1940,0,0
49,49.11,0.999,0,0,2730,1940,0,0
50,50.11,1.0,0,0,2731,1940,1,0
51,51.12,1.009,1,0,2731,1940,0,0
52,52.11,0.991,0,0,2731,1940,0,0
53,53.11,1.0,0,0,2731,1940,0,0
54,54.12,1.006,1,0,2731,1940,0,0
55,55.11,0.994,0,0,2731,1941,0,1
56,56.11,1.0,0,0,2731,1941,0,0
57,57.12,1.005,1,0,2731,1941,0,0
58,58.11,0.995,0,0,2731,1941,0,0
59,59.11,1.0,0,0,2731,1941,0,0
60,60.12,1.008,1,1,2731,1941,0,0
61,61.11,0.992,0,0,2733,1941,2,0
62,62.11,1.0,0,0,2733,1941,0,0
63,63.12,1.006,1,0,2733,1941,0,0
64,64.11,0.994,0,0,2733,1941,0,0
65,65.12,1.005,1,0,2733,1941,0,0
66,66.11,0.994,0,0,2733,1941,0,0
67,67.11,1.0,0,0,2734,1941,1,0
68,68.12,1.005,1,0,2734,1941,0,0
69,69.12,1.001,0,1,2734,1941,0,0
70,70.12,1.002,1,0,2734,1941,0,0
71,71.11,0.992,0,0,2734,1941,0,0
72,72.16,1.051,1,0,2734,1941,0,0
73,73.11,0.951,0,0,2736,1941,2,0
74,74.12,1.008,1,0,2736,1941,0,0
75,75.12,0.997,0,1,2736,1941,0,0
76,76.12,0.999,1,0,2736,1941,0,0
77,77.11,0.994,0,0,2736,1941,0,0
78,78.17,1.058,1,0,2736,1941,0,0
79,79.11,0.945,0,0,2737,1941,1,0
80,80.14,1.023,1,0,2737,1941,0,0
81,81.15,1.007,0,1,2737,1941,0,0
82,82.18,1.03,1,0,2737,1941,0,0
83,83.13,0.958,1,0,2737,1941,0,0
84,84.11,0.979,0,0,2737,1941,0,0
85,85.12,1.006,1,1,2739,1941,2,0
86,86.11,0.993,0,0,2739,1941,0,0
87,87.12,1.005,1,0,2739,1941,0,0
88,88.12,1.0,1,0,2739,1941,0,0
89,89.16,1.043,0,1,2739,1941,0,0
90,90.12,0.965,1,0,2739,1941,0,0
91,91.12,0.996,1,0,2740,1941,1,0
92,92.11,0.992,0,0,2740,1941,0,0
93,93.15,1.035,1,1,2740,1941,0,0
94,94.13,0.987,1,0,2740,1941,0,0
95,95.12,0.986,1,0,2740,1941,0,0
96,96.12,0.998,0,1,2740,1941,0,0
97,97.12,1.0,1,0,2742,1941,2,0
98,98.12,1.001,1,0,2742,1941,0,0
99,99.12,0.999,1,1,2742,1941,0,0
100,100.11,0.994,0,0,2742,1941,0,0
101,101.12,1.006,1,0,2742,1941,0,0
102,102.12,0.999,1,1,2742,1941,0,0
103,103.12,1.0,1,0,2743,1943,1,2
104,104.12,1.001,0,1,2743,1943,0,0
105,105.12,1.0,1,0,2743,1943,0,0
106,106.12,1.0,1,0,2743,1943,0,0
107,107.14,1.024,1,1,2743,1943,0,0
108,108.12,0.98,1,0,2743,1943,0,0
109,109.12,0.997,1,1,2745,1943,2,0
110,110.12,1.004,1,0,2745,1943,0,0
111,111.14,1.019,0,1,2745,1943,0,0
112,112.12,0.98,1,0,2745,1943,0,0
113,113.12,0.999,1,1,2745,1943,0,0
114,114.14,1.021,1,0,2745,1943,0,0
115,115.12,0.98,1,0,2746,1943,1,0
116,116.12,0.998,1,1,2746,1943,0,0
117,117.12,0.999,1,1,2746,1943,0,0
118,118.12,1.0,1,0,2746,1943,0,0
119,119.12,1.0,1,1,2746,1943,0,0
120,120.12,1.0,1,0,2746,1943,0,0
121,121.12,1.0,1,1,2748,1944,2,1
122,122.14,1.022,1,0,2748,1944,0,0
123,123.12,0.983,1,1,2748,1944,0,0
124,124.12,0.997,1,0,2748,1944,0,0
125,125.12,0.999,1,1,2748,1944,0,0
126,126.12,0.999,1,1,2748,1944,0,0
127,127.12,1.0,1,0,2749,1944,1,0
128,128.17,1.051,1,1,2749,1944,0,0
129,129.13,0.966,1,1,2749,1944,0,0
130,130.13,1.0,1,0,2749,1944,0,0
131,131.12,0.986,1,1,2749,1944,0,0
132,132.12,0.999,1,1,2749,1944,0,0
133,133.12,0.998,1,0,2751,1946,2,2
134,134.16,1.045,1,1,2751,1946,0,0
135,135.13,0.968,1,1,2751,1946,0,0
136,136.12,0.99,1,0,2751,1946,0,0
137,137.12,0.997,1,1,2751,1946,0,0
138,138.12,0.999,1,1,2752,1946,1,0
139,139.12,1.0,1,1,2752,1946,0,0
140,140.12,1.001,1,1,2752,1946,0,0
141,141.12,1.0,1,0,2752,1946,0,0
142,142.12,1.0,2,1,2752,1946,0,0
143,143.12,1.003,1,1,2752,1946,0,0
144,144.12,0.998,1,1,2754,1946,2,0
145,145.13,1.017,1,1,2754,1946,0,0
146,146.12,0.983,1,0,2754,1946,0,0
147,147.12,1.0,1,1,2754,1946,0,0
148,148.12,1.0,1,1,2754,1946,0,0
149,149.12,1.002,1,1,2754,1946,0,0
150,150.17,1.054,2,1,2755,1947,1,1
151,151.12,0.947,1,1,2755,1947,0,0
152,152.12,0.997,1,1,2755,1947,0,0
153,153.12,0.999,1,1,2755,1947,0,0
154,154.12,1.0,1,1,2755,1947,0,0
155,155.14,1.021,1,1,2755,1947,0,0
156,156.12,0.982,2,1,2757,1949,2,2
157,157.12,0.998,1,1,2757,1949,0,0
158,158.12,1.0,1,1,2757,1949,0,0
159,159.14,1.021,1,1,2757,1949,0,0
160,160.12,0.983,1,1,2757,1949,0,0
161,161.13,1.015,2,1,2757,1949,0,0
162,162.13,0.999,1,1,2758,1950,1,1
163,163.12,0.985,1,1,2758,1950,0,0
164,164.12,0.999,1,1,2758,1950,0,0
165,165.12,0.998,1,1,2758,1950,0,0
166,166.12,1.001,2,1,2758,1950,0,0
167,167.12,1.0,1,1,2758,1950,0,0
168,168.12,1.0,1,2,2760,1952,2,2
169,169.12,1.0,1,1,2760,1952,0,0
170,170.12,1.0,2,1,2760,1952,0,0
171,171.12,1.0,1,1,2760,1952,0,0
172,172.13,1.019,1,1,2760,1952,0,0
173,173.12,0.984,1,1,2760,1952,0,0
174,174.12,0.998,1,2,2761,1953,1,1
175,175.12,1.0,2,1,2761,1953,0,0
176,176.12,1.0,1,1,2761,1953,0,0
177,177.12,1.0,1,1,2761,1953,0,0
178,178.12,1.0,1,2,2761,1953,0,0
179,179.12,1.002,2,1,2761,1953,0,0
180,180.12,1.0,1,1,2763,1955,2,2
181,181.12,1.0,1,2,2763,1955,0,0
182,182.16,1.042,1,1,2763,1955,0,0
183,183.13,0.972,1,1,2763,1955,0,0
184,184.12,0.987,2,2,2763,1955,0,0
185,185.18,1.06,1,1,2764,1955,1,0
186,186.14,0.96,1,1,2766,1956,2,1
187,187.12,0.982,1,2,2766,1956,0,0
188,188.12,0.998,2,1,2766,1956,0,0
189,189.12,0.999,1,1,2766,1956,0,0
190,190.12,1.0,1,2,2766,1956,0,0
191,191.14,1.023,1,1,2766,1958,0,2
192,192.14,0.997,2,2,2767,1959,1,1
193,193.12,0.984,1,1,2767,1959,0,0
194,194.14,1.017,1,2,2767,1959,0,0
195,195.12,0.983,1,1,2767,1959,0,0
196,196.14,1.021,1,2,2767,1959,0,0
197,197.14,0.997,2,1,2767,1961,0,2
198,198.12,0.983,1,2,2769,1962,2,1
199,199.12,0.996,1,1,2769,1962,0,0
200,200.12,1.0,1,2,2769,1962,0,0
201,201.12,0.999,1,1,2769,1962,0,0
202,202.12,1.0,2,2,2769,1962,0,0
203,203.12,1.0,1,1,2769,1962,0,0
204,204.12,0.999,1,2,2770,1964,1,2
205,205.14,1.022,1,2,2770,1964,0,0
206,206.12,0.982,1,1,2770,1964,0,0
207,207.15,1.029,1,2,2770,1964,0,0
208,208.12,0.971,2,2,2770,1964,0,0
209,209.12,0.998,1,1,2770,1964,0,0
210,210.12,0.999,1,2,2772,1965,2,1
211,211.12,0.999,1,2,2772,1965,0,0
212,212.12,1.0,1,1,2772,1965,0,0
213,213.12,1.0,1,2,2772,1965,0,0
214,214.14,1.021,1,2,2772,1965,0,0
215,215.14,1.0,2,1,2772,1967,0,2
216,216.12,0.983,1,2,2773,1968,1,1
217,217.12,0.997,1,2,2773,1968,0,0
218,218.12,0.999,1,2,2773,1968,0,0
219,219.12,1.002,1,1,2773,1968,0,0
220,220.14,1.019,1,2,2773,1968,0,0
221,221.14,1.0,1,2,2773,1970,0,2
222,222.14,0.999,1,2,2775,1971,2,1
223,223.12,0.983,1,2,2775,1971,0,0
224,224.12,0.999,1,1,2775,1971,0,0
225,225.12,0.999,2,2,2775,1971,0,0
226,226.12,0.999,1,2,2775,1971,0,0
227,227.12,1.0,1,2,2775,1973,0,2
228,228.12,1.0,1,2,2776,1974,1,1
229,229.12,1.001,1,2,2776,1974,0,0
230,230.12,1.0,1,1,2776,1974,0,0
231,231.12,1.0,1,2,2776,1974,0,0
232,232.18,1.061,1,2,2776,1974,0,0
233,233.13,0.955,1,2,2776,1976,0,2
234,234.12,0.986,1,2,2778,1977,2,1
235,235.12,0.998,1,2,2778,1977,0,0
236,236.2,1.088,1,2,2778,1977,0,0
237,237.17,0.968,1,2,2778,1977,0,0
238,238.12,0.949,1,2,2778,1977,0,0
239,239.12,0.999,1,2,2778,1979,0,2
240,240.14,1.019,0,2,2779,1980,1,1
241,241.12,0.982,1,2,2779,1980,0,0
242,242.12,0.998,1,2,2779,1980,0,0
243,243.12,0.999,1,2,2779,1980,0,0
244,244.12,1.0,1,2,2779,1980,0,0
245,245.12,1.0,1,2,2779,1982,0,2
246,246.12,1.0,1,2,2781,1983,2,1
247,247.15,1.031,1,2,2781,1983,0,0
248,248.12,0.973,1,2,2781,1983,0,0
249,249.12,0.998,0,2,2781,1983,0,0
250,250.12,0.999,1,2,2781,1983,0,0
251,251.12,0.999,1,2,2781,1985,0,2
252,252.12,1.001,1,2,2782,1986,1,1
253,253.14,1.019,1,2,2782,1986,0,0
254,254.12,0.984,0,2,2782,1986,0,0
255,255.12,0.998,1,2,2782,1986,0,0
256,256.24,1.125,1,2,2782,1986,0,0
257,257.12,0.878,1,2,2782,1988,0,2
258,258.12,0.998,1,2,2782,1988,0,0
259,259.12,1.0,0,3,2784,1989,2,1
260,260.12,1.0,1,2,2784,1989,0,0
261,261.12,1.001,1,2,2784,1989,0,0
262,262.12,0.999,0,2,2784,1989,0,0
263,263.12,1.0,1,2,2784,1991,0,2
264,264.12,1.0,1,2,2784,1991,0,0
265,265.12,1.003,0,2,2785,1992,1,1
266,266.12,0.998,1,2,2785,1992,0,0
267,267.12,0.999,1,3,2785,1992,0,0
268,268.12,1.001,0,2,2785,1994,0,2
269,269.12,1.001,1,2,2785,1995,0,1
270,270.12,0.999,0,2,2785,1995,0,0
271,271.12,1.0,1,2,2785,1997,0,2
272,272.12,1.0,1,2,2785,1997,0,0
273,273.12,1.0,0,2,2785,1997,0,0
274,274.12,1.004,1,3,2785,1997,0,0
275,275.12,0.997,0,2,2785,1998,0,1
276,276.12,0.999,1,2,2785,1998,0,0
277,277.16,1.048,0,2,2785,2000,0,2
278,278.12,0.955,1,2,2785,2000,0,0
279,279.12,0.998,0,3,2785,2000,0,0
280,280.14,1.02,1,2,2785,2000,0,0
281,281.12,0.981,0,2,2785,2001,0,1
282,282.12,0.997,0,2,2785,2001,0,0
283,283.12,1.001,1,2,2787,2003,2,2
284,284.17,1.05,0,3,2787,2003,0,0
285,285.13,0.963,1,2,2787,2003,0,0
286,286.14,1.008,0,2,2787,2003,0,0
287,287.12,0.981,0,2,2787,2004,0,1
288,288.17,1.054,1,2,2787,2006,0,2
289,289.14,0.963,0,3,2787,2006,0,0
290,290.12,0.983,0,2,2787,2006,0,0
291,291.12,0.998,1,2,2787,2006,0,0
292,292.12,1.0,0,2,2787,2006,0,0
293,293.12,1.0,0,2,2787,2007,0,1
294,294.12,1.0,0,3,2787,2007,0,0
295,295.12,1.0,1,2,2788,2009,1,2
296,296.12,1.0,0,2,2788,2009,0,0
297,297.14,1.021,0,2,2788,2009,0,0
298,298.12,0.985,0,2,2788,2010,0,1
299,299.14,1.015,0,3,2788,2012,0,2
300,300.19,1.05,0,2,2788,2012,0,0
301,301.12,0.931,1,2,2788,2013,0,1
302,302.12,0.998,0,2,2788,2013,0,0
303,303.12,0.999,0,2,2788,2013,0,0
304,304.12,0.999,0,3,2788,2013,0,0
305,305.12,1.0,0,2,2788,2015,0,2
306,306.12,1.0,0,2,2788,2015,0,0
307,307.13,1.017,0,2,2790,2016,2,1
308,308.12,0.986,0,2,2790,2016,0,0
309,309.12,0.998,0,2,2790,2016,0,0
310,310.12,1.0,0,3,2790,2016,0,0
311,311.12,1.0,0,2,2790,2018,0,2
312,312.12,1.0,0,2,2790,2018,0,0
313,313.12,1.0,0,2,2791,2019,1,1
314,314.12,1.0,0,2,2791,2019,0,0
315,315.14,1.022,0,2,2791,2019,0,0
316,316.14,0.999,0,3,2791,2019,0,0
317,317.12,0.982,0,2,2791,2021,0,2
318,318.12,0.998,0,2,2791,2021,0,0
319,319.14,1.02,-1,2,2791,2022,0,1
320,320.12,0.982,0,2,2791,2022,0,0
321,321.12,0.998,0,2,2791,2022,0,0
322,322.14,1.021,0,3,2791,2022,0,0
323,323.12,0.982,0,2,2791,2024,0,2
324,324.14,1.018,-1,2,2791,2024,0,0
325,325.12,0.982,0,2,2791,2025,0,1
326,326.12,0.998,0,2,2791,2025,0,0
327,327.12,0.999,0,2,2791,2025,0,0
328,328.12,1.0,-1,2,2791,2025,0,0
329,329.12,1.0,0,2,2791,2027,0,2
330,330.12,1.0,0,2,2791,2027,0,0
331,331.16,1.046,-1,2,2790,2028,-1,1
332,332.14,0.976,0,2,2790,2028,0,0
333,333.12,0.983,0,3,2790,2028,0,0
334,334.15,1.035,-1,2,2790,2028,0,0
335,335.13,0.977,0,2,2790,2030,0,2
336,336.12,0.992,0,2,2790,2030,0,0
337,337.12,0.996,-1,2,2790,2031,0,1
338,338.12,0.998,0,2,2790,2031,0,0
339,339.22,1.104,-1,2,2790,2031,0,0
340,340.14,0.92,0,2,2790,2031,0,0
341,341.12,0.979,-1,2,2790,2033,0,2
342,342.12,0.997,0,2,2790,2033,0,0
343,343.12,0.999,-1,2,2789,2034,-1,1
344,344.12,1.002,0,2,2789,2034,0,0
345,345.13,1.015,-1,2,2789,2034,0,0
346,346.12,0.987,0,2,2789,2034,0,0
347,347.12,0.996,-1,2,2789,2036,0,2
348,348.12,1.002,-1,2,2789,2036,0,0
349,349.14,1.016,0,2,2787,2037,-2,1
350,350.14,1.007,-1,1,2787,2037,0,0
351,351.12,0.977,0,2,2787,2037,0,0
352,352.12,1.0,-1,2,2787,2037,0,0
353,353.12,1.001,-1,2,2787,2039,0,2
354,354.12,0.997,-1,2,2787,2039,0,0
355,355.12,1.0,0,2,2786,2040,-1,1
356,356.12,1.0,-1,2,2786,2040,0,0
357,357.13,1.018,-1,2,2786,2040,0,0
358,358.12,0.983,0,1,2786,2040,0,0
359,359.12,0.999,-1,2,2786,2042,0,2
360,360.12,1.0,-1,2,2786,2042,0,0
361,361.16,1.046,-1,2,2786,2043,0,1
362,362.12,0.957,-1,2,2786,2043,0,0
363,363.14,1.022,0,1,2786,2043,0,0
364,364.13,0.988,-1,2,2786,2043,0,0
365,365.16,1.03,-1,2,2786,2045,0,2
366,366.12,0.96,-1,2,2786,2045,0,0
367,367.12,0.997,-1,1,2786,2046,0,1
368,368.12,1.0,-1,2,2786,2046,0,0
369,369.12,1.0,-1,2,2786,2046,0,0
370,370.12,1.0,0,2,2786,2046,0,0
371,371.12,1.0,-1,1,2786,2048,0,2
372,372.14,1.023,-1,2,2786,2048,0,0
373,373.12,0.98,-1,2,2784,2049,-2,1
374,374.12,0.998,-1,1,2784,2049,0,0
375,375.12,0.999,-1,2,2784,2049,0,0
376,376.12,1.001,-1,2,2784,2049,0,0
377,377.16,1.043,-1,1,2784,2049,0,0
378,378.13,0.974,-1,2,2784,2049,0,0
379,379.12,0.986,-1,1,2783,2051,-1,2
380,380.12,0.999,-1,2,2783,2051,0,0
381,381.12,0.998,-1,1,2783,2051,0,0
382,382.12,1.004,-1,2,2783,2051,0,0
383,383.12,0.998,-2,2,2783,2052,0,1
384,384.12,0.999,-1,1,2783,2052,0,0
385,385.15,1.035,-1,2,2781,2054,-2,2
386,386.13,0.98,-1,1,2781,2054,0,0
387,387.12,0.987,-1,2,2781,2054,0,0
388,388.12,0.999,-1,1,2781,2054,0,0
389,389.12,0.999,-1,1,2781,2054,0,0
390,390.23,1.113,-1,2,2780,2055,-1,1
391,391.13,0.903,-2,1,2780,2055,0,0
392,392.12,0.986,-1,2,2780,2055,0,0
393,393.12,0.998,-1,1,2780,2055,0,0
394,394.12,0.999,-1,1,2780,2055,0,0
395,395.12,1.0,-1,2,2780,2057,0,2
396,396.12,1.0,-2,1,2780,2057,0,0
397,397.12,1.0,-1,1,2778,2058,-2,1
398,398.12,1.0,-1,2,2778,2058,0,0
399,399.13,1.017,-1,1,2778,2058,0,0
400,400.12,0.986,-2,1,2778,2058,0,0
401,401.14,1.019,-1,2,2777,2058,-1,0
402,402.13,0.995,-1,1,2777,2058,0,0
403,403.12,0.984,-2,1,2775,2060,-2,2
404,404.12,0.999,-1,1,2775,2060,0,0
405,405.13,1.018,-1,1,2775,2060,0,0
406,406.12,0.988,-2,2,2775,2060,0,0
407,407.13,1.008,-1,1,2775,2060,0,0
408,408.12,0.986,-1,1,2775,2060,0,0
409,409.16,1.042,-2,1,2774,2061,-1,1
410,410.12,0.959,-1,1,2774,2061,0,0
411,411.12,0.997,-1,1,2774,2061,0,0
412,412.12,1.0,-2,1,2774,2061,0,0
413,413.12,0.999,-1,2,2772,2061,-2,0
414,414.14,1.023,-2,1,2772,2061,0,0
415,415.16,1.023,-1,1,2771,2063,-1,2
416,416.12,0.957,-1,1,2771,2063,0,0
417,417.12,0.997,-2,1,2771,2063,0,0
418,418.12,0.999,-1,1,2771,2063,0,0
419,419.12,1.0,-2,1,2769,2063,-2,0
420,420.12,1.0,-1,1,2769,2063,0,0
421,421.12,1.0,-2,1,2768,2064,-1,1
422,422.14,1.023,-1,1,2768,2064,0,0
423,423.12,0.981,-2,1,2768,2064,0,0
424,424.14,1.018,-1,0,2768,2064,0,0
425,425.12,0.983,-2,1,2768,2064,0,0
426,426.12,0.997,-1,1,2768,2064,0,0
427,427.12,0.999,-2,1,2766,2066,-2,2
428,428.11,0.999,-1,1,2766,2066,0,0
429,429.12,1.002,-2,1,2766,2066,0,0
430,430.12,1.0,-1,1,2766,2066,0,0
431,431.12,1.0,-2,0,2765,2066,-1,0
432,432.12,0.999,-1,1,2765,2066,0,0
433,433.12,1.0,-2,1,2763,2067,-2,1
434,434.12,1.0,-1,1,2763,2067,0,0
435,435.12,1.0,-2,0,2763,2067,0,0
436,436.15,1.038,-1,1,2763,2067,0,0
437,437.13,0.977,-2,1,2762,2067,-1,0
438,438.12,0.987,-2,1,2762,2067,0,0
439,439.12,0.998,-1,0,2760,2069,-2,2
440,440.14,1.02,-2,1,2760,2069,0,0
441,441.2,1.067,-1,1,2760,2069,0,0
442,442.13,0.93,-2,0,2760,2069,0,0
443,443.12,0.984,-2,1,2759,2069,-1,0
444,444.14,1.017,-1,0,2759,2069,0,0
445,445.13,0.999,-2,1,2757,2070,-2,1
446,446.12,0.984,-1,1,2757,2070,0,0
447,447.13,1.016,-2,0,2757,2070,0,0
448,448.12,0.984,-2,1,2757,2070,0,0
449,449.12,0.998,-1,0,2757,2070,0,0
450,450.17,1.058,-2,1,2757,2070,0,0
451,451.12,0.946,-1,0,2756,2070,-1,0
452,452.12,0.998,-2,1,2756,2070,0,0
453,453.14,1.019,-2,0,2756,2070,0,0
454,454.13,0.996,-1,1,2756,2070,0,0
455,455.12,0.984,-2,0,2754,2070,-2,0
456,456.12,1.0,-2,1,2754,2070,0,0
457,457.14,1.02,-1,0,2753,2072,-1,2
458,458.12,0.982,-2,0,2753,2072,0,0
459,459.12,0.998,-2,1,2753,2072,0,0
460,460.13,1.018,-1,0,2753,2072,0,0
461,461.13,0.994,-2,1,2753,2072,0,0
462,462.13,1.003,-2,0,2753,2072,0,0
463,463.12,0.986,-1,0,2751,2072,-2,0
464,464.14,1.02,-2,1,2751,2072,0,0
465,465.12,0.981,-2,0,2751,2072,0,0
466,466.12,0.998,-1,0,2751,2072,0,0
467,467.12,0.999,-2,0,2751,2072,0,0
468,468.12,1.0,-2,1,2751,2072,0,0
469,469.16,1.044,-1,0,2750,2072,-1,0
470,470.12,0.959,-2,0,2750,2072,0,0
471,471.12,0.997,-2,1,2750,2072,0,0
472,472.12,1.0,-1,0,2750,2072,0,0
473,473.12,0.999,-2,0,2750,2072,0,0
474,474.12,1.0,-2,0,2750,2072,0,0
475,475.12,1.0,-2,0,2748,2072,-2,0
476,476.12,1.0,-1,1,2748,2072,0,0
477,477.12,0.999,-2,0,2748,2072,0,0
478,478.12,1.001,-2,0,2748,2072,0,0
479,479.12,1.0,-1,0,2748,2072,0,0
480,480.12,1.0,-2,0,2748,2072,0,0
481,481.12,1.0,-2,0,2747,2072,-1,0
482,482.12,1.001,-1,0,2747,2072,0,0
483,483.12,0.999,-2,1,2747,2072,0,0
484,484.12,1.0,-2,0,2747,2072,0,0
485,485.12,0.999,-2,0,2745,2072,-2,0
486,486.25,1.133,-1,0,2744,2072,-1,0
487,487.14,0.888,-2,0,2744,2072,0,0
488,488.12,0.983,-2,0,2744,2072,0,0
489,489.14,1.017,-1,0,2744,2072,0,0
490,490.13,0.989,-2,0,2744,2072,0,0
491,491.12,0.995,-2,0,2742,2072,-2,0
492,492.17,1.054,-1,0,2742,2072,0,0
493,493.13,0.958,-2,0,2741,2072,-1,0
494,494.12,0.985,-2,0,2741,2072,0,0
495,495.12,0.999,-2,0,2741,2072,0,0
496,496.12,1.0,-1,0,2741,2072,0,0
497,497.14,1.022,-2,0,2739,2072,-2,0
498,498.16,1.022,-2,0,2739,2072,0,0
499,499.12,0.958,-1,0,2738,2072,-1,0
500,500.12,0.998,-2,0,2738,2072,0,0
501,501.16,1.044,-2,0,2738,2072,0,0
502,502.12,0.958,-1,0,2738,2072,0,0
503,503.12,0.999,-2,0,2736,2072,-2,0
504,504.14,1.018,-2,0,2736,2072,0,0
505,505.13,0.999,-2,0,2735,2072,-1,0
506,506.12,0.986,-1,0,2735,2072,0,0
507,507.14,1.017,-2,0,2735,2072,0,0
508,508.12,0.982,-2,0,2735,2072,0,0
509,509.12,0.997,-1,0,2735,2072,0,0
510,510.12,0.999,-2,0,2735,2072,0,0
511,511.13,1.018,-2,0,2733,2072,-2,0
512,512.12,0.985,-2,0,2733,2072,0,0
513,513.12,0.997,-1,0,2733,2072,0,0
514,514.12,1.0,-2,0,2733,2072,0,0
515,515.12,1.003,-2,0,2732,2072,-1,0
516,516.12,0.997,-1,0,2732,2072,0,0
517,517.13,1.018,-2,0,2730,2072,-2,0
518,518.12,0.984,-2,0,2730,2072,0,0
519,519.12,0.998,-1,-1,2730,2072,0,0
520,520.12,1.0,-2,0,2730,2072,0,0
521,521.12,0.999,-2,0,2729,2072,-1,0
522,522.12,1.0,-2,0,2729,2072,0,0
523,523.12,1.0,-1,0,2727,2072,-2,0
524,524.14,1.02,-2,0,2727,2072,0,0
525,525.12,0.983,-2,0,2727,2072,0,0
526,526.12,0.998,-1,0,2727,2072,0,0
527,527.12,0.999,-2,-1,2726,2072,-1,0
528,528.12,1.0,-2,0,2726,2072,0,0
529,529.12,1.001,-1,0,2724,2072,-2,0
530,530.14,1.022,-2,0,2724,2072,0,0
531,531.12,0.982,-2,0,2724,2072,0,0
532,532.13,1.016,-1,0,2724,2072,0,0
533,533.12,0.985,-2,-1,2724,2072,0,0
534,534.12,0.997,-2,0,2723,2072,-1,0
535,535.12,0.999,-2,0,2723,2072,0,0
536,536.14,1.019,-1,0,2723,2072,0,0
537,537.12,0.984,-2,0,2723,2072,0,0
538,538.12,0.999,-2,-1,2723,2072,0,0
539,539.12,1.0,-1,0,2723,2072,0,0
540,540.18,1.064,-2,0,2721,2072,-2,0
541,541.13,0.947,-2,0,2721,2072,0,0
542,542.12,0.989,-1,0,2721,2072,0,0
543,543.19,1.071,-2,-1,2721,2072,0,0
544,544.12,0.928,-2,0,2721,2072,0,0
545,545.14,1.018,-1,0,2720,2072,-1,0
546,546.12,0.982,-2,0,2718,2072,-2,0
547,547.13,1.016,-2,-1,2718,2072,0,0
548,548.15,1.01,-2,0,2718,2072,0,0
549,549.14,0.999,-1,0,2718,2072,0,0
550,550.13,0.984,-2,0,2718,2072,0,0
551,551.14,1.017,-2,-1,2715,2072,-3,0
552,552.26,1.118,-1,0,2715,2072,0,0
553,553.28,1.021,-2,0,2715,2072,0,0
554,557.53,4.245,-2,-1,2712,2071,-3,-1
555,558.24,0.708,-1,0,2712,2071,0,0
556,559.67,1.435,-2,0,2712,2071,0,0
557,560.68,1.008,-2,-1,2712,2071,0,0
558,562.5,1.819,-1,0,2711,2071,-1,0
559,563.2,0.701,-2,0,2711,2071,0,0
560,564.65,1.448,-2,0,2709,2071,-2,0
561,565.65,0.998,-1,-1,2709,2071,0,0
562,566.64,0.999,-2,0,2709,2071,0,0
563,567.64,1.0,-2,0,2709,2071,0,0
564,568.64,1.0,-1,-1,2708,2071,-1,0
565,569.64,1.0,-2,0,2706,2071,-2,0
566,570.64,1.0,-2,-1,2706,2071,0,0
567,571.64,1.001,-1,0,2706,2071,0,0
568,572.67,1.024,-2,0,2706,2071,0,0
569,573.65,0.98,-2,-1,2706,2071,0,0
570,574.65,0.997,-1,0,2705,2071,-1,0
571,575.64,0.999,-2,0,2703,2071,-2,0
572,576.65,1.0,-2,-1,2703,2071,0,0
573,577.69,1.045,-1,0,2703,2071,0,0
574,578.67,0.975,-2,-1,2703,2071,0,0
575,579.65,0.984,-2,0,2703,2071,0,0
576,580.65,0.997,-1,0,2702,2071,-1,0
577,581.64,0.999,-2,-1,2700,2069,-2,-2
578,582.64,1.0,-2,0,2700,2069,0,0
579,583.65,1.0,-1,-1,2700,2069,0,0
580,584.64,1.0,-2,0,2700,2069,0,0
581,585.65,1.001,-2,0,2700,2069,0,0
582,586.64,0.998,-1,-1,2699,2069,-1,0
583,587.66,1.019,-2,0,2697,2068,-2,-1
584,588.65,0.987,-2,-1,2697,2068,0,0
585,589.65,0.996,-1,0,2697,2068,0,0
586,590.65,1.001,-2,-1,2697,2068,0,0
587,591.69,1.047,-1,0,2697,2068,0,0
588,592.66,0.968,-2,-1,2696,2068,-1,0
589,593.71,1.05,-2,0,2694,2068,-2,0
590,594.65,0.942,-1,-1,2694,2068,0,0
591,595.65,0.995,-2,0,2694,2068,0,0
592,596.65,0.998,-2,-1,2694,2068,0,0
593,597.64,0.999,-1,0,2694,2068,0,0
594,598.65,1.001,-2,-1,2693,2068,-1,0
595,599.65,1.003,-1,0,2691,2066,-2,-2
596,600.65,0.997,-2,-1,2691,2066,0,0
597,601.65,1.0,-2,0,2691,2066,0,0
598,602.65,1.0,-1,-1,2691,2066,0,0
599,603.65,1.001,-2,0,2691,2066,0,0
600,604.72,1.077,-2,-1,2691,2066,0,0
601,605.65,0.924,-1,0,2690,2065,-1,-1
602,606.69,1.041,-2,-1,2690,2065,0,0
603,607.67,0.979,-1,0,2690,2065,0,0
604,608.66,0.993,-2,-1,2690,2065,0,0
605,609.65,0.986,-2,0,2690,2065,0,0
606,610.67,1.018,-1,-1,2688,2065,-2,0
607,611.75,1.085,-2,0,2687,2063,-1,-2
608,612.65,0.898,-2,-1,2687,2063,0,0
609,613.65,1.001,-1,-1,2687,2063,0,0
610,614.72,1.074,-2,0,2687,2063,0,0
611,615.66,0.941,-1,-1,2687,2063,0,0
612,616.65,0.984,-2,0,2685,2063,-2,0
613,617.65,0.998,-2,-1,2684,2062,-1,-1
614,618.64,0.999,-1,-1,2684,2062,0,0
615,619.64,0.999,-2,0,2684,2062,0,0
616,620.64,1.0,-1,-1,2684,2062,0,0
617,621.64,1.0,-2,0,2684,2062,0,0
618,622.69,1.045,-1,-1,2682,2062,-2,0
619,623.69,1.0,-2,-1,2681,2060,-1,-2
620,624.65,0.958,-2,0,2681,2060,0,0
621,625.66,1.016,-1,-1,2681,2060,0,0
622,626.65,0.984,-2,-1,2681,2060,0,0
623,627.65,0.999,-1,0,2681,2060,0,0
624,628.65,1.002,-2,-1,2681,2060,0,0
625,629.65,0.995,-2,0,2679,2059,-2,-1
626,630.65,1.001,-1,-1,2679,2059,0,0
627,631.65,0.999,-2,-1,2679,2059,0,0
628,632.67,1.021,-1,0,2679,2059,0,0
629,633.65,0.981,-2,-1,2679,2059,0,0
630,634.65,0.997,-1,-1,2678,2059,-1,0
631,635.66,1.02,-2,-1,2676,2059,-2,0
632,636.65,0.986,-1,0,2676,2059,0,0
633,637.65,0.995,-2,-1,2676,2059,0,0
634,638.65,0.999,-2,-1,2676,2059,0,0
635,639.73,1.084,-1,0,2676,2059,0,0
636,640.69,0.959,-2,-1,2676,2059,0,0
637,641.65,0.96,-1,-1,2675,2057,-1,-2
638,642.65,0.999,-2,0,2675,2057,0,0
639,643.65,0.999,-1,-1,2675,2057,0,0
640,644.65,0.999,-2,-1,2675,2057,0,0
641,645.73,1.089,-1,-1,2675,2057,0,0
642,646.66,0.925,-2,0,2675,2057,0,0
643,647.65,0.986,-1,-1,2673,2057,-2,0
644,648.67,1.019,-2,-1,2673,2057,0,0
645,649.67,1.0,-2,-1,2673,2057,0,0
646,650.65,0.983,-1,0,2673,2057,0,0
647,651.65,0.997,-2,-1,2673,2057,0,0
648,652.69,1.044,-1,-1,2672,2057,-1,0
649,653.66,0.974,-2,-1,2670,2057,-2,0
650,654.65,0.984,-1,0,2670,2057,0,0
651,655.66,1.016,-2,-1,2670,2057,0,0
652,656.66,1.001,-1,-1,2670,2057,0,0
653,657.67,1.01,-2,-1,2670,2057,0,0
654,658.66,0.989,-1,-1,2669,2057,-1,0
655,659.65,0.985,-2,0,2667,2056,-2,-1
656,660.65,0.997,-1,-1,2667,2056,0,0
657,661.64,0.999,-2,-1,2667,2056,0,0
658,662.64,1.0,-1,-1,2667,2056,0,0
659,663.67,1.022,-2,-1,2667,2056,0,0
660,664.65,0.981,-1,0,2667,2056,0,0
661,665.69,1.038,-2,-1,2666,2056,-1,0
662,666.66,0.975,-1,-1,2666,2056,0,0
663,667.65,0.988,-2,-1,2666,2056,0,0
664,668.65,0.996,-1,-1,2666,2056,0,0
665,669.67,1.022,-2,-1,2666,2056,0,0
666,670.65,0.98,-1,0,2666,2056,0,0
667,671.65,0.998,-2,-1,2664,2054,-2,-2
668,672.65,1.001,-1,-1,2664,2054,0,0
669,673.65,1.003,-2,-1,2664,2054,0,0
670,674.65,0.997,-1,-1,2664,2054,0,0
671,675.64,0.999,-1,-1,2664,2054,0,0
672,676.64,1.0,-2,-1,2664,2054,0,0
673,677.65,1.002,-1,-1,2663,2053,-1,-1
674,678.66,1.015,-2,0,2663,2053,0,0
675,679.65,0.986,-1,-1,2663,2053,0,0
676,680.64,0.997,-2,-1,2663,2053,0,0
677,681.64,1.0,-1,-1,2663,2053,0,0
678,682.64,1.0,-2,-1,2663,2053,0,0
679,683.64,0.999,-1,-1,2661,2051,-2,-2
680,684.64,1.0,-1,-1,2661,2051,0,0
681,685.64,1.0,-2,-1,2661,2051,0,0
682,686.64,0.999,-1,-1,2661,2051,0,0
683,687.64,1.0,-2,-1,2660,2051,-1,0
684,688.65,1.002,-1,-1,2660,2051,0,0
685,689.64,0.998,-2,-1,2658,2051,-2,0
686,690.67,1.022,-1,0,2658,2051,0,0
687,691.65,0.982,-1,-1,2658,2051,0,0
688,692.65,0.997,-2,-1,2658,2051,0,0
689,693.64,0.999,-1,-1,2658,2051,0,0
690,694.69,1.044,-2,-1,2657,2050,-1,-1
691,695.65,0.959,-1,-1,2657,2050,0,0
692,696.73,1.082,-1,-1,2657,2050,0,0
693,697.66,0.934,-2,-1,2657,2050,0,0
694,698.65,0.989,-1,-1,2657,2050,0,0
695,699.65,0.994,-2,-1,2657,2050,0,0
696,700.65,0.998,-1,-1,2655,2050,-2,0
697,701.65,1.0,-1,-1,2655,2050,0,0
698,702.66,1.019,-2,-1,2655,2050,0,0
699,703.67,1.002,-1,-1,2655,2050,0,0
700,704.65,0.982,-2,-1,2655,2050,0,0
701,705.65,0.997,-1,-1,2655,2050,0,0
702,706.67,1.02,-1,-1,2654,2048,-1,-2
703,707.65,0.981,-2,-1,2654,2048,0,0
704,708.65,0.999,-1,-1,2654,2048,0,0
705,709.66,1.018,-1,-1,2654,2048,0,0
706,710.65,0.981,-2,-1,2654,2048,0,0
707,711.64,0.999,-1,-1,2652,2048,-2,0
708,712.64,1.0,-2,-1,2651,2047,-1,-1
709,713.66,1.02,-1,-1,2651,2047,0,0
710,714.65,0.985,-1,-1,2651,2047,0,0
711,715.67,1.023,-2,-1,2651,2047,0,0
712,716.65,0.976,-1,-2,2651,2047,0,0
713,717.65,0.998,-1,-1,2649,2047,-2,0
714,718.69,1.042,-2,-1,2648,2045,-1,-2
715,719.67,0.978,-1,-1,2648,2045,0,0
716,720.65,0.982,-1,-1,2648,2045,0,0
717,721.65,0.998,-2,-1,2648,2045,0,0
718,722.64,0.999,-1,-1,2648,2045,0,0
719,723.64,1.0,-1,-1,2648,2045,0,0
720,724.64,1.0,-1,-1,2646,2044,-2,-1
721,725.64,1.0,-2,-1,2646,2044,0,0
722,726.64,1.0,-1,-1,2646,2044,0,0
723,727.64,0.999,-1,-1,2646,2044,0,0
724,728.64,1.0,-2,-2,2646,2044,0,0
725,729.64,1.0,-1,-1,2646,2044,0,0
726,730.64,1.0,-1,-1,2645,2042,-1,-2
727,731.67,1.021,-2,-1,2643,2042,-2,0
728,732.66,0.999,-1,-1,2643,2042,0,0
729,733.67,1.001,-1,-1,2643,2042,0,0
730,734.65,0.982,-1,-1,2642,2042,-1,0
731,735.65,0.998,-2,-1,2642,2042,0,0
732,736.64,0.999,-1,-1,2642,2042,0,0
733,737.66,1.019,-1,-2,2640,2041,-2,-1
734,738.66,1.0,-1,-1,2639,2041,-1,0
735,739.65,0.984,-2,-1,2637,2041,-2,0
736,740.65,0.998,-1,-1,2637,2041,0,0
737,741.64,1.0,-1,-1,2637,2041,0,0
738,742.64,1.0,-1,-1,2637,2041,0,0
739,743.64,1.0,-2,-2,2636,2038,-1,-3
740,744.67,1.022,-1,-1,2634,2038,-2,0
741,745.66,0.998,-1,-1,2634,2038,0,0
742,746.65,0.985,-1,-1,2634,2038,0,0
743,747.72,1.07,-2,-1,2633,2036,-1,-2
744,748.66,0.941,-1,-1,2633,2036,0,0
745,749.66,1.004,-1,-2,2633,2036,0,0
746,750.65,0.984,-1,-1,2631,2035,-2,-1
747,751.65,0.998,-2,-1,2630,2035,-1,0
748,752.67,1.02,-1,-1,2625,2032,-5,-3
749,753.65,0.982,-1,-1,2625,2032,0,0
750,754.71,1.064,-1,-2,2624,2030,-1,-2
751,755.66,0.953,-1,-1,2624,2030,0,0
752,756.65,0.984,-2,-1,2624,2030,0,0
753,757.64,0.996,-1,-1,2622,2029,-2,-1
754,758.66,1.016,-1,-1,2618,2027,-4,-2
755,759.65,0.986,-1,-2,2612,2024,-6,-3
756,760.65,1.002,-1,-1,2612,2024,0,0
757,761.67,1.017,-1,-1,2609,2023,-3,-1
758,762.65,0.98,-2,-1,2609,2023,0,0
759,763.64,0.998,-1,-2,2609,2023,0,0
760,764.65,1.0,-1,-1,2607,2021,-2,-2
761,765.65,1.004,-1,-1,2606,2020,-1,-1
762,766.65,0.998,-1,-1,2594,2015,-12,-5
763,767.65,0.998,-1,-2,2594,2015,0,0
764,768.65,1.0,-2,-1,2594,2015,0,0
765,769.65,1.003,-1,-1,2592,2014,-2,-1
766,770.67,1.019,-1,-1,2591,2012,-1,-2
767,771.65,0.978,-1,-2,2588,2011,-3,-1
768,772.64,0.999,-1,-1,2588,2011,0,0
769,773.69,1.042,-1,-1,2574,2005,-14,-6
770,774.65,0.961,-1,-2,2574,2005,0,0
771,775.65,0.998,-2,-1,2574,2005,0,0
772,776.64,1.0,-1,-1,2570,2003,-4,-2
773,777.67,1.021,-1,-1,2568,2002,-2,-1
774,778.67,1.0,-1,-2,2555,1997,-13,-5
775,779.65,0.982,-1,-1,2552,1996,-3,-1
776,780.65,0.999,-1,-1,2552,1996,0,0
777,781.64,0.997,-1,-2,2552,1996,0,0
778,782.64,0.999,-1,-1,2552,1996,0,0
779,783.64,1.0,-1,-1,2549,1994,-3,-2
780,784.64,1.0,-1,-2,2547,1993,-2,-1
781,785.69,1.045,-2,-1,2534,1988,-13,-5
782,786.65,0.958,-1,-1,2531,1987,-3,-1
783,787.66,1.016,-1,-2,2531,1987,0,0
784,788.65,0.983,-1,-1,2519,1984,-12,-3
785,789.65,0.998,-1,-1,2519,1984,0,0
786,790.66,1.019,-1,-1,2519,1984,0,0
787,791.65,0.984,-1,-2,2517,1982,-2,-2
788,792.65,0.997,-1,-1,2504,1978,-13,-4
789,793.64,1.0,-1,-2,2499,1976,-5,-2
790,794.65,1.004,-1,-1,2499,1976,0,0
791,795.65,0.998,-1,-1,2496,1975,-3,-1
792,796.66,1.015,-1,-2,2496,1973,0,-2
793,797.67,1.006,-1,-1,2496,1973,0,0
794,798.69,1.027,-1,-1,2495,1972,-1,-1
795,799.66,0.966,-1,-2,2477,1966,-18,-6
796,800.65,0.987,-1,-1,2468,1964,-9,-2
797,801.65,0.998,-1,-1,2468,1964,0,0
798,802.64,1.0,-1,-2,2468,1964,0,0
799,803.64,1.0,-1,-1,2462,1963,-6,-1
800,804.64,1.0,-1,-2,2460,1961,-2,-2
801,805.64,1.0,-1,-1,2456,1960,-4,-1
802,806.64,0.999,-1,-1,2456,1960,0,0
803,807.64,1.0,-1,-2,2438,1954,-18,-6
804,808.64,1.0,-1,-1,2438,1952,0,-2
805,809.64,1.0,-1,-1,2438,1952,0,0
806,810.64,0.999,-1,-2,2433,1951,-5,-1
807,811.66,1.019,-1,-1,2432,1949,-1,-2
808,812.67,1.004,-1,-2,2418,1945,-14,-4
809,813.66,0.994,-1,-1,2414,1945,-4,0
810,814.65,0.986,-1,-2,2414,1945,0,0
811,815.64,0.998,-1,-1,2414,1945,0,0
812,816.64,0.999,-1,-1,2411,1943,-3,-2
813,817.64,1.001,-1,-2,2411,1943,0,0
814,818.64,0.999,-1,-1,2409,1942,-2,-1
815,819.64,1.0,-1,-2,2394,1937,-15,-5
816,820.64,1.001,-1,-1,2390,1936,-4,-1
817,821.64,1.0,-1,-1,2390,1936,0,0
818,822.66,1.019,0,-2,2390,1936,0,0
819,823.72,1.055,-1,-1,2379,1934,-11,-2
820,824.66,0.942,-1,-2,2379,1934,0,0
821,825.65,0.986,-1,-1,2378,1933,-1,-1
822,826.64,0.998,-1,-2,2372,1930,-6,-3
823,827.67,1.02,-1,-1,2367,1930,-5,0
824,828.67,1.002,-1,-2,2367,1930,0,0
825,829.65,0.981,-1,-1,2367,1930,0,0
826,830.66,1.016,-1,-1,2357,1925,-10,-5
827,831.67,1.002,-1,-2,2355,1924,-2,-1
828,832.65,0.982,0,-1,2346,1921,-9,-3
829,833.65,0.998,-1,-2,2346,1921,0,0
830,834.64,1.0,-1,-1,2346,1921,0,0
831,835.7,1.054,-1,-2,2343,1919,-3,-2
832,836.66,0.962,-1,-1,2343,1919,0,0
833,837.65,0.988,-1,-2,2343,1919,0,0
834,838.67,1.016,-1,-1,2342,1918,-1,-1
835,839.65,0.982,0,-2,2339,1916,-3,-2
836,840.64,0.997,-1,-1,2327,1913,-12,-3
837,841.64,0.999,-1,-2,2327,1913,0,0
838,842.64,1.0,-1,-1,2327,1912,0,-1
839,843.66,1.016,-1,-2,2325,1912,-2,0
840,844.66,1.004,-1,-1,2325,1912,0,0
841,845.65,0.984,0,-2,2324,1910,-1,-2
842,846.65,0.998,-1,-1,2312,1907,-12,-3
843,847.64,0.999,-1,-2,2306,1906,-6,-1
844,848.64,1.0,-1,-1,2306,1906,0,0
845,849.73,1.088,-1,-2,2303,1904,-3,-2
846,850.66,0.927,0,-1,2303,1904,0,0
847,851.65,0.987,-1,-2,2303,1904,0,0
848,852.65,1.001,-1,-1,2301,1903,-2,-1
849,853.65,0.998,-1,-2,2292,1900,-9,-3
850,854.65,1.0,0,-1,2289,1900,-3,0
851,855.64,0.999,-1,-2,2289,1900,0,0
852,856.67,1.021,-1,-1,2288,1897,-1,-3
853,857.66,0.997,-1,-2,2288,1897,0,0
854,858.65,0.985,-1,-1,2288,1895,0,-2
855,859.64,0.998,0,-2,2280,1894,-8,-1
856,860.64,1.0,-1,-1,2277,1892,-3,-2
857,861.64,1.0,-1,-2,2277,1892,0,0
858,862.64,1.0,0,-2,2274,1891,-3,-1
859,863.68,1.035,-1,-1,2274,1891,0,0
860,864.65,0.969,-1,-2,2274,1891,0,0
861,865.65,0.997,-1,-1,2273,1889,-1,-2
862,866.64,0.999,0,-2,2267,1888,-6,-1
863,867.64,1.0,-1,-1,2259,1885,-8,-3
864,868.64,1.0,-1,-2,2259,1885,0,0
865,869.67,1.021,0,-1,2258,1883,-1,-2
866,870.65,0.985,-1,-2,2258,1883,0,0
867,871.65,0.996,-1,-1,2258,1883,0,0
868,872.65,0.998,-1,-2,2258,1882,0,-1
869,873.65,1.003,0,-2,2252,1879,-6,-3
870,874.66,1.014,-1,-1,2244,1876,-8,-3
871,875.67,1.004,-1,-2,2244,1876,0,0
872,876.65,0.981,0,-1,2243,1874,-1,-2
873,877.64,0.997,-1,-2,2243,1874,0,0
874,878.64,1.0,-1,-1,2243,1874,0,0
875,879.64,1.0,0,-2,2243,1873,0,-1
876,880.67,1.022,-1,-2,2237,1870,-6,-3
877,881.65,0.981,0,-1,2229,1867,-8,-3
878,882.66,1.014,-1,-2,2229,1865,0,-2
879,883.65,0.987,-1,-1,2229,1865,0,0
880,884.65,0.997,0,-2,2228,1864,-1,-1
881,885.68,1.037,-1,-1,2228,1862,0,-2
882,886.64,0.963,-1,-2,2225,1861,-3,-1
883,887.64,1.0,0,-2,2214,1856,-11,-5
884,888.64,1.0,-1,-1,2214,1856,0,0
885,889.64,1.0,0,-2,2214,1855,0,-1
886,890.65,1.001,-1,-1,2214,1855,0,0
887,891.64,1.0,-1,-2,2211,1853,-3,-2
888,892.64,1.0,0,-2,2210,1852,-1,-1
889,893.64,1.0,-1,-1,2202,1847,-8,-5
890,894.64,1.0,0,-2,2199,1846,-3,-1
891,895.64,1.0,-1,-1,2199,1846,0,0
892,896.65,1.001,0,-2,2192,1840,-7,-6
893,897.65,1.0,-1,-2,2192,1840,0,0
894,898.66,1.014,-1,-1,2192,1840,0,0
895,899.72,1.063,0,-2,2192,1838,0,-2
896,900.66,0.939,-1,-2,2184,1834,-8,-4
897,901.65,0.985,0,-1,2181,1832,-3,-2
898,902.64,0.998,-1,-2,2181,1832,0,0
899,903.64,1.0,0,-1,2178,1831,-3,-1
900,904.69,1.046,-1,-2,2178,1829,0,-2
901,905.66,0.974,0,-2,2178,1829,0,0
902,906.72,1.053,-1,-1,2178,1828,0,-1
903,907.66,0.946,0,-2,2168,1822,-10,-6
904,908.65,0.984,-1,-2,2156,1816,-12,-6
905,909.65,0.999,0,-1,2156,1814,0,-2
906,910.64,0.998,-1,-2,2156,1814,0,0
907,911.64,1.001,0,-1,2153,1811,-3,-3
908,912.64,1.0,-1,-2,2151,1810,-2,-1
909,913.67,1.022,0,-2,2148,1808,-3,-2
910,914.67,1.0,-1,-1,2129,1796,-19,-12
911,915.65,0.979,0,-2,2129,1796,0,0
912,916.64,0.998,-1,-2,2129,1795,0,-1
913,917.65,1.001,0,-1,2129,1795,0,0
914,918.64,0.999,-1,-2,2124,1792,-5,-3
915,919.64,1.0,0,-2,2124,1790,0,-2
916,920.64,1.0,-1,-1,2112,1783,-12,-7
917,921.64,1.0,0,-2,2108,1781,-4,-2
918,922.68,1.036,0,-1,2108,1781,0,0
919,923.65,0.97,-1,-2,2099,1775,-9,-6
920,924.68,1.026,0,-2,2099,1775,0,0
921,925.65,0.973,-1,-1,2099,1775,0,0
922,926.65,0.997,0,-2,2097,1774,-2,-1
923,927.65,1.0,0,-2,2084,1765,-13,-9
924,928.65,1.0,-1,-1,2079,1762,-5,-3
925,929.65,1.001,0,-2,2079,1762,0,0
926,930.64,0.997,-1,-2,2076,1757,-3,-5
927,931.65,1.001,0,-1,2076,1757,0,0
928,932.65,0.999,0,-2,2076,1757,0,0
929,933.64,1.0,-1,-2,2076,1756,0,-1
930,934.65,1.0,0,-1,2063,1748,-13,-8
931,935.66,1.018,-1,-2,2048,1738,-15,-10
932,936.65,0.985,0,-2,2048,1736,0,-2
933,937.64,0.997,0,-1,2048,1736,0,0
934,938.66,1.02,-1,-2,2042,1733,-6,-3
935,939.66,0.997,0,-2,2042,1732,0,-1
936,940.66,1.002,0,-1,2037,1729,-5,-3
937,941.65,0.984,-1,-2,2037,1729,0,0
938,942.65,0.998,0,-2,2037,1729,0,0
939,943.64,0.999,0,-1,2015,1714,-22,-15
940,944.66,1.02,-1,-2,2015,1714,0,0
941,945.65,0.983,0,-2,2015,1714,0,0
942,946.64,0.997,0,-1,2015,1712,0,-2
943,947.66,1.019,0,-2,2012,1711,-3,-1
944,948.65,0.986,-1,-2,1989,1697,-23,-14
945,949.65,1.0,0,-1,1989,1697,0,0
946,950.74,1.088,0,-2,1985,1694,-4,-3
947,951.66,0.925,-1,-2,1985,1694,0,0
948,952.66,1.0,0,-1,1985,1694,0,0
949,953.65,0.984,0,-2,1985,1693,0,-1
950,954.64,0.997,0,-2,1968,1682,-17,-11
951,955.66,1.019,-1,-2,1956,1675,-12,-7
952,956.68,1.019,0,-1,1956,1673,0,-2
953,957.66,0.98,0,-2,1956,1673,0,0
954,958.65,0.984,0,-2,1952,1670,-4,-3
955,959.65,0.999,-1,-1,1952,1669,0,-1
956,960.64,0.998,0,-2,1946,1666,-6,-3
957,961.67,1.021,0,-2,1946,1666,0,0
958,962.65,0.982,0,-1,1946,1666,0,0
959,963.66,1.016,-1,-2,1923,1649,-23,-17
960,964.65,0.985,0,-2,1923,1649,0,0
961,965.69,1.036,0,-1,1923,1649,0,0
962,966.65,0.962,0,-2,1923,1648,0,-1
963,967.64,0.998,0,-2,1917,1645,-6,-3
964,968.64,1.0,-1,-1,1901,1633,-16,-12
965,969.67,1.022,0,-2,1901,1633,0,0
966,970.65,0.981,0,-2,1898,1631,-3,-2
967,971.65,0.999,0,-2,1898,1631,0,0
968,972.64,0.998,0,-1,1898,1631,0,0
969,973.69,1.042,0,-2,1896,1630,-2,-1
970,974.66,0.976,-1,-2,1880,1618,-16,-12
971,975.65,0.984,0,-1,1866,1610,-14,-8
972,976.67,1.018,0,-2,1866,1610,0,0
973,977.67,1.0,0,-2,1863,1606,-3,-4
974,978.66,0.995,0,-1,1863,1606,0,0
975,979.65,0.986,0,-2,1863,1606,0,0
976,980.65,0.998,0,-2,1863,1604,0,-2
977,981.69,1.044,-1,-2,1859,1601,-4,-3
978,982.67,0.976,0,-1,1836,1586,-23,-15
979,983.65,0.983,0,-2,1836,1585,0,-1
980,984.65,0.997,0,-2,1836,1585,0,0
981,985.79,1.145,0,-1,1832,1582,-4,-3
982,986.66,0.874,0,-2,1830,1580,-2,-2
983,987.65,0.983,0,-2,1827,1577,-3,-3
984,988.67,1.019,0,-1,1827,1577,0,0
985,989.65,0.981,0,-2,1827,1577,0,0
986,990.67,1.018,0,-2,1812,1564,-15,-13
987,991.68,1.014,0,-2,1812,1564,0,0
988,992.68,0.999,-1,-1,1812,1564,0,0
989,993.69,1.012,0,-2,1811,1562,-1,-2
990,996.81,3.117,0,-2,1796,1550,-15,-12
991,998.81,2.002,0,-1,1793,1546,-3,-4
992,999.8,0.995,0,-2,1793,1546,0,0
993,1001.01,1.204,0,-2,1793,1544,0,-2
994,1001.8,0.787,0,-2,1784,1537,-9,-7
995,1002.81,1.013,0,-1,1776,1529,-8,-8
996,1003.8,0.988,0,-2,1776,1529,0,0
997,1004.81,1.012,0,-2,1775,1526,-1,-3
998,1005.8,0.988,0,-1,1775,1526,0,0
999,1006.8,1.0,0,-2,1775,1526,0,0
1000,1007.8,1.0,0,-2,1775,1525,0,-1
1001,1008.78,0.984,0,-1,1769,1517,-6,-8
1002,1009.78,0.996,0,-2,1764,1511,-5,-6
1003,1010.77,0.999,0,-2,1764,1510,0,-1
1004,1011.8,1.022,0,-2,1764,1510,0,0
1005,1012.8,0.999,0,-1,1763,1508,-1,-2
1006,1013.78,0.981,0,-2,1763,1507,0,-1
1007,1014.78,0.998,0,-2,1761,1504,-2,-3
1008,1015.79,1.017,0,-1,1755,1495,-6,-9
1009,1016.8,1.008,0,-2,1755,1495,0,0
1010,1017.78,0.981,0,-2,1755,1495,0,0
1011,1018.8,1.015,1,-1,1755,1495,0,0
1012,1019.8,1.002,0,-2,1754,1493,-1,-2
1013,1020.78,0.981,0,-2,1754,1492,0,-1
1014,1021.78,0.997,0,-2,1752,1487,-2,-5
1015,1022.77,0.999,0,-1,1751,1486,-1,-1
1016,1023.79,1.018,0,-2,1751,1486,0,0
1017,1024.8,1.005,0,-2,1751,1486,0,0
1018,1025.78,0.981,0,-1,1749,1480,-2,-6
1019,1026.8,1.018,0,-2,1749,1480,0,0
1020,1028.56,1.763,0,-2,1748,1475,-1,-5
1021,1029.35,0.795,0,-1,1748,1474,0,-1
1022,1031.04,1.684,1,-2,1748,1474,0,0
1023,1032.03,0.991,0,-2,1748,1474,0,0
1024,1033.03,1.004,0,-2,1746,1468,-2,-6
1025,1034.02,0.983,0,-1,1746,1466,0,-2
1026,1035.01,0.997,0,-2,1745,1462,-1,-4
1027,1036.01,1.0,0,-2,1745,1462,0,0
1028,1037.01,0.999,0,-1,1745,1462,0,0
1029,1038.01,1.0,1,-2,1745,1459,0,-3
1030,1039.01,1.0,0,-2,1745,1459,0,0
1031,1040.01,1.0,0,-1,1745,1459,0,0
1032,1041.01,1.0,0,-2,1745,1457,0,-2
1033,1042.01,1.0,0,-2,1745,1456,0,-1
1034,1043.01,1.0,0,-2,1745,1448,0,-8
1035,1044.01,1.0,1,-1,1745,1448,0,0
1036,1045.03,1.022,0,-2,1745,1447,0,-1
1037,1046.01,0.981,0,-2,1745,1447,0,0
1038,1047.06,1.042,0,-1,1745,1447,0,0
1039,1048.01,0.958,0,-2,1745,1445,0,-2
1040,1049.03,1.017,1,-2,1745,1441,0,-4
1041,1050.01,0.983,0,-1,1745,1436,0,-5
1042,1051.11,1.096,0,-2,1745,1436,0,0
1043,1052.03,0.917,0,-2,1745,1433,0,-3
1044,1053.02,0.994,1,-1,1745,1433,0,0
1045,1054.01,0.993,0,-2,1745,1433,0,0
1046,1055.01,0.999,0,-2,1745,1432,0,-1
1047,1056.01,0.999,0,-2,1746,1429,1,-3
1048,1057.03,1.021,1,-1,1746,1426,0,-3
1049,1058.02,0.983,0,-2,1746,1424,0,-2
1050,1059.09,1.076,0,-2,1746,1424,0,0
1051,1060.02,0.924,0,-1,1747,1423,1,-1
1052,1061.01,0.996,1,-2,1749,1421,2,-2
1053,1062.03,1.016,0,-2,1749,1420,0,-1
1054,1063.01,0.987,0,-1,1749,1420,0,0
1055,1064.01,0.998,1,-2,1749,1420,0,0
1056,1065.01,1.0,0,-2,1750,1414,1,-6
1057,1066.01,0.999,0,-1,1750,1414,0,0
1058,1067.01,1.0,0,-2,1750,1414,0,0
1059,1068.01,1.001,1,-2,1750,1412,0,-2
1060,1069.16,1.152,0,-1,1750,1411,0,-1
1061,1070.03,0.865,0,-2,1753,1408,3,-3
1062,1071.01,0.984,1,-2,1753,1408,0,0
1063,1072.03,1.018,0,-1,1753,1403,0,-5
1064,1073.01,0.983,0,-2,1753,1403,0,0
1065,1074.01,0.997,1,-2,1753,1403,0,0
1066,1075.01,0.999,0,-1,1755,1402,2,-1
1067,1076.01,1.0,0,-2,1758,1397,3,-5
1068,1077.01,1.0,1,-2,1759,1394,1,-3
1069,1078.03,1.015,0,-1,1759,1394,0,0
1070,1079.01,0.988,1,-2,1761,1393,2,-1
1071,1080.01,0.997,0,-2,1761,1393,0,0
1072,1081.03,1.019,0,-1,1761,1393,0,0
1073,1082.03,1.002,1,-2,1761,1391,0,-2
1074,1083.03,1.0,0,-2,1761,1390,0,-1
1075,1084.03,1.0,1,-1,1764,1385,3,-5
1076,1085.03,0.998,0,-2,1764,1384,0,-1
1077,1086.03,0.997,0,-2,1764,1384,0,0
1078,1087.01,0.987,1,-1,1764,1384,0,0
1079,1088.01,0.998,0,-2,1764,1382,0,-2
1080,1089.03,1.02,1,-2,1764,1382,0,0
1081,1090.01,0.983,0,-1,1764,1382,0,0
1082,1091.01,0.997,0,-2,1764,1382,0,0
1083,1092.01,1.0,1,-2,1764,1382,0,0
1084,1093.01,1.0,0,-1,1764,1382,0,0
1085,1094.01,1.0,1,-2,1765,1381,1,-1
1086,1095.03,1.02,0,-1,1765,1379,0,-2
1087,1096.01,0.982,1,-2,1767,1378,2,-1
1088,1097.01,0.998,0,-2,1767,1378,0,0
1089,1098.01,0.999,1,-1,1767,1376,0,-2
1090,1099.03,1.02,0,-2,1767,1376,0,0
1091,1100.02,0.984,1,-2,1767,1376,0,0
1092,1101.01,0.997,0,-1,1768,1375,1,-1
1093,1102.01,0.998,1,-2,1777,1361,9,-14
1094,1103.11,1.102,0,-2,1779,1358,2,-3
1095,1104.02,0.903,1,-1,1779,1358,0,0
1096,1105.01,0.995,0,-2,1779,1357,0,-1
1097,1106.01,0.999,1,-1,1779,1357,0,0
1098,1107.01,1.0,0,-2,1779,1357,0,0
1099,1108.01,1.0,1,-2,1780,1355,1,-2
1100,1109.01,1.0,0,-1,1780,1355,0,0
1101,1110.01,1.0,1,-2,1780,1355,0,0
1102,1111.03,1.021,0,-2,1780,1354,0,-1
1103,1112.01,0.982,1,-1,1780,1354,0,0
1104,1113.01,0.998,0,-2,1780,1354,0,0
1105,1114.03,1.019,1,-1,1782,1352,2,-2
1106,1115.01,0.983,1,-2,1782,1352,0,0
1107,1116.01,0.998,0,-2,1782,1352,0,0
1108,1117.01,1.0,1,-1,1782,1352,0,0
1109,1118.01,1.0,0,-2,1782,1352,0,0
1110,1119.01,1.0,1,-1,1782,1352,0,0
1111,1120.05,1.035,0,-2,1782,1351,0,-1
1112,1121.02,0.969,1,-2,1786,1346,4,-5
1113,1122.01,0.996,1,-1,1786,1345,0,-1
1114,1123.01,1.0,0,-2,1795,1336,9,-9
1115,1124.03,1.021,1,-1,1795,1334,0,-2
1116,1125.01,0.982,0,-2,1795,1334,0,0
1117,1126.01,0.996,1,-2,1797,1334,2,0
1118,1127.01,1.001,1,-1,1798,1333,1,-1
1119,1128.06,1.05,0,-2,1798,1331,0,-2
1120,1129.02,0.956,1,-1,1798,1331,0,0
1121,1130.01,0.996,1,-2,1798,1331,0,0
1122,1131.01,1.0,0,-1,1800,1331,2,0
1123,1132.06,1.044,1,-2,1800,1331,0,0
1124,1133.02,0.959,0,-2,1800,1331,0,0
1125,1134.01,0.997,1,-1,1801,1330,1,-1
1126,1135.01,0.999,1,-2,1801,1328,0,-2
1127,1136.01,1.0,0,-1,1803,1328,2,0
1128,1137.01,1.0,1,-2,1803,1328,0,0
1129,1138.01,1.0,1,-1,1803,1328,0,0
1130,1139.01,1.0,0,-2,1803,1328,0,0
1131,1140.03,1.022,1,-2,1803,1328,0,0
1132,1141.01,0.981,1,-1,1804,1327,1,-1
1133,1142.01,0.997,1,-2,1804,1325,0,-2
1134,1143.01,1.0,0,-1,1804,1325,0,0
1135,1144.01,1.0,1,-2,1804,1324,0,-1
1136,1145.03,1.021,1,-1,1804,1324,0,0
1137,1146.01,0.983,0,-2,1804,1324,0,0
1138,1147.01,0.997,1,-1,1806,1322,2,-2
1139,1148.01,1.0,1,-2,1806,1322,0,0
1140,1149.03,1.021,1,-2,1806,1322,0,0
1141,1150.01,0.982,0,-1,1806,1322,0,0
1142,1151.01,0.999,1,-2,1806,1321,0,-1
1143,1152.01,0.998,1,-1,1806,1321,0,0
1144,1153.03,1.021,0,-2,1806,1321,0,0
1145,1154.11,1.078,1,-1,1807,1319,1,-2
1146,1155.03,0.916,1,-2,1807,1318,0,-1
1147,1156.01,0.988,1,-1,1807,1318,0,0
1148,1157.03,1.016,1,-2,1807,1316,0,-2
1149,1158.02,0.986,0,-1,1807,1316,0,0
1150,1159.01,0.997,1,-2,1807,1316,0,0
1151,1160.01,0.998,1,-1,1809,1315,2,-1
1152,1161.01,1.002,1,-2,1810,1315,1,0
1153,1162.01,1.001,0,-1,1810,1315,0,0
1154,1163.01,0.997,1,-2,1810,1315,0,0
1155,1164.01,1.001,1,-1,1810,1313,0,-2
1156,1165.01,1.001,1,-2,1810,1313,0,0
1157,1166.01,1.001,1,-1,1810,1313,0,0
1158,1167.01,0.998,0,-2,1812,1312,2,-1
1159,1168.01,1.0,1,-1,1812,1312,0,0
1160,1169.01,1.0,1,-2,1812,1312,0,0
1161,1170.04,1.025,1,-1,1812,1310,0,-2
1162,1171.01,0.977,1,-2,1812,1310,0,0
1163,1172.01,0.999,1,-1,1812,1310,0,0
1164,1173.01,0.998,0,-2,1813,1309,1,-1
1165,1174.01,1.003,1,-1,1813,1309,0,0
1166,1175.01,0.999,1,-2,1813,1309,0,0
1167,1176.01,0.999,1,-1,1813,1309,0,0
1168,1177.01,1.0,1,-2,1813,1309,0,0
1169,1178.01,1.003,1,-1,1813,1309,0,0
1170,1179.01,0.998,1,-2,1815,1307,2,-2
1171,1180.01,0.999,0,-1,1815,1307,0,0
1172,1181.01,1.0,1,-2,1815,1307,0,0
1173,1182.01,1.0,1,-1,1815,1307,0,0
1174,1183.01,1.002,1,-1,1815,1307,0,0
1175,1184.01,0.999,1,-2,1815,1307,0,0
1176,1185.01,0.999,1,-1,1815,1307,0,0
1177,1186.01,1.001,1,-2,1816,1306,1,-1
1178,1187.01,1.0,1,-1,1816,1306,0,0
1179,1188.03,1.019,1,-2,1816,1306,0,0
1180,1189.01,0.983,1,-1,1816,1306,0,0
1181,1190.01,0.996,0,-2,1816,1306,0,0
1182,1191.01,1.0,1,-1,1816,1306,0,0
1183,1192.01,1.0,1,-1,1816,1304,0,-2
1184,1193.01,1.0,1,-2,1816,1304,0,0
1185,1194.01,1.0,1,-1,1816,1304,0,0
1186,1195.03,1.019,1,-2,1816,1304,0,0
1187,1196.02,0.986,1,-1,1816,1304,0,0
1188,1197.02,1.0,1,-2,1816,1304,0,0
1189,1198.01,0.998,1,-1,1818,1303,2,-1
1190,1199.03,1.019,1,-1,1818,1303,0,0
1191,1200.01,0.982,1,-2,1818,1303,0,0
1192,1201.01,0.998,1,-1,1818,1303,0,0
1193,1202.01,0.999,1,-2,1818,1301,0,-2
1194,1203.03,1.016,1,-1,1818,1301,0,0
1195,1204.01,0.987,1,-1,1818,1301,0,0
1196,1205.08,1.067,1,-2,1819,1300,1,-1
1197,1206.03,0.945,1,-1,1819,1300,0,0
1198,1207.01,0.987,1,-2,1819,1300,0,0
1199,1208.01,0.999,1,-1,1819,1300,0,0
1200,1209.08,1.066,1,-1,1819,1300,0,0
1201,1210.01,0.937,1,-2,1819,1300,0,0
1202,1211.01,0.998,1,-1,1821,1298,2,-2
1203,1212.01,0.999,1,-1,1821,1298,0,0
1204,1213.01,1.0,1,-2,1821,1298,0,0
1205,1214.03,1.023,1,-1,1821,1298,0,0
1206,1215.01,0.98,1,-1,1821,1298,0,0
1207,1216.01,0.998,1,-2,1821,1298,0,0
1208,1217.01,0.999,1,-1,1822,1297,1,-1
1209,1218.08,1.067,1,-2,1822,1297,0,0
1210,1219.03,0.954,1,-1,1822,1297,0,0
1211,1220.04,1.005,1,-1,1822,1297,0,0
1212,1221.02,0.979,1,-2,1822,1297,0,0
1213,1222.01,0.997,1,-1,1822,1297,0,0
1214,1223.01,0.999,1,-1,1824,1295,2,-2
1215,1224.03,1.02,1,-2,1824,1295,0,0
1216,1225.01,0.983,1,-1,1824,1295,0,0
1217,1226.01,0.998,1,-1,1824,1295,0,0
1218,1227.01,0.999,2,-2,1824,1295,0,0
1219,1228.03,1.018,1,-1,1824,1294,0,-1
1220,1229.01,0.984,1,-1,1825,1292,1,-2
1221,1230.01,0.998,1,-1,1825,1292,0,0
1222,1231.01,0.999,1,-2,1825,1292,0,0
1223,1232.04,1.026,1,-1,1825,1292,0,0
1224,1233.02,0.983,1,-1,1825,1292,0,0
1225,1234.05,1.029,1,-2,1825,1291,0,-1
1226,1235.03,0.979,1,-1,1827,1289,2,-2
1227,1236.01,0.985,1,-1,1827,1289,0,0
1228,1237.01,0.999,2,-2,1827,1289,0,0
1229,1238.01,1.0,1,-1,1827,1289,0,0
1230,1239.03,1.021,1,-1,1827,1289,0,0
1231,1240.01,0.981,1,-1,1827,1289,0,0
1232,1241.06,1.042,1,-2,1828,1288,1,-1
1233,1242.01,0.959,1,-1,1828,1288,0,0
1234,1243.01,0.997,1,-1,1828,1288,0,0
1235,1244.01,1.0,2,-1,1828,1288,0,0
1236,1245.06,1.043,1,-2,1828,1288,0,0
1237,1246.01,0.958,1,-1,1828,1288,0,0
1238,1247.03,1.018,1,-1,1830,1286,2,-2
1239,1248.02,0.984,1,-1,1830,1286,0,0
1240,1249.01,0.997,1,-2,1830,1286,0,0
1241,1250.01,0.998,2,-1,1830,1286,0,0
1242,1251.03,1.023,1,-1,1830,1286,0,0
1243,1252.01,0.981,1,-1,1830,1286,0,0
1244,1253.06,1.041,1,-2,1831,1285,1,-1
1245,1254.01,0.959,1,-1,1831,1285,0,0
1246,1255.01,0.997,1,-1,1831,1285,0,0
1247,1256.1,1.091,2,-1,1831,1285,0,0
1248,1257.13,1.031,1,-1,1831,1285,0,0
1249,1258.02,0.883,1,-2,1831,1285,0,0
1250,1259.01,0.996,1,-1,1833,1283,2,-2
1251,1260.01,0.999,1,-1,1833,1283,0,0
1252,1261.01,1.002,2,-1,1833,1283,0,0
1253,1262.01,1.001,1,-1,1833,1283,0,0
1254,1263.01,0.998,1,-2,1833,1283,0,0
1255,1264.01,0.999,1,-1,1833,1283,0,0
1256,1265.06,1.05,2,-1,1834,1282,1,-1
1257,1266.03,0.968,1,-1,1834,1282,0,0
1258,1267.01,0.984,1,-1,1834,1282,0,0
1259,1268.01,0.998,1,-1,1834,1282,0,0
1260,1269.01,1.0,2,-2,1834,1282,0,0
1261,1270.05,1.035,1,-1,1834,1282,0,0
1262,1271.01,0.969,1,-1,1836,1280,2,-2
1263,1272.01,0.997,1,-1,1836,1280,0,0
1264,1273.01,0.999,2,-1,1836,1280,0,0
1265,1274.06,1.047,1,-1,1836,1280,0,0
1266,1275.01,0.956,1,-2,1836,1280,0,0
1267,1276.01,0.997,1,-1,1836,1280,0,0
1268,1277.01,1.0,2,-1,1836,1280,0,0
1269,1278.03,1.02,1,-1,1837,1279,1,-1
1270,1279.01,0.982,1,-1,1837,1279,0,0
1271,1280.01,0.998,1,-1,1837,1279,0,0
1272,1281.03,1.018,2,-1,1837,1279,0,0
1273,1282.01,0.983,1,-1,1837,1279,0,0
1274,1283.01,0.998,1,-2,1839,1277,2,-2
1275,1284.01,1.0,2,-1,1839,1277,0,0
1276,1285.01,1.0,1,-1,1839,1277,0,0
1277,1286.01,1.0,1,-1,1839,1277,0,0
1278,1287.01,1.0,2,-1,1839,1277,0,0
1279,1288.01,1.0,1,-1,1839,1277,0,0
1280,1289.01,1.0,1,-1,1840,1276,1,-1
1281,1290.01,1.0,1,-1,1840,1276,0,0
1282,1291.05,1.044,2,-1,1840,1276,0,0
1283,1292.01,0.959,1,-1,1840,1276,0,0
1284,1293.01,0.997,1,-1,1840,1276,0,0
1285,1294.01,1.0,2,-1,1842,1276,2,0
1286,1295.01,1.0,1,-2,1842,1276,0,0
1287,1296.03,1.023,1,-1,1843,1274,1,-2
1288,1297.03,0.999,2,-1,1843,1274,0,0
1289,1298.01,0.982,1,-1,1843,1274,0,0
1290,1299.01,0.997,1,-1,1843,1274,0,0
1291,1300.01,1.0,2,-1,1843,1274,0,0
1292,1301.01,1.0,1,-1,1843,1274,0,0
1293,1302.01,1.0,2,-1,1845,1273,2,-1
1294,1303.01,1.0,1,-1,1845,1273,0,0
1295,1304.02,1.004,1,-1,1845,1273,0,0
1296,1305.01,0.996,2,-1,1845,1273,0,0
1297,1306.1,1.094,1,-1,1845,1273,0,0
1298,1307.04,0.935,1,-1,1845,1273,0,0
1299,1308.01,0.974,2,-1,1846,1271,1,-2
1300,1309.01,0.998,1,-1,1846,1271,0,0
1301,1310.01,1.0,2,-1,1846,1271,0,0
1302,1311.01,0.999,1,-1,1846,1271,0,0
1303,1312.03,1.02,1,-1,1848,1271,2,0
1304,1313.01,0.984,2,-1,1848,1271,0,0
1305,1314.01,0.997,1,-1,1849,1270,1,-1
1306,1315.01,0.999,2,-1,1849,1270,0,0
1307,1316.03,1.021,1,-1,1849,1270,0,0
1308,1317.01,0.982,1,-1,1851,1268,2,-2
1309,1318.01,0.998,2,-1,1851,1268,0,0
1310,1319.01,1.0,1,-1,1851,1268,0,0
1311,1320.03,1.02,2,-1,1852,1267,1,-1
1312,1321.03,1.001,1,-1,1852,1265,0,-2
1313,1322.02,0.984,1,-1,1854,1265,2,0
1314,1323.01,0.997,2,0,1854,1265,0,0
1315,1324.05,1.042,1,-1,1854,1264,0,-1
1316,1325.02,0.961,2,-1,1854,1264,0,0
1317,1326.01,0.998,1,-1,1854,1264,0,0
1318,1327.03,1.019,2,-1,1855,1262,1,-2
1319,1328.03,1.0,1,-1,1855,1261,0,-1
1320,1329.01,0.981,1,-1,1857,1259,2,-2
1321,1330.03,1.018,2,-1,1857,1259,0,0
1322,1331.02,0.984,1,-1,1858,1258,1,-1
1323,1332.03,1.017,2,-1,1858,1258,0,0
1324,1333.01,0.98,1,-1,1858,1258,0,0
1325,1334.01,0.999,2,0,1860,1256,2,-2
1326,1335.01,0.999,1,-1,1861,1255,1,-1
1327,1336.01,1.0,2,-1,1861,1253,0,-2
1328,1337.01,1.0,1,-1,1861,1253,0,0
1329,1338.01,1.001,1,-1,1861,1253,0,0
1330,1339.03,1.021,2,-1,1861,1253,0,0
1331,1340.01,0.983,1,-1,1863,1252,2,-1
1332,1341.01,0.997,2,-1,1863,1250,0,-2
1333,1342.01,0.999,1,0,1864,1249,1,-1
1334,1343.01,1.0,2,-1,1864,1249,0,0
1335,1344.01,1.001,1,-1,1866,1243,2,-6
1336,1345.01,1.0,2,-1,1866,1243,0,0
1337,1346.01,1.001,1,-1,1866,1243,0,0
1338,1347.01,1.0,2,-1,1867,1241,1,-2
1339,1348.01,0.999,1,0,1869,1240,2,-1
1340,1349.03,1.02,2,-1,1872,1231,3,-9
1341,1350.02,0.988,1,-1,1872,1231,0,0
1342,1351.01,0.995,2,-1,1873,1228,1,-3
1343,1352.01,0.998,1,-1,1873,1228,0,0
1344,1353.01,1.003,2,0,1873,1228,0,0
1345,1354.01,1.0,1,-1,1875,1226,2,-2
1346,1355.01,0.999,2,-1,1878,1220,3,-6
1347,1356.01,0.999,1,-1,1879,1213,1,-7
1348,1357.16,1.148,2,-1,1879,1213,0,0
1349,1358.05,0.887,1,0,1881,1211,2,-2
1350,1359.09,1.039,2,-1,1881,1211,0,0
1351,1360.01,0.929,1,-1,1881,1211,0,0
1352,1361.03,1.018,2,-1,1882,1211,1,0
1353,1362.03,0.997,1,0,1884,1205,2,-6
1354,1363.01,0.984,2,-1,1885,1199,1,-6
1355,1364.03,1.017,2,-1,1885,1199,0,0
1356,1365.11,1.076,1,-1,1887,1196,2,-3
1357,1366.02,0.912,2,0,1887,1196,0,0
1358,1367.01,0.995,1,-1,1887,1196,0,0
1359,1368.01,0.999,2,-1,1888,1195,1,-1
1360,1369.01,0.999,1,-1,1890,1192,2,-3
1361,1370.06,1.046,2,0,1893,1178,3,-14
1362,1371.01,0.958,1,-1,1893,1178,0,0
1363,1372.01,0.999,2,-1,1893,1178,0,0
1364,1373.03,1.021,1,0,1893,1175,0,-3
1365,1374.03,0.998,2,-1,1894,1175,1,0
1366,1375.01,0.982,2,-1,1896,1172,2,-3
1367,1376.01,0.998,1,-1,1897,1160,1,-12
1368,1377.01,1.0,2,0,1897,1157,0,-3
1369,1378.01,1.0,1,-1,1897,1157,0,0
1370,1379.01,1.001,2,-1,1897,1157,0,0
1371,1380.01,0.999,1,0,1897,1157,0,0
1372,1381.03,1.022,2,-1,1900,1147,3,-10
1373,1382.01,0.981,1,-1,1900,1144,0,-3
1374,1383.01,0.998,2,0,1900,1144,0,0
1375,1384.01,1.0,2,-1,1900,1144,0,0
1376,1385.01,0.999,1,-1,1903,1141,3,-3
1377,1386.01,1.0,2,0,1903,1141,0,0
1378,1387.01,1.0,1,-1,1903,1141,0,0
1379,1388.01,1.0,2,0,1905,1139,2,-2
1380,1389.03,1.019,2,-1,1905,1136,0,-3
1381,1390.01,0.984,1,-1,1906,1117,1,-19
1382,1391.03,1.018,2,0,1906,1117,0,0
1383,1392.01,0.982,1,-1,1906,1114,0,-3
1384,1393.01,0.997,2,-1,1906,1114,0,0
1385,1394.01,1.0,1,0,1906,1114,0,0
1386,1395.06,1.044,2,-1,1908,1112,2,-2
1387,1396.01,0.959,2,0,1908,1109,0,-3
1388,1397.01,0.997,1,-1,1908,1094,0,-15
1389,1398.01,1.0,2,0,1909,1094,1,0
1390,1399.03,1.02,1,-1,1909,1094,0,0
1391,1400.01,0.982,2,-1,1909,1090,0,-4
1392,1401.01,0.997,2,0,1911,1088,2,-2
1393,1402.01,1.0,1,-1,1911,1085,0,-3
1394,1403.03,1.019,2,0,1911,1073,0,-12
1395,1404.03,1.001,2,-1,1911,1070,0,-3
1396,1405.03,1.0,1,0,1911,1070,0,0
1397,1406.01,0.984,2,-1,1911,1070,0,0
1398,1407.08,1.071,1,0,1912,1055,1,-15
1399,1408.03,0.95,2,-1,1914,1055,2,0
1400,1409.01,0.98,2,0,1914,1052,0,-3
1401,1410.01,0.998,1,-1,1914,1052,0,0
1402,1411.01,1.001,2,-1,1914,1052,0,0
1403,1412.03,1.017,2,0,1914,1051,0,-1
1404,1413.01,0.984,1,-1,1915,1051,1,0
1405,1414.01,0.998,2,0,1915,1051,0,0
1406,1415.01,0.999,1,-1,1917,1051,2,0
1407,1416.05,1.043,2,0,1917,1048,0,-3
1408,1417.01,0.96,2,-1,1914,1030,-3,-18
1409,1418.01,0.998,1,0,1914,1030,0,0
1410,1419.01,1.0,2,0,1915,1024,1,-6
1411,1420.01,1.0,2,-1,1915,1024,0,0
1412,1421.01,1.0,1,0,1915,1024,0,0
1413,1422.03,1.02,2,-1,1917,1024,2,0
1414,1423.01,0.983,1,0,1916,1015,-1,-9
1415,1424.03,1.016,2,-1,1916,1007,0,-8
1416,1425.04,1.007,2,0,1917,1007,1,0
1417,1426.03,0.99,1,-1,1917,1007,0,0
1418,1427.01,0.986,2,0,1917,1004,0,-3
1419,1428.03,1.018,2,0,1918,1004,1,0
1420,1429.01,0.983,1,-1,1917,998,-1,-6
1421,1430.01,0.997,2,0,1916,983,-1,-15
1422,1431.01,1.0,2,-1,1916,983,0,0
1423,1432.01,1.0,1,0,1916,983,0,0
1424,1433.01,1.0,2,-1,1916,982,0,-1
1425,1434.01,1.0,2,0,1916,982,0,0
1426,1435.01,1.0,1,0,1917,982,1,0
1427,1436.03,1.016,2,-1,1917,973,0,-9
1428,1437.03,1.002,2,0,1917,970,0,-3
1429,1438.01,0.985,1,0,1917,970,0,0
1430,1439.01,0.998,2,-1,1917,970,0,0
1431,1440.01,0.999,2,0,1916,962,-1,-8
1432,1441.03,1.019,1,-1,1916,962,0,0
1433,1442.02,0.986,2,0,1917,961,1,-1
1434,1443.03,1.015,2,0,1917,953,0,-8
1435,1444.01,0.983,1,-1,1917,953,0,0
1436,1445.06,1.043,2,0,1918,950,1,-3
1437,1446.01,0.957,2,0,1918,950,0,0
1438,1447.03,1.018,1,-1,1918,950,0,0
1439,1448.01,0.982,2,0,1920,949,2,-1
1440,1449.05,1.039,2,0,1920,940,0,-9
1441,1450.01,0.961,1,-1,1919,929,-1,-11
1442,1451.01,0.997,2,0,1919,929,0,0
1443,1452.01,0.999,2,0,1920,926,1,-3
1444,1453.01,0.998,1,0,1920,926,0,0
1445,1454.01,1.002,2,-1,1920,926,0,0
1446,1455.01,0.999,2,0,1921,926,1,0
1447,1456.03,1.02,1,0,1921,920,0,-6
1448,1457.01,0.983,2,-1,1921,913,0,-7
1449,1458.11,1.096,2,0,1921,913,0,0
1450,1459.02,0.905,1,0,1923,910,2,-3
1451,1460.01,0.996,2,0,1923,910,0,0
1452,1461.01,0.999,2,-1,1923,910,0,0
1453,1462.01,1.0,2,0,1924,910,1,0
1454,1463.01,1.0,1,0,1924,901,0,-9
1455,1464.03,1.02,2,0,1924,895,0,-6
1456,1465.01,0.983,2,-1,1924,895,0,0
1457,1466.01,0.997,1,0,1924,892,0,-3
1458,1467.03,1.02,2,0,1924,892,0,0
1459,1468.01,0.982,2,0,1924,892,0,0
1460,1469.01,0.997,1,0,1926,892,2,0
1461,1470.05,1.041,2,-1,1926,887,0,-5
1462,1471.01,0.962,2,0,1926,877,0,-10
1463,1472.01,0.998,1,0,1926,877,0,0
1464,1473.01,0.999,2,0,1926,877,0,0
1465,1474.01,0.999,2,0,1926,875,0,-2
1466,1475.01,1.001,2,-1,1927,875,1,0
1467,1476.03,1.016,1,0,1927,872,0,-3
1468,1477.03,0.999,2,0,1927,865,0,-7
1469,1478.01,0.986,2,0,1927,865,0,0
1470,1479.01,0.999,1,0,1929,865,2,0
1471,1480.01,0.999,2,0,1929,862,0,-3
1472,1481.01,1.0,2,-1,1929,862,0,0
1473,1482.09,1.083,1,0,1930,860,1,-2
1474,1483.03,0.935,2,0,1930,853,0,-7
1475,1484.01,0.984,2,0,1930,850,0,-3
1476,1485.01,0.998,1,0,1930,850,0,0
1477,1486.01,0.999,2,0,1930,850,0,0
1478,1487.01,1.0,2,0,1930,842,0,-8
1479,1488.01,1.0,2,0,1930,842,0,0
1480,1489.03,1.021,1,-1,1932,842,2,0
1481,1490.01,0.982,2,0,1932,836,0,-6
1482,1491.01,0.997,2,0,1932,835,0,-1
1483,1492.01,1.0,1,0,1933,835,1,0
1484,1493.01,1.0,2,0,1933,835,0,0
1485,1494.01,0.999,2,0,1933,829,0,-6
1486,1495.01,1.0,1,0,1935,829,2,0
1487,1496.01,1.0,2,0,1935,823,0,-6
1488,1497.03,1.021,2,0,1935,821,0,-2
1489,1498.02,0.984,2,0,1935,818,0,-3
1490,1499.03,1.015,1,0,1936,818,1,0
1491,1500.01,0.983,2,0,1936,818,0,0
1492,1501.01,0.999,2,0,1936,812,0,-6
1493,1502.01,0.999,1,0,1938,812,2,0
1494,1503.01,1.0,2,0,1938,809,0,-3
1495,1504.01,1.0,2,0,1938,808,0,-1
1496,1505.03,1.022,2,-1,1938,808,0,0
1497,1506.02,0.983,1,0,1939,808,1,0
1498,1507.02,1.0,2,0,1939,806,0,-2
1499,1508.02,1.0,2,0,1939,806,0,0
1500,1509.11,1.095,1,0,1941,806,2,0
1501,1510.01,0.902,2,0,1941,799,0,-7
1502,1511.04,1.025,2,0,1941,799,0,0
1503,1512.01,0.977,1,1,1941,799,0,0
1504,1513.03,1.018,2,0,1942,796,1,-3
1505,1514.01,0.982,2,0,1942,796,0,0
1506,1515.01,0.997,2,0,1942,796,0,0
1507,1516.01,0.999,1,0,1944,796,2,0
1508,1517.01,1.0,2,0,1944,791,0,-5
1509,1518.01,1.0,2,0,1945,784,1,-7
1510,1519.01,1.0,1,0,1947,784,2,0
1511,1520.01,1.001,2,0,1947,784,0,0
1512,1521.01,0.999,2,0,1947,782,0,-2
1513,1522.01,1.0,2,0,1948,782,1,0
1514,1523.01,1.0,1,0,1948,781,0,-1
1515,1524.03,1.021,2,0,1948,775,0,-6
1516,1525.01,0.982,2,0,1948,775,0,0
1517,1526.01,0.998,1,0,1948,775,0,0
1518,1527.01,0.999,2,0,1950,773,2,-2
1519,1528.05,1.039,2,1,1950,773,0,0
1520,1529.03,0.981,1,0,1951,773,1,0
1521,1530.03,1.0,2,0,1951,770,0,-3
1522,1531.03,0.999,2,0,1951,769,0,-1
1523,1532.03,1.001,2,0,1951,769,0,0
1524,1533.01,0.982,1,0,1951,769,0,0
1525,1534.01,0.998,2,0,1951,766,0,-3
1526,1535.01,0.999,2,0,1951,766,0,0
1527,1536.01,1.0,1,1,1953,766,2,0
1528,1537.03,1.017,2,0,1953,763,0,-3
1529,1538.01,0.987,2,0,1953,761,0,-2
1530,1539.01,0.999,1,0,1953,761,0,0
1531,1540.01,0.999,2,0,1953,761,0,0
1532,1541.03,1.02,2,0,1954,760,1,-1
1533,1542.01,0.98,1,1,1956,760,2,0
1534,1543.01,0.998,2,0,1956,758,0,-2
1535,1544.03,1.019,2,0,1956,757,0,-1
1536,1545.01,0.983,2,0,1956,757,0,0
1537,1546.01,0.998,1,0,1956,757,0,0
1538,1547.03,1.019,2,1,1957,755,1,-2
1539,1548.01,0.983,2,0,1957,755,0,0
1540,1549.01,0.998,1,0,1959,755,2,0
1541,1550.01,1.0,2,0,1959,755,0,0
1542,1551.01,0.999,2,0,1959,755,0,0
1543,1552.01,1.0,1,1,1959,755,0,0
1544,1553.01,0.999,2,0,1959,755,0,0
1545,1554.01,1.0,2,0,1960,755,1,0
1546,1555.01,1.0,1,0,1962,755,2,0
1547,1556.01,1.0,2,1,1962,755,0,0
1548,1557.01,1.0,2,0,1962,755,0,0
1549,1558.01,1.0,2,0,1962,755,0,0
1550,1559.01,1.0,1,0,1962,755,0,0
1551,1560.1,1.084,2,1,1963,755,1,0
1552,1561.03,0.93,2,0,1965,755,2,0
1553,1562.01,0.988,1,0,1965,755,0,0
1554,1563.01,0.998,2,1,1965,755,0,0
1555,1564.01,1.0,2,0,1965,755,0,0
1556,1565.01,1.0,1,0,1965,755,0,0
1557,1566.03,1.019,2,0,1966,755,1,0
1558,1567.02,0.985,2,1,1968,756,2,1
1559,1568.01,0.997,1,0,1968,756,0,0
1560,1569.01,0.999,2,0,1968,756,0,0
1561,1570.06,1.047,2,1,1968,756,0,0
1562,1571.02,0.958,1,0,1968,756,0,0
1563,1572.01,0.998,2,0,1968,756,0,0
1564,1573.01,0.999,2,1,1969,756,1,0
1565,1574.02,1.004,1,0,1969,756,0,0
1566,1575.01,0.997,2,0,1969,756,0,0
1567,1576.01,0.998,2,1,1969,756,0,0
1568,1577.01,1.0,1,0,1969,756,0,0
1569,1578.01,1.001,2,1,1969,756,0,0
1570,1579.03,1.021,2,0,1971,756,2,0
1571,1580.01,0.98,1,0,1971,756,0,0
1572,1581.01,1.0,2,1,1971,756,0,0
1573,1582.01,1.0,2,0,1971,756,0,0
1574,1583.01,1.002,1,0,1971,756,0,0
1575,1584.01,0.998,2,1,1971,756,0,0
1576,1585.01,0.999,2,0,1972,756,1,0
1577,1586.06,1.046,1,1,1972,756,0,0
1578,1587.01,0.957,2,0,1972,756,0,0
1579,1588.01,0.998,2,1,1972,756,0,0
1580,1589.03,1.019,1,0,1972,756,0,0
1581,1590.02,0.984,2,0,1972,756,0,0
1582,1591.04,1.026,2,1,1974,756,2,0
1583,1592.03,0.99,1,0,1974,756,0,0
1584,1593.01,0.984,2,1,1974,756,0,0
1585,1594.01,0.998,1,0,1974,756,0,0
1586,1595.01,0.999,2,1,1974,756,0,0
1587,1596.03,1.02,2,0,1974,756,0,0
1588,1597.08,1.048,1,1,1974,756,0,0
1589,1598.03,0.952,2,0,1975,758,1,2
1590,1599.03,0.999,2,0,1975,758,0,0
1591,1600.03,1.001,1,1,1975,758,0,0
1592,1601.03,0.996,2,0,1975,758,0,0
1593,1602.01,0.987,2,1,1975,758,0,0
1594,1603.03,1.017,1,0,1975,758,0,0
1595,1604.03,0.999,2,1,1977,758,2,0
1596,1605.03,1.002,1,0,1977,758,0,0
1597,1606.03,0.996,2,1,1977,758,0,0
1598,1607.03,1.002,2,1,1977,758,0,0
1599,1608.03,1.0,1,0,1978,758,1,0
1600,1609.03,0.999,2,1,1978,758,0,0
1601,1610.02,0.985,2,0,1980,758,2,0
1602,1611.01,0.997,1,1,1980,758,0,0
1603,1612.18,1.17,2,0,1980,758,0,0
1604,1613.08,0.893,1,1,1980,758,0,0
1605,1614.03,0.953,2,0,1981,758,1,0
1606,1615.02,0.987,2,1,1981,758,0,0
1607,1616.03,1.017,1,0,1983,759,2,1
1608,1617.03,0.997,2,1,1983,759,0,0
1609,1618.01,0.984,1,1,1983,759,0,0
1610,1619.01,0.999,2,0,1983,759,0,0
1611,1620.01,0.999,2,1,1984,759,1,0
1612,1621.01,1.0,1,0,1984,759,0,0
1613,1622.03,1.021,2,1,1986,759,2,0
1614,1623.01,0.982,1,0,1986,759,0,0
1615,1624.01,0.997,2,1,1986,759,0,0
1616,1625.04,1.025,2,1,1986,759,0,0
1617,1626.02,0.98,1,0,1986,759,0,0
1618,1627.01,0.996,2,1,1986,759,0,0
1619,1628.03,1.02,1,1,1987,759,1,0
1620,1629.02,0.984,2,0,1987,759,0,0
1621,1630.04,1.023,2,1,1987,759,0,0
1622,1631.02,0.977,1,0,1987,759,0,0
1623,1632.02,0.999,2,1,1989,759,2,0
1624,1633.02,1.001,1,1,1989,759,0,0
1625,1634.01,0.998,2,0,1990,761,1,2
1626,1635.01,0.999,1,1,1990,761,0,0
1627,1636.06,1.051,2,1,1990,761,0,0
1628,1637.01,0.948,2,0,1990,761,0,0
1629,1638.03,1.015,1,1,1990,761,0,0
1630,1639.01,0.985,2,1,1990,761,0,0
1631,1640.01,1.0,1,0,1992,762,2,1
1632,1641.01,1.003,2,1,1992,762,0,0
1633,1642.01,0.998,1,1,1992,762,0,0
1634,1643.01,0.999,2,1,1992,762,0,0
1635,1644.01,1.0,1,0,1993,762,1,0
1636,1645.09,1.084,2,1,1993,762,0,0
1637,1646.01,0.917,2,1,1995,762,2,0
1638,1647.01,1.001,1,0,1995,762,0,0
1639,1648.01,1.0,2,1,1995,762,0,0
1640,1649.03,1.018,1,1,1995,762,0,0
1641,1650.02,0.988,2,1,1995,762,0,0
1642,1651.01,0.997,1,0,1996,762,1,0
1643,1652.01,0.998,2,1,1998,764,2,2
1644,1653.04,1.023,1,1,1998,764,0,0
1645,1654.03,0.994,2,1,1998,764,0,0
1646,1655.03,1.001,1,0,1998,764,0,0
1647,1656.01,0.983,2,1,1998,764,0,0
1648,1657.01,0.997,1,1,1998,764,0,0
1649,1658.01,0.999,2,1,1999,764,1,0
1650,1659.08,1.068,1,0,1999,764,0,0
1651,1660.01,0.935,2,1,1999,764,0,0
1652,1661.01,0.997,1,1,1999,764,0,0
1653,1662.03,1.02,2,1,1999,764,0,0
1654,1663.01,0.983,1,1,1999,764,0,0
1655,1664.08,1.067,2,0,2001,765,2,1
1656,1665.03,0.945,2,1,2001,765,0,0
1657,1666.02,0.994,1,1,2001,765,0,0
1658,1667.02,0.997,2,1,2001,765,0,0
1659,1668.01,0.996,1,1,2001,765,0,0
1660,1669.03,1.018,1,0,2001,765,0,0
1661,1670.05,1.018,2,1,2002,765,1,0
1662,1671.02,0.969,1,1,2002,765,0,0
1663,1672.03,1.013,2,1,2002,765,0,0
1664,1673.01,0.984,1,1,2002,765,0,0
1665,1674.01,0.999,2,1,2002,765,0,0
1666,1675.02,1.003,1,0,2004,765,2,0
1667,1676.01,0.996,2,1,2005,767,1,2
1668,1677.01,0.999,1,1,2005,767,0,0
1669,1678.02,1.006,2,1,2005,767,0,0
1670,1679.03,1.015,1,1,2005,767,0,0
1671,1680.01,0.982,2,1,2005,767,0,0
1672,1681.03,1.016,1,1,2005,767,0,0
1673,1682.01,0.981,2,1,2007,768,2,1
1674,1683.01,1.0,1,0,2007,768,0,0
1675,1684.01,0.999,2,1,2007,768,0,0
1676,1685.01,1.0,1,1,2007,768,0,0
1677,1686.01,1.0,1,1,2007,768,0,0
1678,1687.01,1.0,2,1,2007,768,0,0
1679,1688.01,1.0,1,1,2008,770,1,2
1680,1689.01,1.0,2,1,2008,770,0,0
1681,1690.01,1.0,1,1,2008,770,0,0
1682,1691.03,1.019,2,1,2008,770,0,0
1683,1692.02,0.988,1,1,2008,770,0,0
1684,1693.01,0.996,1,1,2008,770,0,0
1685,1694.01,0.998,2,0,2010,770,2,0
1686,1695.03,1.02,1,1,2010,770,0,0
1687,1696.01,0.982,2,1,2010,770,0,0
1688,1697.03,1.017,1,1,2010,770,0,0
1689,1698.01,0.983,2,1,2010,770,0,0
1690,1699.04,1.027,1,1,2011,770,1,0
1691,1700.03,0.993,1,1,2013,771,2,1
1692,1701.01,0.981,2,1,2013,771,0,0
1693,1702.01,0.998,1,1,2013,771,0,0
1694,1703.01,0.999,2,1,2013,771,0,0
1695,1704.01,1.0,1,1,2013,771,0,0
1696,1705.03,1.02,1,1,2013,771,0,0
1697,1706.01,0.983,2,1,2014,773,1,2
1698,1707.01,0.997,1,1,2014,773,0,0
1699,1708.05,1.035,2,1,2014,773,0,0
1700,1709.01,0.969,1,1,2014,773,0,0
1701,1710.01,0.997,1,1,2014,773,0,0
1702,1711.01,0.998,2,1,2016,773,2,0
1703,1712.03,1.02,1,1,2017,774,1,1
1704,1713.03,1.0,1,1,2017,774,0,0
1705,1714.02,0.994,2,1,2017,774,0,0
1706,1715.07,1.047,1,1,2017,774,0,0
1707,1716.03,0.961,1,1,2017,774,0,0
1708,1717.01,0.982,2,1,2017,774,0,0
1709,1718.01,0.997,1,1,2019,776,2,2
1710,1719.01,1.0,1,1,2019,776,0,0
1711,1720.03,1.021,2,1,2019,776,0,0
1712,1721.02,0.985,1,1,2019,776,0,0
1713,1722.01,0.996,2,2,2019,776,0,0
1714,1723.01,0.998,1,1,2019,776,0,0
1715,1724.01,1.002,1,1,2020,777,1,1
1716,1725.01,1.001,1,1,2020,777,0,0
1717,1726.01,0.998,2,1,2020,777,0,0
1718,1727.01,0.999,1,1,2020,777,0,0
1719,1728.01,1.002,1,1,2020,777,0,0
1720,1729.03,1.02,2,1,2020,777,0,0
1721,1730.01,0.981,1,1,2022,779,2,2
1722,1731.06,1.042,1,1,2022,779,0,0
1723,1732.05,0.993,2,1,2022,779,0,0
1724,1733.03,0.984,1,1,2022,779,0,0
1725,1734.01,0.982,1,2,2022,779,0,0
1726,1735.01,0.998,2,1,2022,779,0,0
1727,1736.01,0.999,1,1,2023,780,1,1
1728,1737.03,1.019,1,1,2023,780,0,0
1729,1738.02,0.989,1,1,2023,780,0,0
1730,1739.03,1.012,2,1,2023,780,0,0
1731,1740.01,0.984,1,1,2023,780,0,0
1732,1741.03,1.014,1,1,2023,780,0,0
1733,1742.01,0.985,1,2,2025,782,2,2
1734,1743.01,0.998,2,1,2025,782,0,0
1735,1744.01,0.999,1,1,2025,782,0,0
1736,1745.03,1.016,1,1,2025,782,0,0
1737,1746.03,1.004,2,1,2025,782,0,0
1738,1747.03,0.999,1,1,2025,782,0,0
1739,1748.01,0.983,1,2,2025,782,0,0
1740,1749.01,0.997,1,1,2026,783,1,1
1741,1750.01,1.0,1,1,2026,783,0,0
1742,1751.01,1.001,2,1,2026,783,0,0
1743,1752.01,0.999,1,1,2026,783,0,0
1744,1753.01,1.0,1,1,2028,783,2,0
1745,1754.01,1.0,1,2,2028,783,0,0
1746,1755.03,1.02,2,1,2029,785,1,2
1747,1756.02,0.985,1,1,2029,785,0,0
1748,1757.01,0.999,1,1,2029,785,0,0
1749,1758.02,1.002,1,1,2029,785,0,0
1750,1759.01,0.996,1,2,2029,785,0,0
1751,1760.01,0.999,2,1,2029,785,0,0
1752,1761.02,1.004,1,1,2031,786,2,1
1753,1762.03,1.016,1,1,2031,786,0,0
1754,1763.01,0.982,1,1,2031,786,0,0
1755,1764.01,0.998,1,2,2031,786,0,0
1756,1765.12,1.106,2,1,2032,786,1,0
1757,1766.02,0.905,1,1,2032,786,0,0
1758,1767.01,0.989,1,1,2034,788,2,2
1759,1768.01,0.999,1,2,2034,788,0,0
1760,1769.01,1.0,1,1,2034,788,0,0
1761,1770.01,1.0,1,1,2034,788,0,0
1762,1771.01,1.0,2,1,2034,788,0,0
1763,1772.03,1.019,1,2,2034,788,0,0
1764,1773.01,0.985,1,1,2035,789,1,1
1765,1774.01,0.999,1,1,2035,789,0,0
1766,1775.02,1.002,1,1,2035,789,0,0
1767,1776.03,1.015,1,2,2035,789,0,0
1768,1777.03,0.996,1,1,2035,791,0,2
1769,1778.03,1.0,2,1,2035,791,0,0
1770,1779.01,0.986,1,1,2037,792,2,1
1771,1780.01,0.998,1,2,2037,792,0,0
1772,1781.03,1.021,1,1,2037,792,0,0
1773,1782.02,0.985,1,1,2037,792,0,0
1774,1783.04,1.018,1,2,2037,792,0,0
1775,1784.01,0.978,1,1,2037,792,0,0
1776,1785.01,0.998,1,1,2038,794,1,2
1777,1786.01,0.999,1,2,2038,794,0,0
1778,1787.01,1.001,2,1,2038,794,0,0
1779,1788.01,1.002,1,1,2038,794,0,0
1780,1789.01,0.997,1,1,2038,794,0,0
1781,1790.01,0.999,1,2,2038,795,0,1
1782,1791.01,1.002,1,1,2040,797,2,2
1783,1792.03,1.019,1,1,2040,797,0,0
1784,1793.01,0.981,1,2,2040,797,0,0
1785,1794.01,0.997,1,1,2040,797,0,0
1786,1795.01,0.999,1,1,2040,797,0,0
1787,1796.01,1.0,1,2,2040,798,0,1
1788,1797.03,1.019,1,1,2041,800,1,2
1789,1798.01,0.984,1,1,2041,800,0,0
1790,1799.01,0.998,1,2,2041,800,0,0
1791,1800.01,0.999,1,1,2041,800,0,0
1792,1801.01,1.0,1,2,2041,800,0,0
1793,1802.01,1.0,1,1,2041,800,0,0
1794,1803.01,1.0,1,1,2043,801,2,1
1795,1804.01,1.0,1,2,2043,801,0,0
1796,1805.01,1.0,2,1,2043,801,0,0
1797,1806.01,1.0,1,1,2043,801,0,0
1798,1807.01,1.0,1,2,2043,801,0,0
1799,1808.03,1.02,1,1,2043,801,0,0
1800,1809.07,1.043,1,1,2044,803,1,2
1801,1810.01,0.941,1,2,2044,803,0,0
1802,1811.01,0.997,1,1,2044,803,0,0
1803,1812.01,0.999,1,2,2044,803,0,0
1804,1813.01,1.0,0,1,2044,803,0,0
1805,1814.01,1.0,1,1,2044,804,0,1
1806,1815.01,1.0,1,2,2046,806,2,2
1807,1816.08,1.066,1,1,2046,806,0,0
1808,1817.03,0.949,1,2,2046,806,0,0
1809,1818.01,0.987,1,1,2046,806,0,0
1810,1819.01,0.998,1,1,2046,806,0,0
1811,1820.01,0.999,1,2,2046,807,0,1
1812,1821.01,1.0,1,1,2047,809,1,2
1813,1822.03,1.02,1,2,2047,809,0,0
1814,1823.03,1.002,1,1,2047,809,0,0
1815,1824.01,0.982,1,2,2047,809,0,0
1816,1825.01,0.997,1,1,2047,809,0,0
1817,1826.01,1.0,1,1,2047,809,0,0
1818,1827.01,1.0,1,2,2049,810,2,1
1819,1828.01,0.999,1,1,2049,810,0,0
1820,1829.01,1.0,1,2,2049,810,0,0
1821,1830.01,1.0,1,1,2049,810,0,0
1822,1831.03,1.023,0,2,2049,810,0,0
1823,1832.01,0.981,1,1,2049,812,0,2
1824,1833.01,0.999,1,2,2049,812,0,0
1825,1834.03,1.019,1,1,2050,813,1,1
1826,1835.01,0.98,1,1,2050,813,0,0
1827,1836.01,0.999,1,2,2050,813,0,0
1828,1837.01,1.0,1,1,2050,813,0,0
1829,1838.01,1.0,1,2,2050,813,0,0
1830,1839.03,1.019,0,1,2050,813,0,0
1831,1840.01,0.984,1,2,2052,815,2,2
1832,1841.01,0.998,1,1,2052,815,0,0
1833,1842.01,1.0,1,2,2052,815,0,0
1834,1843.01,1.0,1,1,2052,815,0,0
1835,1844.01,1.0,1,2,2052,815,0,0
1836,1845.01,0.999,1,1,2052,815,0,0
1837,1846.01,1.0,0,2,2053,816,1,1
1838,1847.01,1.0,1,1,2053,816,0,0
1839,1848.01,1.0,1,2,2053,816,0,0
1840,1849.01,1.001,1,1,2053,816,0,0
1841,1850.01,0.999,1,2,2053,818,0,2
1842,1851.01,1.001,0,1,2053,818,0,0
1843,1852.01,0.999,1,2,2055,819,2,1
1844,1853.01,1.0,1,1,2055,819,0,0
1845,1854.01,1.0,1,2,2055,819,0,0
1846,1855.03,1.023,1,1,2055,819,0,0
1847,1856.02,0.983,0,2,2055,821,0,2
1848,1857.03,1.009,1,1,2055,821,0,0
1849,1858.02,0.998,1,2,2055,822,0,1
1850,1859.01,0.989,1,1,2055,822,0,0
1851,1860.01,0.999,1,2,2055,822,0,0
1852,1861.01,1.0,0,1,2055,822,0,0
1853,1862.01,1.003,1,2,2055,822,0,0
1854,1863.01,0.998,1,1,2055,822,0,0
1855,1864.01,1.001,1,2,2056,824,1,2
1856,1865.01,0.998,0,1,2056,824,0,0
1857,1866.07,1.059,1,2,2056,824,0,0
1858,1867.03,0.954,1,1,2056,824,0,0
1859,1868.04,1.01,1,2,2056,824,0,0
1860,1869.02,0.983,0,2,2056,824,0,0
1861,1870.02,0.999,1,1,2058,825,2,1
1862,1871.01,0.996,1,2,2058,825,0,0
1863,1872.01,0.998,0,1,2058,825,0,0
1864,1873.01,0.999,1,2,2058,825,0,0
1865,1874.01,1.001,1,1,2058,825,0,0
1866,1875.01,1.0,0,2,2058,825,0,0
1867,1876.01,0.998,1,1,2058,827,0,2
1868,1877.01,1.0,1,2,2058,827,0,0
1869,1878.01,1.0,1,2,2058,827,0,0
1870,1879.01,1.001,0,1,2058,827,0,0
1871,1880.01,0.998,1,2,2058,828,0,1
1872,1881.01,1.001,1,1,2058,828,0,0
1873,1882.02,1.003,0,2,2059,830,1,2
1874,1883.01,0.997,1,1,2059,830,0,0
1875,1884.03,1.018,1,2,2059,830,0,0
1876,1885.01,0.982,0,2,2059,830,0,0
1877,1886.03,1.02,1,1,2059,830,0,0
1878,1887.01,0.981,0,2,2059,831,0,1
1879,1888.01,0.998,1,1,2061,833,2,2
1880,1889.01,1.0,1,2,2061,833,0,0
1881,1890.01,0.998,0,1,2061,833,0,0
1882,1891.01,1.001,1,2,2061,833,0,0
1883,1892.01,1.001,1,2,2061,833,0,0
1884,1893.01,1.0,0,1,2061,833,0,0
1885,1894.01,1.0,1,2,2062,834,1,1
1886,1895.01,1.0,0,1,2062,834,0,0
1887,1896.01,1.0,1,2,2062,834,0,0
1888,1897.01,1.0,0,2,2062,834,0,0
1889,1898.01,1.0,1,1,2062,834,0,0
1890,1899.01,0.999,1,2,2062,836,0,2
1891,1900.01,1.0,0,1,2064,837,2,1
1892,1901.01,1.0,1,2,2064,837,0,0
1893,1902.05,1.043,0,2,2064,837,0,0
1894,1903.03,0.977,1,1,2064,837,0,0
1895,1904.01,0.984,0,2,2064,837,0,0
1896,1905.01,0.998,1,1,2064,837,0,0
1897,1906.03,1.019,1,2,2064,839,0,2
1898,1907.01,0.983,0,2,2064,839,0,0
1899,1908.01,0.997,1,1,2064,839,0,0
1900,1909.01,1.0,0,2,2064,839,0,0
1901,1910.01,1.0,1,2,2064,839,0,0
1902,1911.01,1.0,0,1,2064,840,0,1
1903,1912.01,1.0,1,2,2065,842,1,2
1904,1913.01,1.001,0,1,2065,842,0,0
1905,1914.01,1.0,1,2,2065,842,0,0
1906,1915.01,0.999,0,2,2065,842,0,0
1907,1916.01,1.001,1,1,2065,842,0,0
1908,1917.06,1.045,0,2,2065,843,0,1
1909,1918.06,1.002,1,2,2065,845,0,2
1910,1919.03,0.967,0,1,2065,845,0,0
1911,1920.01,0.987,1,2,2065,845,0,0
1912,1921.01,0.999,0,2,2065,845,0,0
1913,1922.03,1.019,0,1,2065,845,0,0
1914,1923.01,0.985,1,2,2065,845,0,0
1915,1924.01,0.999,0,1,2065,846,0,1
1916,1925.01,1.001,1,2,2065,846,0,0
1917,1926.01,0.997,0,2,2065,846,0,0
1918,1927.01,0.999,1,1,2065,846,0,0
1919,1928.01,1.001,0,2,2065,846,0,0
1920,1929.01,1.003,1,2,2065,846,0,0
1921,1930.01,0.998,0,1,2065,848,0,2
1922,1931.01,0.999,0,2,2065,848,0,0
1923,1932.04,1.032,1,2,2065,848,0,0
1924,1933.03,0.988,0,1,2065,848,0,0
1925,1934.04,1.005,1,2,2065,848,0,0
1926,1935.03,0.992,0,2,2065,849,0,1
1927,1936.01,0.984,0,1,2067,851,2,2
1928,1937.01,0.998,1,2,2067,851,0,0
1929,1938.01,1.0,0,2,2067,851,0,0
1930,1939.01,1.0,0,1,2067,851,0,0
1931,1940.01,1.0,1,2,2067,851,0,0
1932,1941.01,1.0,0,2,2067,852,0,1
1933,1942.01,1.0,1,1,2067,854,0,2
1934,1943.01,1.0,0,2,2067,854,0,0
1935,1944.01,1.0,0,2,2067,854,0,0
1936,1945.01,0.999,1,1,2067,854,0,0
1937,1946.01,1.0,0,2,2067,854,0,0
1938,1947.03,1.02,0,2,2067,855,0,1
1939,1948.01,0.984,1,1,2068,857,1,2
1940,1949.03,1.016,0,2,2068,857,0,0
1941,1950.02,0.989,0,2,2068,857,0,0
1942,1951.01,0.994,0,1,2068,857,0,0
1943,1952.01,0.999,1,2,2068,857,0,0
1944,1953.01,1.001,0,2,2068,858,0,1
1945,1954.01,1.001,0,1,2068,860,0,2
1946,1955.01,0.997,1,2,2068,860,0,0
1947,1956.05,1.041,0,2,2068,860,0,0
1948,1957.01,0.961,0,1,2068,860,0,0
1949,1958.01,0.998,0,2,2068,860,0,0
1950,1959.07,1.061,1,2,2068,861,0,1
1951,1960.01,0.942,0,1,2068,863,0,2
1952,1961.01,0.997,0,2,2068,863,0,0
1953,1962.01,0.999,0,2,2068,863,0,0
1954,1963.01,1.0,1,2,2068,863,0,0
1955,1964.05,1.041,0,1,2068,863,0,0
1956,1965.07,1.013,0,2,2068,864,0,1
1957,1966.02,0.952,0,2,2068,864,0,0
1958,1967.02,0.998,1,1,2070,866,2,2
1959,1968.06,1.046,0,2,2070,866,0,0
1960,1969.05,0.988,0,2,2070,866,0,0
1961,1970.03,0.98,0,1,2070,866,0,0
1962,1971.02,0.986,0,2,2070,867,0,1
1963,1972.01,0.996,1,2,2070,867,0,0
1964,1973.01,0.999,0,1,2070,869,0,2
1965,1974.01,1.0,0,2,2070,869,0,0
1966,1975.01,1.0,0,2,2070,869,0,0
1967,1976.01,1.0,0,2,2070,869,0,0
1968,1977.01,1.0,1,1,2070,869,0,0
1969,1978.01,1.0,0,2,2070,869,0,0
1970,1979.01,1.0,0,2,2071,870,1,1
1971,1980.03,1.021,0,1,2071,870,0,0
1972,1981.01,0.982,0,2,2071,870,0,0
1973,1982.01,0.997,0,2,2071,870,0,0
1974,1983.01,0.999,0,1,2071,870,0,0
1975,1984.01,1.0,1,2,2071,870,0,0
1976,1985.03,1.019,0,2,2071,872,0,2
1977,1986.03,0.997,0,2,2071,872,0,0
1978,1987.01,0.985,0,1,2071,872,0,0
1979,1988.01,1.0,0,2,2071,872,0,0
1980,1989.03,1.019,0,2,2071,873,0,1
1981,1990.02,0.984,0,1,2071,873,0,0
1982,1991.02,1.001,0,2,2071,875,0,2
1983,1992.01,0.996,0,2,2071,875,0,0
1984,1993.01,1.0,1,1,2071,875,0,0
1985,1994.01,1.0,0,2,2071,875,0,0
1986,1995.03,1.02,0,2,2071,876,0,1
1987,1996.01,0.982,0,2,2071,876,0,0
1988,1997.03,1.016,0,1,2071,878,0,2
1989,1998.02,0.985,0,2,2071,878,0,0
1990,1999.01,0.999,0,2,2071,878,0,0
1991,2000.01,0.998,0,1,2071,878,0,0
1992,2001.01,1.0,0,2,2071,879,0,1
1993,2002.01,0.999,0,2,2071,879,0,0
1994,2003.01,1.0,0,1,2071,881,0,2
1995,2004.01,1.0,0,2,2071,881,0,0
1996,2005.01,1.0,0,2,2071,881,0,0
1997,2006.01,1.001,0,2,2071,881,0,0
1998,2007.07,1.06,0,1,2071,881,0,0
1999,2008.01,0.939,0,2,2071,881,0,0
2000,2009.01,0.999,0,2,2071,882,0,1
2001,2010.08,1.066,0,1,2071,882,0,0
2002,2011.02,0.938,0,2,2071,882,0,0
2003,2012.01,0.999,0,2,2071,882,0,0
2004,2013.01,0.997,0,1,2071,882,0,0
2005,2014.01,0.999,0,2,2071,882,0,0
2006,2015.01,1.0,0,2,2071,884,0,2
2007,2016.01,1.001,0,2,2071,884,0,0
2008,2017.01,1.0,0,1,2071,884,0,0
2009,2018.06,1.047,0,2,2071,884,0,0
2010,2019.03,0.967,0,2,2071,885,0,1
2011,2020.04,1.019,0,1,2071,885,0,0
2012,2021.03,0.981,0,2,2071,887,0,2
2013,2022.01,0.988,0,2,2071,887,0,0
2014,2023.01,0.998,0,2,2071,887,0,0
2015,2024.01,1.003,-1,1,2071,887,0,0
2016,2025.1,1.091,0,2,2071,888,0,1
2017,2026.03,0.925,0,2,2071,888,0,0
2018,2027.01,0.984,0,1,2071,890,0,2
2019,2028.01,0.997,0,2,2071,890,0,0
2020,2029.01,1.0,0,2,2071,890,0,0
2021,2030.01,1.0,0,1,2071,890,0,0
2022,2031.03,1.022,0,2,2071,891,0,1
2023,2032.01,0.981,0,2,2071,891,0,0
2024,2033.01,0.998,-1,2,2071,893,0,2
2025,2034.01,1.0,0,1,2071,893,0,0
2026,2035.01,1.0,0,2,2071,893,0,0
2027,2036.01,1.002,0,2,2071,893,0,0
2028,2037.03,1.019,0,1,2071,893,0,0
2029,2038.03,0.997,0,2,2071,893,0,0
2030,2039.03,1.0,0,2,2071,894,0,1
2031,2040.02,0.986,-1,1,2071,894,0,0
2032,2041.06,1.041,0,2,2071,894,0,0
2033,2042.01,0.958,0,2,2071,894,0,0
2034,2043.01,0.997,0,2,2071,896,0,2
2035,2044.01,1.0,0,1,2071,896,0,0
2036,2045.01,1.0,-1,2,2070,897,-1,1
2037,2046.01,1.0,0,2,2070,897,0,0
2038,2047.03,1.019,0,1,2070,897,0,0
2039,2048.01,0.983,0,2,2070,897,0,0
2040,2049.01,0.997,0,2,2070,899,0,2
2041,2050.01,1.0,-1,1,2070,899,0,0
2042,2051.01,1.0,0,2,2070,900,0,1
2043,2052.01,1.0,0,2,2070,900,0,0
2044,2053.01,1.0,0,1,2070,900,0,0
2045,2054.01,1.0,-1,2,2070,900,0,0
2046,2055.01,1.0,0,2,2070,902,0,2
2047,2056.01,1.0,0,1,2070,902,0,0
2048,2057.03,1.018,0,2,2070,903,0,1
2049,2058.01,0.985,-1,2,2070,903,0,0
2050,2059.01,0.998,0,2,2070,903,0,0
2051,2060.01,0.999,0,1,2070,903,0,0
2052,2061.01,1.0,0,2,2070,905,0,2
2053,2062.01,1.0,-1,2,2070,905,0,0
2054,2063.01,1.0,0,1,2070,906,0,1
2055,2064.01,1.0,0,2,2070,906,0,0
2056,2065.01,1.0,-1,2,2070,906,0,0
2057,2066.01,0.999,0,1,2070,906,0,0
2058,2067.01,1.0,0,2,2070,908,0,2
2059,2068.06,1.047,0,2,2070,908,0,0
2060,2069.05,0.99,-1,1,2069,909,-1,1
2061,2070.03,0.984,0,2,2069,909,0,0
2062,2071.01,0.982,0,2,2069,909,0,0
2063,2072.05,1.039,-1,1,2069,909,0,0
2064,2073.01,0.96,0,2,2069,911,0,2
2065,2074.01,0.996,0,2,2069,911,0,0
2066,2075.01,1.001,-1,1,2069,912,0,1
2067,2076.01,1.001,0,2,2069,912,0,0
2068,2077.01,0.999,-1,2,2069,912,0,0
2069,2078.01,0.999,0,1,2069,912,0,0
2070,2079.01,1.0,0,2,2069,914,0,2
2071,2080.01,1.0,-1,2,2069,914,0,0
2072,2081.03,1.02,0,1,2069,915,0,1
2073,2082.01,0.984,0,2,2069,915,0,0
2074,2083.01,0.997,-1,2,2069,915,0,0
2075,2084.01,1.0,0,1,2069,915,0,0
2076,2085.01,1.0,-1,2,2069,917,0,2
2077,2086.01,0.999,0,2,2069,917,0,0
2078,2087.01,1.0,0,1,2069,918,0,1
2079,2088.05,1.036,-1,2,2069,918,0,0
2080,2089.03,0.985,0,2,2069,918,0,0
2081,2090.01,0.983,-1,1,2069,918,0,0
2082,2091.01,0.997,0,2,2069,920,0,2
2083,2092.01,1.0,-1,1,2069,920,0,0
2084,2093.01,1.0,0,2,2069,921,0,1
2085,2094.01,1.0,-1,2,2069,921,0,0
2086,2095.01,0.999,0,1,2069,921,0,0
2087,2096.01,1.001,0,2,2069,921,0,0
2088,2097.01,1.0,-1,2,2069,921,0,0
2089,2098.01,1.0,0,1,2069,923,0,2
2090,2099.01,1.0,-1,2,2067,924,-2,1
2091,2100.01,1.0,0,2,2067,924,0,0
2092,2101.01,1.0,-1,1,2067,924,0,0
2093,2102.01,1.001,0,2,2067,924,0,0
2094,2103.03,1.019,-1,1,2067,924,0,0
2095,2104.02,0.985,0,2,2067,926,0,2
2096,2105.01,0.997,-1,2,2066,927,-1,1
2097,2106.01,0.999,0,1,2066,927,0,0
2098,2107.01,1.0,-1,2,2066,927,0,0
2099,2108.01,1.003,0,2,2066,927,0,0
2100,2109.07,1.053,-1,1,2066,927,0,0
2101,2110.01,0.947,0,2,2066,929,0,2
2102,2111.01,0.997,-1,1,2066,930,0,1
2103,2112.01,1.0,-1,2,2066,930,0,0
2104,2113.01,0.999,0,2,2066,930,0,0
2105,2114.03,1.02,-1,1,2066,930,0,0
2106,2115.01,0.983,0,2,2066,930,0,0
2107,2116.01,0.997,-1,2,2066,930,0,0
2108,2117.01,1.0,0,1,2066,932,0,2
2109,2118.01,1.0,-1,2,2066,932,0,0
2110,2119.07,1.062,-1,1,2066,932,0,0
2111,2120.05,0.973,0,2,2066,932,0,0
2112,2121.04,0.99,-1,2,2066,932,0,0
2113,2122.04,1.007,0,1,2066,933,0,1
2114,2123.01,0.971,-1,2,2064,935,-2,2
2115,2124.01,0.997,0,1,2064,935,0,0
2116,2125.01,1.0,-1,2,2064,935,0,0
2117,2126.01,0.999,-1,2,2064,935,0,0
2118,2127.01,1.0,0,1,2064,935,0,0
2119,2128.01,1.0,-1,2,2064,936,0,1
2120,2129.01,1.0,-1,1,2063,938,-1,2
2121,2130.01,1.001,0,2,2063,938,0,0
2122,2131.03,1.022,-1,1,2063,938,0,0
2123,2132.01,0.981,0,2,2063,938,0,0
2124,2133.03,1.018,-1,2,2063,938,0,0
2125,2134.01,0.982,-1,1,2063,938,0,0
2126,2135.03,1.015,0,2,2063,939,0,1
2127,2136.01,0.984,-1,1,2063,939,0,0
2128,2137.01,0.997,-1,2,2063,939,0,0
2129,2138.01,1.001,0,1,2063,939,0,0
2130,2139.01,0.999,-1,2,2063,939,0,0
2131,2140.03,1.019,-1,2,2063,941,0,2
2132,2141.01,0.981,-1,1,2063,942,0,1
2133,2142.01,1.0,0,2,2063,942,0,0
2134,2143.01,1.0,-1,1,2063,942,0,0
2135,2144.01,1.0,-1,2,2063,942,0,0
2136,2145.01,1.0,0,1,2063,942,0,0
2137,2146.01,1.0,-1,2,2063,942,0,0
2138,2147.01,1.0,-1,1,2061,944,-2,2
2139,2148.01,1.0,0,2,2061,944,0,0
2140,2149.01,1.0,-1,1,2061,944,0,0
2141,2150.04,1.034,-1,2,2061,944,0,0
2142,2151.03,0.985,-1,2,2061,944,0,0
2143,2152.02,0.985,0,1,2061,945,0,1
2144,2153.01,0.997,-1,2,2061,947,0,2
2145,2154.01,0.998,-1,1,2061,947,0,0
2146,2155.03,1.02,-1,2,2061,947,0,0
2147,2156.01,0.984,0,1,2061,947,0,0
2148,2157.01,0.998,-1,2,2061,947,0,0
2149,2158.01,1.003,-1,1,2061,948,0,1
2150,2159.01,0.997,-1,2,2061,950,0,2
2151,2160.01,0.999,-1,1,2061,950,0,0
2152,2161.01,1.001,0,2,2061,950,0,0
2153,2162.01,1.0,-1,1,2061,950,0,0
2154,2163.01,1.001,-1,2,2061,950,0,0
2155,2164.01,1.0,-1,1,2061,950,0,0
2156,2165.03,1.02,-1,2,2060,951,-1,1
2157,2166.01,0.982,0,1,2060,951,0,0
2158,2167.01,0.997,-1,2,2060,951,0,0
2159,2168.01,1.0,-1,1,2060,951,0,0
2160,2169.01,1.002,-1,2,2060,951,0,0
2161,2170.07,1.054,-1,1,2060,951,0,0
2162,2171.03,0.959,0,2,2058,953,-2,2
2163,2172.03,1.004,-1,1,2058,953,0,0
2164,2173.02,0.986,-1,2,2058,953,0,0
2165,2174.01,0.999,-1,1,2058,953,0,0
2166,2175.01,0.998,-1,2,2058,953,0,0
2167,2176.01,0.999,-1,1,2058,953,0,0
2168,2177.01,1.0,-1,2,2058,954,0,1
2169,2178.01,1.001,0,1,2058,954,0,0
2170,2179.01,1.0,-1,2,2058,954,0,0
2171,2180.09,1.076,-1,1,2058,954,0,0
2172,2181.03,0.941,-1,2,2058,954,0,0
2173,2182.01,0.985,-1,1,2058,954,0,0
2174,2183.01,0.997,-1,1,2057,956,-1,2
2175,2184.01,1.0,-1,2,2057,956,0,0
2176,2185.01,1.0,-1,1,2057,956,0,0
2177,2186.01,1.0,0,2,2057,956,0,0
2178,2187.01,0.999,-1,1,2057,956,0,0
2179,2188.01,1.001,-1,2,2057,956,0,0
2180,2189.01,1.001,-1,1,2057,957,0,1
2181,2190.01,1.0,-1,2,2057,957,0,0
2182,2191.01,1.001,-1,1,2057,957,0,0
2183,2192.04,1.023,-1,1,2057,957,0,0
2184,2193.03,0.992,-1,2,2057,957,0,0
2185,2194.01,0.986,-1,1,2057,959,0,2
2186,2195.01,0.999,-1,2,2057,959,0,0
2187,2196.01,0.999,-1,1,2055,960,-2,1
2188,2197.03,1.02,-1,1,2055,960,0,0
2189,2198.01,0.982,-1,2,2055,960,0,0
2190,2199.01,0.998,-1,1,2055,960,0,0
2191,2200.01,0.999,-1,2,2055,962,0,2
2192,2201.01,1.0,-1,1,2055,962,0,0
2193,2202.01,0.999,-1,2,2054,963,-1,1
2194,2203.01,1.0,-1,1,2054,963,0,0
2195,2204.01,1.001,0,1,2054,963,0,0
2196,2205.03,1.02,-1,2,2054,963,0,0
2197,2206.01,0.982,-1,1,2054,963,0,0
2198,2207.01,0.998,-1,1,2054,963,0,0
2199,2208.01,0.999,-1,2,2052,965,-2,2
2200,2209.01,1.0,-1,1,2052,965,0,0
2201,2210.01,1.0,-1,2,2052,965,0,0
2202,2211.01,1.0,-1,1,2052,965,0,0
2203,2212.01,1.0,-2,1,2052,966,0,1
2204,2213.03,1.02,-1,2,2052,966,0,0
2205,2214.03,1.0,-1,1,2051,968,-1,2
2206,2215.01,0.983,-1,1,2051,968,0,0
2207,2216.01,0.998,-1,2,2051,968,0,0
2208,2217.01,1.0,-1,1,2051,968,0,0
2209,2218.01,1.0,-1,1,2051,968,0,0
2210,2219.01,1.0,-1,2,2051,968,0,0
2211,2220.01,1.0,-1,1,2049,969,-2,1
2212,2221.01,1.001,-1,2,2049,969,0,0
2213,2222.01,0.999,-1,1,2049,969,0,0
2214,2223.07,1.06,-1,1,2049,969,0,0
2215,2224.02,0.951,-1,1,2049,969,0,0
2216,2225.01,0.99,-1,2,2049,969,0,0
2217,2226.01,0.998,-1,1,2048,971,-1,2
2218,2227.01,1.0,-1,1,2048,971,0,0
2219,2228.03,1.016,-1,2,2048,971,0,0
2220,2229.01,0.987,-1,1,2048,971,0,0
2221,2230.01,0.996,-2,1,2048,972,0,1
2222,2231.01,1.001,-1,2,2048,972,0,0
2223,2232.01,0.999,-1,1,2046,974,-2,2
2224,2233.01,1.0,-1,1,2046,974,0,0
2225,2234.01,1.0,-1,2,2046,974,0,0
2226,2235.01,1.001,-1,1,2046,974,0,0
2227,2236.01,0.998,-1,1,2046,974,0,0
2228,2237.01,1.001,-1,1,2046,974,0,0
2229,2238.01,1.0,-1,2,2045,975,-1,1
2230,2239.03,1.021,-2,1,2045,975,0,0
2231,2240.02,0.984,-1,1,2045,975,0,0
2232,2241.02,1.0,-1,2,2045,975,0,0
2233,2242.01,0.998,-1,1,2045,975,0,0
2234,2243.04,1.031,-1,1,2045,975,0,0
2235,2244.03,0.984,-1,1,2043,977,-2,2
2236,2245.01,0.984,-1,2,2042,977,-1,0
2237,2246.01,0.999,-2,1,2042,977,0,0
2238,2247.03,1.02,-1,1,2042,977,0,0
2239,2248.01,0.983,-1,1,2039,977,-3,0
2240,2249.01,0.998,-1,2,2039,977,0,0
2241,2250.01,0.999,-1,1,2037,978,-2,1
2242,2251.01,1.0,-1,1,2036,978,-1,0
2243,2252.01,1.0,-2,1,2034,978,-2,0
2244,2253.01,0.999,-1,2,2034,978,0,0
2245,2254.01,1.001,-1,1,2034,978,0,0
2246,2255.03,1.019,-1,1,2034,978,0,0
2247,2256.01,0.984,-1,1,2033,978,-1,0
2248,2257.01,0.998,-2,1,2031,980,-2,2
2249,2258.08,1.073,-1,2,2031,979,0,-1
2250,2259.08,1.0,-1,1,2028,979,-3,0
2251,2260.01,0.929,-1,1,2028,979,0,0
2252,2261.01,0.997,-1,1,2028,979,0,0
2253,2262.01,0.999,-2,1,2027,979,-1,0
2254,2263.01,1.0,-1,2,2027,979,0,0
2255,2264.01,0.999,-1,1,2025,980,-2,1
2256,2265.01,1.001,-1,1,2024,980,-1,0
2257,2266.01,1.0,-2,1,2022,980,-2,0
2258,2267.01,1.0,-1,1,2022,981,0,1
2259,2268.01,1.001,-1,1,2022,981,0,0
2260,2269.01,0.999,-1,2,2021,981,-1,0
2261,2270.01,1.0,-1,1,2019,983,-2,2
2262,2271.01,1.0,-2,1,2016,982,-3,-1
2263,2272.01,1.0,-1,1,2016,982,0,0
2264,2273.01,1.0,-1,1,2015,982,-1,0
2265,2274.01,1.002,-2,1,2015,982,0,0
2266,2275.16,1.146,-1,2,2015,982,0,0
2267,2276.03,0.874,-1,1,2010,980,-5,-2
2268,2277.01,0.982,-1,1,2009,981,-1,1
2269,2278.01,0.997,-2,1,2004,981,-5,0
2270,2279.06,1.044,-1,1,2003,981,-1,0
2271,2280.02,0.96,-1,1,2003,981,0,0
2272,2281.03,1.018,-1,1,2003,981,0,0
2273,2282.01,0.981,-2,1,2001,981,-2,0
2274,2283.01,0.997,-1,1,2001,981,0,0
2275,2284.01,1.0,-1,2,2000,983,-1,2
2276,2285.01,1.001,-2,1,1994,982,-6,-1
2277,2286.01,0.999,-1,1,1992,980,-2,-2
2278,2287.01,0.999,-1,1,1992,980,0,0
2279,2288.01,1.0,-2,1,1991,980,-1,0
2280,2289.03,1.02,-1,1,1983,980,-8,0
2281,2290.01,0.984,-1,1,1983,980,0,0
2282,2291.02,1.002,-2,1,1982,981,-1,1
2283,2292.01,0.996,-1,1,1977,980,-5,-1
2284,2293.01,0.999,-1,1,1976,980,-1,0
2285,2294.03,1.016,-1,1,1976,980,0,0
2286,2295.01,0.985,-2,1,1976,980,0,0
2287,2296.01,0.998,-1,2,1968,979,-8,-1
2288,2297.01,1.001,-2,1,1967,980,-1,1
2289,2298.01,0.999,-1,1,1962,979,-5,-1
2290,2299.01,1.001,-1,1,1962,979,0,0
2291,2300.01,0.999,-2,1,1959,979,-3,0
2292,2301.01,1.0,-1,1,1959,979,0,0
2293,2302.01,1.0,-1,1,1959,979,0,0
2294,2303.05,1.044,-2,1,1958,977,-1,-2
2295,2304.01,0.956,-1,1,1956,978,-2,1
2296,2305.04,1.026,-1,1,1946,977,-10,-1
2297,2306.01,0.977,-2,1,1944,977,-2,0
2298,2307.01,0.997,-1,1,1944,977,0,0
2299,2308.01,0.999,-1,1,1944,977,0,0
2300,2309.01,1.0,-2,1,1941,976,-3,-1
2301,2310.01,1.0,-1,1,1941,976,0,0
2302,2311.01,0.999,-2,1,1940,977,-1,1
2303,2312.01,1.001,-1,1,1932,976,-8,-1
2304,2313.01,1.001,-1,1,1931,976,-1,0
2305,2314.01,1.001,-2,1,1931,976,0,0
2306,2315.01,0.999,-1,1,1931,976,0,0
2307,2316.01,1.0,-2,1,1925,974,-6,-2
2308,2317.01,1.0,-1,1,1925,974,0,0
2309,2318.01,1.0,-1,1,1923,975,-2,1
2310,2319.01,1.0,-2,1,1917,974,-6,-1
2311,2320.01,1.0,-1,1,1913,973,-4,-1
2312,2321.03,1.021,-2,1,1913,973,0,0
2313,2322.03,0.996,-1,0,1913,973,0,0
2314,2323.01,0.987,-2,1,1907,971,-6,-2
2315,2324.01,0.999,-1,1,1905,972,-2,1
2316,2325.05,1.033,-1,1,1899,971,-6,-1
2317,2326.06,1.011,-2,1,1899,971,0,0
2318,2327.01,0.956,-1,1,1896,970,-3,-1
2319,2328.01,0.997,-2,1,1896,970,0,0
2320,2329.01,1.0,-1,1,1896,970,0,0
2321,2330.03,1.019,-2,1,1893,970,-3,0
2322,2331.02,0.985,-1,1,1892,971,-1,1
2323,2332.01,0.996,-1,1,1883,968,-9,-3
2324,2333.01,1.002,-2,1,1881,968,-2,0
2325,2334.01,0.998,-1,0,1881,968,0,0
2326,2335.01,1.0,-2,1,1881,968,0,0
2327,2336.01,1.0,-1,1,1877,967,-4,-1
2328,2337.01,1.0,-2,1,1877,967,0,0
2329,2338.01,1.001,-1,1,1875,968,-2,1
2330,2339.03,1.018,-2,1,1865,965,-10,-3
2331,2340.01,0.984,-1,1,1863,964,-2,-1
2332,2341.01,0.997,-2,1,1863,964,0,0
2333,2342.01,1.0,-1,0,1863,964,0,0
2334,2343.01,1.0,-2,1,1857,962,-6,-2
2335,2344.03,1.02,-1,1,1857,962,0,0
2336,2345.05,1.015,-2,1,1856,963,-1,1
2337,2346.01,0.967,-1,1,1850,962,-6,-1
2338,2347.01,0.998,-2,1,1848,961,-2,-1
2339,2348.01,1.0,-1,0,1848,961,0,0
2340,2349.01,1.0,-1,1,1848,961,0,0
2341,2350.01,1.0,-2,1,1841,958,-7,-3
2342,2351.01,1.0,-1,1,1839,959,-2,1
2343,2352.01,1.0,-2,1,1833,958,-6,-1
2344,2353.01,1.001,-2,0,1833,958,0,0
2345,2354.01,0.999,-1,1,1830,956,-3,-2
2346,2355.01,1.001,-2,1,1830,956,0,0
2347,2356.01,0.999,-1,1,1830,956,0,0
2348,2357.01,1.0,-2,1,1827,955,-3,-1
2349,2358.01,1.0,-1,0,1826,956,-1,1
2350,2359.01,1.0,-2,1,1815,952,-11,-4
2351,2360.01,1.0,-1,1,1814,952,-1,0
2352,2361.01,1.0,-2,1,1814,952,0,0
2353,2362.01,1.0,-1,0,1814,952,0,0
2354,2363.01,1.0,-2,1,1811,950,-3,-2
2355,2364.03,1.019,-1,1,1811,950,0,0
2356,2365.02,0.985,-2,1,1809,950,-2,0
2357,2366.02,1.0,-1,0,1802,947,-7,-3
2358,2367.01,0.997,-2,1,1799,946,-3,-1
2359,2368.01,1.0,-1,1,1799,946,0,0
2360,2369.05,1.043,-2,1,1797,946,-2,0
2361,2370.01,0.96,-1,0,1790,943,-7,-3
2362,2371.01,0.999,-2,1,1790,943,0,0
2363,2372.05,1.039,-2,1,1788,944,-2,1
2364,2373.01,0.962,-1,0,1784,941,-4,-3
2365,2374.01,0.998,-2,1,1782,940,-2,-1
2366,2375.01,1.0,-1,1,1782,940,0,0
2367,2376.04,1.032,-2,0,1782,940,0,0
2368,2377.03,0.983,-1,1,1776,937,-6,-3
2369,2378.15,1.12,-2,1,1775,937,-1,0
2370,2379.01,0.867,-1,1,1769,934,-6,-3
2371,2380.01,0.998,-2,0,1769,934,0,0
2372,2381.01,1.001,-2,1,1769,934,0,0
2373,2382.01,0.999,-1,1,1767,934,-2,0
2374,2383.01,1.001,-2,0,1767,934,0,0
2375,2384.03,1.019,-1,1,1767,934,0,0
2376,2385.01,0.982,-2,0,1766,934,-1,0
2377,2386.01,0.998,-1,1,1763,932,-3,-2
2378,2387.01,1.0,-2,1,1754,926,-9,-6
2379,2388.01,1.0,-2,0,1754,926,0,0
2380,2389.01,1.0,-1,1,1749,925,-5,-1
2381,2390.01,1.0,-2,1,1749,925,0,0
2382,2391.01,1.0,-1,0,1749,925,0,0
2383,2392.01,1.0,-2,1,1748,926,-1,1
2384,2393.01,1.0,-2,0,1740,922,-8,-4
2385,2394.01,1.0,-1,1,1734,919,-6,-3
2386,2395.03,1.024,-2,1,1734,919,0,0
2387,2396.03,0.995,-1,0,1733,917,-1,-2
2388,2397.01,0.984,-2,1,1733,917,0,0
2389,2398.01,0.998,-2,0,1733,917,0,0
2390,2399.01,0.999,-1,1,1731,918,-2,1
2391,2400.03,1.021,-2,1,1730,917,-1,-1
2392,2401.01,0.983,-1,0,1721,911,-9,-6
2393,2402.01,0.997,-2,1,1719,911,-2,0
2394,2403.01,1.0,-2,0,1719,911,0,0
2395,2404.01,1.0,-1,1,1718,911,-1,0
2396,2405.01,0.999,-2,0,1716,911,-2,0
2397,2406.03,1.019,-1,1,1715,910,-1,-1
2398,2407.02,0.986,-2,0,1707,905,-8,-5
2399,2408.01,0.999,-2,1,1707,905,0,0
2400,2409.07,1.052,-1,0,1706,905,-1,0
2401,2410.01,0.947,-2,1,1704,904,-2,-1
2402,2411.01,0.998,-2,0,1704,904,0,0
2403,2412.01,1.0,-1,1,1703,905,-1,1
2404,2413.01,0.999,-2,0,1695,899,-8,-6
2405,2414.03,1.019,-1,1,1694,898,-1,-1
2406,2415.01,0.984,-2,0,1694,898,0,0
2407,2416.03,1.018,-2,1,1694,898,0,0
2408,2417.01,0.982,-1,0,1689,895,-5,-3
2409,2418.01,0.998,-2,1,1689,895,0,0
2410,2419.01,0.999,-2,0,1688,896,-1,1
2411,2420.01,1.0,-1,1,1683,892,-5,-4
2412,2421.01,0.999,-2,0,1682,890,-1,-2
2413,2422.03,1.02,-2,1,1680,890,-2,0
2414,2423.01,0.984,-1,0,1680,890,0,0
2415,2424.01,0.997,-2,1,1676,887,-4,-3
2416,2425.01,1.0,-1,0,1674,887,-2,0
2417,2426.05,1.035,-2,1,1668,883,-6,-4
2418,2427.03,0.979,-2,0,1668,883,0,0
2419,2428.01,0.988,-1,0,1668,883,0,0
2420,2429.07,1.061,-2,1,1667,881,-1,-2
2421,2430.03,0.952,-2,0,1667,881,0,0
2422,2431.01,0.987,-1,1,1667,881,0,0
2423,2432.05,1.042,-2,0,1665,882,-2,1
2424,2433.01,0.96,-2,0,1664,881,-1,-1
2425,2434.01,0.997,-1,1,1656,874,-8,-7
2426,2435.01,1.0,-2,0,1656,874,0,0
2427,2436.01,0.999,-2,1,1655,872,-1,-2
2428,2437.01,1.0,-1,0,1655,872,0,0
2429,2438.01,1.0,-2,0,1655,872,0,0
2430,2439.01,1.0,-2,1,1653,872,-2,0
2431,2440.01,1.0,-1,0,1647,868,-6,-4
2432,2441.01,1.0,-2,0,1643,863,-4,-5
2433,2442.01,1.0,-2,1,1641,863,-2,0
2434,2443.01,1.0,-1,0,1641,863,0,0
2435,2444.01,1.0,-2,1,1640,862,-1,-1
2436,2445.01,1.0,-2,0,1638,862,-2,0
2437,2446.03,1.02,-1,0,1637,860,-1,-2
2438,2447.03,1.001,-2,1,1634,857,-3,-3
2439,2448.02,0.983,-2,0,1631,853,-3,-4
2440,2449.01,0.999,-1,0,1631,853,0,0
2441,2450.01,0.998,-2,0,1631,853,0,0
2442,2451.01,0.999,-2,1,1628,850,-3,-3
2443,2452.01,1.0,-1,0,1626,850,-2,0
2444,2453.01,1.0,-2,0,1625,848,-1,-2
2445,2454.01,1.0,-2,1,1623,847,-2,-1
2446,2455.01,1.0,-1,0,1623,847,0,0
2447,2456.01,1.001,-2,0,1623,847,0,0
2448,2457.01,0.999,-2,1,1620,845,-3,-2
2449,2458.01,1.0,-1,0,1620,845,0,0
2450,2459.01,1.001,-2,0,1619,846,-1,1
2451,2460.03,1.014,-2,0,1617,844,-2,-2
2452,2461.01,0.986,-2,1,1616,842,-1,-2
2453,2462.01,1.0,-1,0,1616,842,0,0
2454,2463.03,1.019,-2,0,1614,842,-2,0
2455,2464.03,0.999,-2,0,1613,841,-1,-1
2456,2465.01,0.984,-1,1,1613,841,0,0
2457,2466.01,0.998,-2,0,1611,841,-2,0
2458,2467.01,0.999,-2,0,1610,836,-1,-5
2459,2468.01,1.0,-1,0,1608,835,-2,-1
2460,2469.01,1.0,-2,0,1607,835,-1,0
2461,2470.01,1.0,-2,1,1607,835,0,0
2462,2471.01,1.0,-1,0,1605,832,-2,-3
2463,2472.01,1.0,-2,0,1604,832,-1,0
2464,2473.01,1.0,-2,0,1602,829,-2,-3
2465,2474.01,1.0,-2,0,1602,827,0,-2
2466,2475.01,1.0,-1,1,1602,827,0,0
2467,2476.01,1.0,-2,0,1601,827,-1,0
2468,2477.05,1.036,-2,0,1599,826,-2,-1
2469,2478.06,1.013,-1,0,1599,826,0,0
2470,2479.06,1.002,-2,0,1598,826,-1,0
2471,2480.03,0.965,-2,0,1598,823,0,-3
2472,2481.01,0.987,-1,1,1596,823,-2,0
2473,2482.01,0.998,-2,0,1595,823,-1,0
2474,2483.01,1.002,-2,0,1595,823,0,0
2475,2484.01,0.999,-1,0,1595,820,0,-3
2476,2485.01,0.999,-2,0,1595,820,0,0
2477,2486.01,0.999,-2,0,1593,820,-2,0
2478,2487.01,1.0,-2,0,1592,817,-1,-3
2479,2488.01,1.0,-1,0,1592,815,0,-2
2480,2489.01,1.001,-2,1,1590,815,-2,0
2481,2490.01,0.998,-2,0,1590,815,0,0
2482,2491.01,1.001,-1,0,1590,814,0,-1
2483,2492.01,1.0,-2,0,1589,814,-1,0
2484,2493.01,1.0,-2,0,1587,811,-2,-3
2485,2494.03,1.021,-1,0,1587,809,0,-2
2486,2495.01,0.982,-2,0,1587,809,0,0
2487,2496.03,1.018,-2,0,1587,809,0,0
2488,2497.03,0.997,-2,0,1586,808,-1,-1
2489,2498.01,0.985,-1,0,1586,808,0,0
2490,2499.01,1.0,-2,0,1584,808,-2,0
2491,2500.01,0.999,-2,0,1584,806,0,-2
2492,2501.01,1.0,-1,0,1584,805,0,-1
2493,2502.01,0.999,-2,0,1584,805,0,0
2494,2503.01,1.0,-2,0,1584,805,0,0
2495,2504.01,1.001,-2,0,1581,803,-3,-2
2496,2505.01,1.0,-1,0,1580,803,-1,0
2497,2506.01,0.999,-2,0,1580,802,0,-1
2498,2507.01,1.0,-2,0,1580,802,0,0
2499,2508.01,1.0,-1,0,1580,800,0,-2
2500,2509.03,1.019,-2,0,1580,800,0,0
2501,2510.01,0.983,-2,0,1580,800,0,0
2502,2511.01,0.997,-1,0,1578,799,-2,-1
2503,2512.01,1.0,-2,0,1577,799,-1,0
2504,2513.01,1.0,-2,0,1577,796,0,-3
2505,2514.01,1.0,-2,0,1577,794,0,-2
2506,2515.01,1.0,-1,0,1577,794,0,0
2507,2516.01,1.0,-2,0,1577,794,0,0
2508,2517.01,0.999,-2,0,1575,793,-2,-1
2509,2518.01,1.001,-1,0,1575,793,0,0
2510,2519.01,0.999,-2,0,1574,793,-1,0
2511,2520.01,1.0,-2,0,1574,791,0,-2
2512,2521.01,1.0,-2,0,1574,790,0,-1
2513,2522.01,1.0,-1,0,1574,790,0,0
2514,2523.01,1.0,-2,0,1574,790,0,0
2515,2524.01,1.0,-2,0,1572,788,-2,-2
2516,2525.01,1.001,-1,0,1571,788,-1,0
2517,2526.03,1.021,-2,0,1571,787,0,-1
2518,2527.06,1.03,-2,0,1571,787,0,0
2519,2528.03,0.964,-1,-1,1571,785,0,-2
2520,2529.04,1.018,-2,0,1571,784,0,-1
2521,2530.06,1.021,-2,0,1571,784,0,0
2522,2531.02,0.951,-2,0,1569,782,-2,-2
2523,2532.01,0.997,-1,0,1569,782,0,0
2524,2533.01,0.999,-2,0,1566,781,-3,-1
2525,2534.01,1.0,-2,0,1566,781,0,0
2526,2535.01,1.0,-1,0,1566,781,0,0
2527,2536.01,1.0,-2,-1,1565,781,-1,0
2528,2537.01,1.0,-2,0,1565,781,0,0
2529,2538.01,1.0,-1,0,1563,779,-2,-2
2530,2539.03,1.021,-2,0,1562,778,-1,-1
2531,2540.01,0.983,-2,0,1562,778,0,0
2532,2541.03,1.016,-1,0,1562,778,0,0
2533,2542.01,0.984,-2,-1,1562,778,0,0
2534,2543.01,0.998,-2,0,1560,776,-2,-2
2535,2544.01,0.999,-2,0,1560,776,0,0
2536,2545.01,1.0,-1,0,1560,776,0,0
2537,2546.03,1.02,-2,0,1557,776,-3,0
2538,2547.03,0.998,-2,-1,1557,776,0,0
2539,2548.02,0.987,-1,0,1556,775,-1,-1
2540,2549.02,1.009,-2,0,1556,775,0,0
2541,2550.01,0.988,-2,0,1557,773,1,-2
2542,2551.01,1.0,-1,0,1557,773,0,0
2543,2552.01,0.999,-2,-1,1557,773,0,0
2544,2553.01,1.0,-2,0,1556,773,-1,0
2545,2554.01,1.001,-1,0,1554,772,-2,-1
2546,2555.01,0.999,-2,0,1554,772,0,0
2547,2556.03,1.019,-2,-1,1554,772,0,0
2548,2557.01,0.984,-2,0,1551,770,-3,-2
2549,2558.01,0.998,-1,0,1551,770,0,0
2550,2559.08,1.065,-2,0,1551,770,0,0
2551,2560.01,0.938,-2,-1,1547,769,-4,-1
2552,2561.01,0.997,-1,0,1545,769,-2,0
2553,2562.01,1.0,-2,0,1545,769,0,0
2554,2563.01,1.0,-2,-1,1544,767,-1,-2
2555,2564.01,1.0,-1,0,1544,767,0,0
2556,2565.01,1.0,-2,0,1544,767,0,0
2557,2566.01,0.999,-2,-1,1541,767,-3,0
2558,2567.01,1.0,-1,0,1541,767,0,0
2559,2568.01,1.0,-2,0,1539,764,-2,-3
2560,2569.01,1.0,-2,0,1539,764,0,0
2561,2570.01,1.0,-1,-1,1538,763,-1,-1
2562,2571.01,1.0,-2,0,1539,763,1,0
2563,2572.03,1.018,-2,0,1539,763,0,0
2564,2573.01,0.985,-1,-1,1539,763,0,0
2565,2574.01,0.998,-2,0,1540,761,1,-2
2566,2575.01,1.0,-2,-1,1540,761,0,0
2567,2576.01,1.0,-1,0,1540,761,0,0
2568,2577.01,1.0,-2,0,1539,758,-1,-3
2569,2578.01,1.0,-2,-1,1538,758,-1,0
2570,2579.06,1.049,-1,0,1538,758,0,0
2571,2580.03,0.969,-2,0,1535,757,-3,-1
2572,2581.04,1.013,-2,-1,1535,757,0,0
2573,2582.01,0.972,-1,0,1535,757,0,0
2574,2583.01,0.998,-2,-1,1535,757,0,0
2575,2584.01,1.0,-2,0,1535,755,0,-2
2576,2585.01,1.0,-1,0,1535,754,0,-1
2577,2586.01,1.0,-2,-1,1535,754,0,0
2578,2587.01,1.0,-2,0,1535,754,0,0
2579,2588.03,1.022,-1,-1,1536,752,1,-2
2580,2589.03,0.997,-2,0,1536,752,0,0
2581,2590.01,0.983,-2,0,1536,752,0,0
2582,2591.01,0.999,-1,-1,1537,752,1,0
2583,2592.01,1.0,-2,0,1537,752,0,0
2584,2593.01,1.0,-2,-1,1536,751,-1,-1
2585,2594.01,1.0,-1,0,1536,751,0,0
2586,2595.01,1.0,-2,-1,1535,751,-1,0
2587,2596.01,1.0,-1,0,1535,751,0,0
2588,2597.03,1.018,-2,-1,1533,749,-2,-2
2589,2598.01,0.983,-2,0,1532,749,-1,0
2590,2599.01,0.999,-1,-1,1532,749,0,0
2591,2600.01,1.0,-2,0,1532,749,0,0
2592,2601.01,1.0,-2,-1,1532,748,0,-1
2593,2602.01,1.0,-1,0,1532,748,0,0
2594,2603.03,1.022,-2,-1,1532,748,0,0
2595,2604.01,0.981,-1,0,1530,746,-2,-2
2596,2605.01,0.998,-2,-1,1530,746,0,0
2597,2606.01,0.999,-2,0,1531,746,1,0
2598,2607.01,1.0,-1,-1,1531,746,0,0
2599,2608.01,0.999,-2,0,1531,746,0,0
2600,2609.01,1.0,-2,-1,1531,746,0,0
2601,2610.01,1.0,-1,0,1531,745,0,-1
2602,2611.01,1.0,-2,-1,1531,745,0,0
2603,2612.01,1.0,-1,0,1531,743,0,-2
2604,2613.01,1.001,-2,-1,1533,743,2,0
2605,2614.03,1.019,-2,0,1533,743,0,0
2606,2615.01,0.983,-1,-1,1532,742,-1,-1
2607,2616.01,0.998,-2,0,1532,742,0,0
2608,2617.01,1.0,-2,-1,1532,740,0,-2
2609,2618.01,1.0,-1,-1,1532,740,0,0
2610,2619.03,1.018,-2,0,1533,739,1,-1
2611,2620.02,0.987,-1,-1,1533,739,0,0
2612,2621.01,0.997,-2,0,1534,739,1,0
2613,2622.01,1.0,-2,-1,1534,739,0,0
2614,2623.01,0.998,-1,-1,1534,739,0,0
2615,2624.05,1.038,-2,0,1534,736,0,-3
2616,2625.01,0.962,-1,-1,1534,736,0,0
2617,2626.01,1.0,-2,0,1536,736,2,0
2618,2627.01,1.0,-1,-1,1536,736,0,0
2619,2628.01,1.0,-2,-1,1536,734,0,-2
2620,2629.05,1.038,-2,0,1536,734,0,0
2621,2630.03,0.976,-1,-1,1537,733,1,-1
2622,2631.11,1.084,-2,-1,1539,733,2,0
2623,2632.01,0.903,-1,0,1539,733,0,0
2624,2633.01,1.0,-2,-1,1539,731,0,-2
2625,2634.03,1.019,-2,0,1539,731,0,0
2626,2635.01,0.983,-1,-1,1539,730,0,-1
2627,2636.01,0.997,-2,-1,1539,730,0,0
2628,2637.01,0.999,-1,0,1540,728,1,-2
2629,2638.01,1.0,-2,-1,1540,728,0,0
2630,2639.03,1.02,-1,-1,1543,728,3,0
2631,2640.01,0.984,-2,-1,1543,727,0,-1
2632,2641.01,0.997,-1,0,1543,727,0,0
2633,2642.01,0.999,-2,-1,1545,727,2,0
2634,2643.01,1.0,-2,-1,1545,727,0,0
2635,2644.01,0.999,-1,0,1545,725,0,-2
2636,2645.01,1.0,-2,-1,1545,725,0,0
2637,2646.01,1.0,-1,-1,1546,725,1,0
2638,2647.01,1.001,-2,0,1546,725,0,0
2639,2648.03,1.018,-1,-1,1549,724,3,-1
2640,2649.01,0.982,-2,-1,1549,722,0,-2
2641,2650.03,1.021,-1,-1,1549,722,0,0
2642,2651.01,0.982,-2,0,1548,722,-1,0
2643,2652.01,0.998,-1,-1,1548,722,0,0
2644,2653.01,0.999,-2,-1,1549,721,1,-1
2645,2654.03,1.02,-2,-1,1548,719,-1,-2
2646,2655.01,0.983,-1,0,1551,719,3,0
2647,2656.03,1.016,-2,-1,1552,719,1,0
2648,2657.01,0.984,-1,-1,1552,719,0,0
2649,2658.01,0.998,-2,-1,1555,719,3,0
2650,2659.01,0.999,-1,0,1554,719,-1,0
2651,2660.01,1.0,-2,-1,1554,719,0,0
2652,2661.01,0.999,-1,-1,1553,718,-1,-1
2653,2662.01,1.0,-2,-1,1557,716,4,-2
2654,2663.01,1.0,-1,-1,1558,716,1,0
2655,2664.03,1.02,-2,0,1558,716,0,0
2656,2665.03,0.999,-1,-1,1560,716,2,0
2657,2666.02,0.987,-2,-1,1559,716,-1,0
2658,2667.01,0.996,-1,-1,1559,716,0,0
2659,2668.01,0.999,-2,-1,1557,715,-2,-1
2660,2669.01,1.0,-1,0,1563,715,6,0
2661,2670.03,1.019,-2,-1,1567,713,4,-2
2662,2671.01,0.982,-1,-1,1567,713,0,0
2663,2672.01,1.001,-2,-1,1567,713,0,0
2664,2673.01,0.999,-1,-1,1567,713,0,0
2665,2674.07,1.063,-2,-1,1566,712,-1,-1
2666,2675.01,0.936,-1,0,1567,712,1,0
2667,2676.01,1.001,-2,-1,1567,712,0,0
2668,2677.01,0.999,-1,-1,1567,712,0,0
2669,2678.01,1.0,-2,-1,1576,710,9,-2
2670,2679.01,1.002,-1,-1,1576,710,0,0
2671,2680.06,1.045,-1,-1,1576,710,0,0
2672,2681.04,0.98,-2,-1,1575,710,-1,0
2673,2682.04,1.004,-1,-1,1576,710,1,0
2674,2683.01,0.97,-2,0,1584,710,8,0
2675,2684.01,0.999,-1,-1,1584,710,0,0
2676,2685.01,0.999,-2,-1,1585,710,1,0
2677,2686.01,1.0,-1,-1,1584,710,-1,0
2678,2687.01,1.0,-2,-1,1584,710,0,0
2679,2688.01,1.0,-1,-1,1583,709,-1,-1
2680,2689.01,1.0,-1,-1,1588,709,5,0
2681,2690.01,1.0,-2,-1,1593,707,5,-2
2682,2691.01,1.0,-1,-1,1593,707,0,0
2683,2692.01,1.0,-2,-1,1593,707,0,0
2684,2693.01,1.0,-1,-1,1596,707,3,0
2685,2694.01,1.0,-2,-1,1595,706,-1,-1
2686,2695.03,1.02,-1,0,1596,706,1,0
2687,2696.01,0.984,-1,-1,1596,706,0,0
2688,2697.01,0.999,-2,-1,1605,706,9,0
2689,2698.03,1.016,-1,-1,1605,706,0,0
2690,2699.09,1.063,-2,-1,1605,706,0,0
2691,2700.01,0.92,-1,-1,1606,706,1,0
2692,2701.01,0.998,-1,-1,1605,704,-1,-2
2693,2702.01,1.0,-2,-1,1609,704,4,0
2694,2703.01,1.0,-1,-1,1612,704,3,0
2695,2704.01,1.001,-2,-1,1612,704,0,0
2696,2705.01,0.999,-1,-1,1612,704,0,0
2697,2706.01,1.001,-1,-1,1614,704,2,0
2698,2707.01,1.0,-2,-1,1614,704,0,0
2699,2708.01,1.0,-1,-1,1613,703,-1,-1
2700,2709.06,1.053,-2,-1,1620,701,7,-2
2701,2710.01,0.95,-1,-1,1621,701,1,0
2702,2711.03,1.018,-1,-1,1621,701,0,0
2703,2712.01,0.982,-2,-1,1621,701,0,0
2704,2713.01,0.998,-1,-1,1624,701,3,0
2705,2714.03,1.021,-1,-1,1624,701,0,0
2706,2715.02,0.983,-2,-1,1623,700,-1,-1
2707,2716.01,0.999,-1,-1,1627,700,4,0
2708,2717.01,0.998,-2,-1,1629,700,2,0
2709,2718.01,1.001,-1,-1,1629,700,0,0
2710,2719.01,0.999,-1,-1,1629,700,0,0
2711,2720.03,1.016,-2,-1,1632,698,3,-2
2712,2721.01,0.984,-1,-2,1631,697,-1,-1
2713,2722.01,0.999,-1,-1,1636,697,5,0
2714,2723.01,1.0,-2,-1,1636,697,0,0
2715,2724.01,1.0,-1,-1,1636,697,0,0
2716,2725.01,1.0,-1,-1,1638,697,2,0
2717,2726.01,1.0,-2,-1,1638,697,0,0
2718,2727.03,1.019,-1,-1,1638,697,0,0
2719,2728.03,1.003,-1,-1,1637,695,-1,-2
2720,2729.04,1.002,-1,-1,1638,695,1,0
2721,2730.01,0.979,-2,-1,1647,695,9,0
2722,2731.05,1.032,-1,-1,1647,695,0,0
2723,2732.06,1.014,-1,-1,1648,694,1,-1
2724,2733.03,0.972,-2,-2,1648,694,0,0
2725,2734.01,0.982,-1,-1,1648,694,0,0
2726,2735.01,0.997,-1,-1,1647,692,-1,-2
2727,2736.01,1.0,-2,-1,1653,691,6,-1
2728,2737.04,1.028,-1,-1,1657,691,4,0
2729,2738.01,0.975,-1,-1,1657,691,0,0
2730,2739.03,1.017,-1,-1,1657,691,0,0
2731,2740.01,0.983,-2,-1,1657,691,0,0
2732,2741.01,0.997,-1,-1,1656,689,-1,-2
2733,2742.01,1.001,-1,-2,1657,689,1,0
2734,2743.03,1.016,-1,-1,1659,689,2,0
2735,2744.02,0.987,-2,-1,1659,689,0,0
2736,2745.01,0.999,-1,-1,1668,689,9,0
2737,2746.01,0.998,-1,-1,1668,689,0,0
2738,2747.01,1.001,-1,-1,1668,689,0,0
2739,2748.01,1.0,-2,-2,1667,688,-1,-1
2740,2749.09,1.077,-1,-1,1668,688,1,0
2741,2750.03,0.936,-1,-1,1675,688,7,0
2742,2751.01,0.987,-1,-1,1675,688,0,0
2743,2752.01,0.998,-2,-1,1677,685,2,-3
2744,2753.01,1.001,-1,-1,1677,685,0,0
2745,2754.01,0.999,-1,-2,1677,685,0,0
2746,2755.01,1.0,-1,-1,1676,683,-1,-2
2747,2756.03,1.019,-2,-1,1680,683,4,0
2748,2757.01,0.985,-1,-1,1686,683,6,0
2749,2758.03,1.018,-1,-1,1686,683,0,0
2750,2759.01,0.983,-1,-2,1687,683,1,0
2751,2760.01,0.997,-1,-1,1687,683,0,0
2752,2761.01,0.998,-2,-1,1687,683,0,0
2753,2762.01,1.001,-1,-1,1686,682,-1,-1
2754,2763.01,1.0,-1,-1,1692,682,6,0
2755,2764.01,1.0,-1,-2,1696,682,4,0
2756,2765.01,1.0,-1,-1,1696,682,0,0
2757,2766.01,1.0,-1,-1,1698,682,2,0
2758,2767.01,1.0,-2,-1,1698,682,0,0
2759,2768.01,1.0,-1,-2,1698,682,0,0
2760,2769.01,1.0,-1,-1,1697,680,-1,-2
2761,2770.01,1.001,-1,-1,1702,680,5,0
2762,2771.01,1.0,-1,-1,1708,680,6,0
2763,2772.01,1.0,-1,-2,1708,680,0,0
2764,2773.01,1.0,-2,-1,1708,680,0,0
2765,2774.01,1.0,-1,-1,1710,680,2,0
2766,2775.03,1.022,-1,-1,1709,679,-1,-1
2767,2776.03,0.995,-1,-2,1710,679,1,0
2768,2777.01,0.986,-1,-1,1717,679,7,0
2769,2778.01,0.997,-1,-1,1717,679,0,0
2770,2779.01,1.0,-1,-2,1717,679,0,0
2771,2780.01,1.0,-2,-1,1720,679,3,0
2772,2781.03,1.02,-1,-1,1720,679,0,0
2773,2782.05,1.014,-1,-1,1719,677,-1,-2
2774,2783.06,1.017,-1,-2,1725,677,6,0
2775,2784.03,0.962,-1,-1,1726,677,1,0
2776,2785.01,0.988,-1,-1,1726,677,0,0
2777,2786.01,0.998,-1,-2,1726,676,0,-1
2778,2787.01,1.0,-1,-1,1732,676,6,0
2779,2788.01,1.0,-1,-1,1732,676,0,0
2780,2789.01,1.001,-1,-2,1731,674,-1,-2
2781,2790.01,0.999,-2,-1,1737,674,6,0
2782,2791.01,1.0,-1,-1,1738,674,1,0
2783,2792.01,1.0,-1,-2,1738,673,0,-1
2784,2793.01,1.0,-1,-1,1738,673,0,0
2785,2794.01,1.0,-1,-1,1743,673,5,0
2786,2795.01,1.001,-1,-1,1742,671,-1,-2
2787,2796.01,0.999,-1,-2,1747,671,5,0
2788,2797.03,1.019,-1,-1,1747,671,0,0
2789,2798.01,0.984,-1,-2,1747,671,0,0
2790,2799.03,1.015,-1,-1,1747,671,0,0
2791,2800.01,0.985,-1,-1,1747,671,0,0
2792,2801.01,0.997,-1,-2,1747,671,0,0
2793,2802.01,0.999,-1,-1,1746,670,-1,-1
2794,2803.01,1.0,-1,-1,1749,670,3,0
2795,2804.01,1.002,-1,-2,1756,671,7,1
2796,2805.01,0.999,-1,-1,1756,671,0,0
2797,2806.01,0.998,-1,-1,1759,671,3,0
2798,2807.01,1.0,-1,-2,1759,671,0,0
2799,2808.01,1.001,-1,-1,1759,671,0,0
2800,2809.01,1.0,-1,-2,1758,670,-1,-1
2801,2810.01,1.0,-1,-1,1764,670,6,0
2802,2811.01,1.0,-1,-1,1768,671,4,1
2803,2812.01,1.001,-1,-2,1768,671,0,0
2804,2813.01,1.0,-1,-1,1768,671,0,0
2805,2814.01,1.0,-1,-1,1770,671,2,0
2806,2815.01,1.0,-1,-2,1769,670,-1,-1
2807,2816.01,1.001,-1,-1,1770,670,1,0
2808,2817.03,1.023,-1,-2,1770,670,0,0
2809,2818.01,0.979,-1,-1,1777,671,7,1
2810,2819.01,1.0,-1,-2,1777,671,0,0
2811,2820.03,1.019,-1,-1,1777,671,0,0
2812,2821.01,0.983,-1,-1,1779,671,2,0
2813,2822.03,1.017,-1,-2,1778,670,-1,-1
2814,2823.02,0.984,-1,-1,1783,671,5,1
2815,2824.01,0.997,-1,-2,1785,671,2,0
2816,2825.01,1.001,-1,-1,1785,671,0,0
2817,2826.01,0.998,-1,-1,1785,670,0,-1
2818,2827.01,1.0,0,-2,1786,670,1,0
2819,2828.01,0.999,-1,-1,1786,670,0,0
2820,2829.01,1.001,-1,-2,1785,668,-1,-2
2821,2830.01,1.0,-1,-1,1789,668,4,0
2822,2831.01,0.999,-1,-2,1792,669,3,1
2823,2832.05,1.042,-1,-1,1792,669,0,0
2824,2833.06,1.007,-1,-2,1792,669,0,0
2825,2834.03,0.966,-1,-1,1795,669,3,0
2826,2835.01,0.988,-1,-1,1795,669,0,0
2827,2836.01,0.997,-1,-2,1794,668,-1,-1
2828,2837.01,1.0,0,-1,1797,668,3,0
2829,2838.01,0.999,-1,-2,1798,669,1,1
2830,2839.03,1.019,-1,-1,1798,669,0,0
2831,2840.01,0.984,-1,-2,1798,669,0,0
2832,2841.01,1.0,-1,-1,1801,669,3,0
2833,2842.01,0.997,-1,-2,1800,668,-1,-1
2834,2843.01,1.0,-1,-1,1804,669,4,1
2835,2844.01,1.0,0,-2,1804,669,0,0
2836,2845.01,1.0,-1,-1,1804,669,0,0
2837,2846.01,1.0,-1,-2,1806,669,2,0
2838,2847.01,1.0,-1,-1,1806,669,0,0
2839,2848.01,1.0,-1,-2,1806,669,0,0
2840,2849.01,1.0,-1,-1,1806,668,0,-1
2841,2850.03,1.018,0,-2,1807,668,1,0
2842,2851.03,0.999,-1,-1,1813,669,6,1
2843,2852.01,0.985,-1,-2,1813,669,0,0
2844,2853.01,0.998,-1,-1,1815,668,2,-1
2845,2854.01,1.0,-1,-2,1815,668,0,0
2846,2855.01,1.0,0,-1,1815,668,0,0
2847,2856.01,0.999,-1,-2,1814,667,-1,-1
2848,2857.01,1.0,-1,-1,1818,668,4,1
2849,2858.01,1.0,-1,-2,1822,669,4,1
2850,2859.09,1.078,0,-1,1822,669,0,0
2851,2860.02,0.929,-1,-2,1824,668,2,-1
2852,2861.01,0.995,-1,-1,1824,668,0,0
2853,2862.01,1.0,-1,-2,1824,668,0,0
2854,2863.01,0.998,-1,-1,1824,667,0,-1
2855,2864.03,1.019,0,-2,1827,668,3,1
2856,2865.01,0.984,-1,-1,1831,668,4,0
2857,2866.01,0.997,-1,-2,1831,668,0,0
2858,2867.03,1.021,0,-2,1831,668,0,0
2859,2868.01,0.982,-1,-1,1833,669,2,1
2860,2869.01,0.997,-1,-2,1832,668,-1,-1
2861,2870.01,1.002,-1,-1,1833,668,1,0
2862,2871.03,1.015,0,-2,1839,669,6,1
2863,2872.03,1.002,-1,-1,1839,669,0,0
2864,2873.01,0.984,-1,-2,1839,669,0,0
2865,2874.01,0.998,0,-1,1840,668,1,-1
2866,2875.01,0.999,-1,-2,1840,668,0,0
2867,2876.01,1.0,-1,-1,1840,667,0,-1
2868,2877.01,1.0,-1,-2,1845,668,5,1
2869,2878.01,1.0,0,-2,1846,669,1,1
2870,2879.01,1.0,-1,-1,1846,669,0,0
2871,2880.01,1.0,-1,-2,1846,669,0,0
2872,2881.03,1.021,0,-1,1851,671,5,2
2873,2882.01,0.983,-1,-2,1851,671,0,0
2874,2883.07,1.055,-1,-1,1850,670,-1,-1
2875,2884.03,0.958,0,-2,1855,671,5,1
2876,2885.04,1.009,-1,-2,1857,671,2,0
2877,2886.01,0.976,0,-1,1857,670,0,-1
2878,2887.01,1.001,-1,-2,1857,670,0,0
2879,2888.01,0.998,-1,-1,1861,671,4,1
2880,2889.01,1.0,0,-2,1860,670,-1,-1
2881,2890.01,1.0,-1,-1,1864,671,4,1
2882,2891.01,1.003,-1,-2,1864,671,0,0
2883,2892.01,0.998,0,-2,1864,671,0,0
2884,2893.01,0.999,-1,-1,1866,672,2,1
2885,2894.01,1.0,0,-2,1866,671,0,-1
2886,2895.02,1.004,-1,-1,1866,671,0,0
2887,2896.01,0.996,-1,-2,1866,670,0,-1
2888,2897.01,1.0,0,-2,1869,670,3,0
2889,2898.03,1.023,-1,-1,1879,672,10,2
2890,2899.02,0.982,0,-2,1879,672,0,0
2891,2900.03,1.015,-1,-1,1881,671,2,-1
2892,2901.01,0.98,0,-2,1881,671,0,0
2893,2902.01,1.0,-1,-2,1881,671,0,0
2894,2903.01,1.0,-1,-1,1881,670,0,-1
2895,2904.01,1.0,0,-2,1891,672,10,2
2896,2905.01,1.0,-1,-2,1897,675,6,3
2897,2906.03,1.022,0,-1,1897,675,0,0
2898,2907.01,0.981,-1,-2,1897,675,0,0
2899,2908.01,0.997,0,-1,1900,674,3,-1
2900,2909.01,0.999,-1,-2,1900,673,0,-1
2901,2910.01,1.0,0,-2,1902,674,2,1
2902,2911.01,1.0,-1,-1,1902,674,0,0
2903,2912.01,1.0,0,-2,1914,677,12,3
2904,2913.01,1.0,-1,-2,1914,677,0,0
2905,2914.03,1.02,0,-1,1914,677,0,0
2906,2915.02,0.984,-1,-2,1915,676,1,-1
2907,2916.02,1.004,0,-1,1915,674,0,-2
2908,2917.01,0.994,-1,-2,1924,678,9,4
2909,2918.01,0.999,0,-2,1927,678,3,0
2910,2919.01,1.0,-1,-1,1927,678,0,0
2911,2920.03,1.016,0,-2,1927,678,0,0
2912,2921.01,0.984,-1,-2,1930,680,3,2
2913,2922.03,1.018,0,-1,1930,680,0,0
2914,2923.01,0.985,-1,-2,1929,679,-1,-1
2915,2924.01,0.998,0,-2,1939,681,10,2
2916,2925.01,1.0,-1,-1,1942,683,3,2
2917,2926.01,1.001,0,-2,1942,683,0,0
2918,2927.01,0.999,0,-1,1942,683,0,0
2919,2928.01,1.002,-1,-2,1951,684,9,1
2920,2929.01,0.998,0,-2,1951,684,0,0
2921,2930.03,1.021,-1,-1,1950,683,-1,-1
2922,2931.01,0.983,0,-2,1957,684,7,1
2923,2932.01,0.997,0,-2,1960,686,3,2
2924,2933.01,1.0,-1,-1,1960,686,0,0
2925,2934.01,1.002,0,-2,1960,686,0,0
2926,2935.05,1.04,-1,-2,1968,686,8,0
2927,2936.05,0.997,0,-1,1968,685,0,-1
2928,2937.02,0.967,0,-2,1975,687,7,2
2929,2938.01,0.995,-1,-2,1975,687,0,0
2930,2939.01,0.999,0,-1,1978,687,3,0
2931,2940.01,1.0,-1,-2,1978,686,0,-1
2932,2941.01,1.0,0,-2,1978,686,0,0
2933,2942.01,1.002,0,-1,1981,687,3,1
2934,2943.01,0.999,-1,-2,1981,686,0,-1
2935,2944.01,0.999,0,-2,1993,690,12,4
2936,2945.05,1.036,0,-1,1996,690,3,0
2937,2946.01,0.964,-1,-2,1996,690,0,0
2938,2947.01,1.001,0,-2,1996,689,0,-1
2939,2948.01,0.999,0,-1,1998,690,2,1
2940,2949.01,1.001,-1,-2,1998,690,0,0
2941,2950.03,1.019,0,-2,1997,689,-1,-1
2942,2951.01,0.983,0,-1,2007,692,10,3
2943,2952.01,0.998,0,-2,2008,692,1,0
2944,2953.01,1.0,-1,-2,2008,692,0,0
2945,2954.01,1.001,0,-1,2008,691,0,-1
2946,2955.01,1.001,0,-2,2017,695,9,4
2947,2956.01,0.999,-1,-2,2017,695,0,0
2948,2957.01,1.0,0,-1,2017,694,0,-1
2949,2958.01,1.001,0,-2,2025,696,8,2
2950,2959.01,0.999,0,-2,2026,696,1,0
2951,2960.01,1.0,-1,-2,2026,696,0,0
2952,2961.04,1.028,0,-1,2026,696,0,0
2953,2962.03,0.992,0,-2,2034,699,8,3
2954,2963.02,0.986,0,-2,2034,698,0,-1
2955,2964.02,1.001,-1,-1,2040,701,6,3
2956,2965.01,0.995,0,-2,2040,701,0,0
2957,2966.01,1.0,0,-2,2040,701,0,0
2958,2967.01,0.999,0,-1,2043,700,3,-1
2959,2968.01,1.0,-1,-2,2043,700,0,0
2960,2969.01,1.0,0,-2,2043,700,0,0
2961,2970.07,1.055,0,-1,2043,698,0,-2
2962,2971.02,0.95,0,-2,2044,699,1,1
2963,2972.01,0.994,0,-2,2055,704,11,5
2964,2973.01,1.0,-1,-1,2055,704,0,0
2965,2974.01,1.0,0,-2,2058,705,3,1
2966,2975.01,1.0,0,-2,2058,704,0,-1
2967,2976.01,1.0,0,-2,2058,704,0,0
2968,2977.01,1.0,0,-1,2058,703,0,-1
2969,2978.03,1.021,0,-2,2065,705,7,2
2970,2979.03,0.998,-1,-2,2073,710,8,5
2971,2980.01,0.984,0,-1,2073,710,0,0
2972,2981.01,0.998,0,-2,2073,710,0,0
2973,2982.01,0.999,0,-2,2076,710,3,0
2974,2983.01,1.0,0,-1,2076,709,0,-1
2975,2984.03,1.019,0,-2,2077,709,1,0
2976,2985.06,1.027,0,-2,2077,709,0,0
2977,2986.03,0.971,-1,-2,2088,714,11,5
2978,2987.01,0.986,0,-1,2088,714,0,0
2979,2988.01,0.998,0,-2,2088,714,0,0
2980,2989.05,1.04,0,-2,2091,714,3,0
2981,2990.03,0.975,0,-1,2091,713,0,-1
2982,2991.01,0.986,0,-2,2101,719,10,6
2983,2992.01,0.999,0,-2,2103,720,2,1
2984,2993.01,1.0,0,-1,2103,720,0,0
2985,2994.01,1.0,0,-2,2103,719,0,-1
2986,2995.01,0.999,0,-2,2104,719,1,0
2987,2996.01,1.0,0,-2,2104,719,0,0
2988,2997.03,1.023,-1,-1,2104,718,0,-1
2989,2998.01,0.98,0,-2,2115,723,11,5
2990,2999.01,0.998,0,-2,2116,725,1,2
2991,3000.01,0.999,0,-1,2116,725,0,0
2992,3001.01,1.002,0,-2,2116,725,0,0
2993,3002.03,1.018,0,-2,2125,729,9,4
2994,3003.03,0.997,0,-2,2125,729,0,0
2995,3004.01,0.985,0,-1,2125,728,0,-1
2996,3005.01,0.998,0,-2,2136,734,11,6
2997,3006.03,1.019,0,-2,2139,737,3,3
2998,3007.01,0.985,0,-1,2139,736,0,-1
2999,3008.01,0.999,0,-2,2139,736,0,0
3000,3009.07,1.052,0,-2,2146,740,7,4
3001,3010.01,0.949,0,-1,2146,740,0,0
3002,3011.01,0.997,0,-2,2146,739,0,-1
3003,3012.01,1.0,0,-2,2155,744,9,5
3004,3013.01,1.0,0,-2,2157,746,2,2
3005,3014.01,1.0,0,-1,2157,745,0,-1
3006,3015.01,1.0,0,-2,2157,745,0,0
3007,3016.01,1.0,0,-2,2166,750,9,5
3008,3017.01,1.0,0,-1,2166,749,0,-1
3009,3018.01,1.001,0,-2,2175,755,9,6
3010,3019.01,1.0,0,-2,2175,755,0,0
3011,3020.01,0.999,1,-1,2178,758,3,3
3012,3021.01,1.0,0,-2,2178,757,0,-1
3013,3022.01,1.0,0,-2,2178,757,0,0
3014,3023.01,1.0,0,-2,2181,758,3,1
3015,3024.03,1.021,0,-1,2181,757,0,-1
3016,3025.02,0.984,0,-2,2196,767,15,10
3017,3026.03,1.015,0,-2,2199,768,3,1
3018,3027.01,0.984,0,-1,2199,768,0,0
3019,3028.01,0.997,0,-2,2199,767,0,-1
3020,3029.03,1.016,0,-2,2199,767,0,0
3021,3030.03,1.007,0,-1,2200,768,1,1
3022,3031.03,0.997,1,-2,2200,767,0,-1
3023,3032.01,0.983,0,-2,2211,774,11,7
3024,3033.03,1.018,0,-2,2215,777,4,3
3025,3034.01,0.983,0,-1,2215,777,0,0
3026,3035.01,0.997,0,-2,2215,777,0,0
3027,3036.05,1.043,0,-2,2223,780,8,3
3028,3037.01,0.958,0,-1,2223,780,0,0
3029,3038.03,1.016,1,-2,2223,779,0,-1
3030,3039.03,1.004,0,-2,2232,786,9,7
3031,3040.06,1.026,0,-1,2235,788,3,2
3032,3041.03,0.969,0,-2,2235,787,0,-1
3033,3042.01,0.986,0,-2,2235,787,0,0
3034,3043.01,0.998,0,-2,2241,791,6,4
3035,3044.01,1.0,1,-1,2241,790,0,-1
3036,3045.01,1.0,0,-2,2250,795,9,5
3037,3046.01,1.0,0,-2,2250,795,0,0
3038,3047.03,1.019,0,-1,2251,797,1,2
3039,3048.02,0.985,0,-2,2251,796,0,-1
3040,3049.01,0.997,1,-2,2251,796,0,0
3041,3050.01,1.0,0,-1,2257,800,6,4
3042,3051.01,0.998,0,-2,2257,799,0,-1
3043,3052.03,1.016,0,-2,2265,803,8,4
3044,3053.01,0.984,1,-1,2266,804,1,1
3045,3054.01,1.0,0,-2,2266,804,0,0
3046,3055.01,1.002,0,-2,2266,803,0,-1
3047,3056.01,0.998,0,-2,2269,804,3,1
3048,3057.01,1.0,1,-1,2269,804,0,0
3049,3058.01,1.001,0,-2,2269,803,0,-1
3050,3059.01,1.0,0,-2,2275,809,6,6
3051,3060.01,0.999,0,-1,2277,810,2,1
3052,3061.01,1.001,1,-2,2277,810,0,0
3053,3062.01,1.001,0,-2,2277,810,0,0
3054,3063.01,0.998,0,-1,2283,813,6,3
3055,3064.01,1.0,1,-2,2283,812,0,-1
3056,3065.01,1.001,0,-2,2287,815,4,3
3057,3066.01,0.999,0,-1,2287,815,0,0
3058,3067.04,1.024,0,-2,2289,816,2,1
3059,3068.01,0.977,1,-2,2292,818,3,2
3060,3069.01,0.999,0,-1,2292,818,0,0
3061,3070.01,1.0,0,-2,2296,822,4,4
3062,3071.03,1.02,1,-2,2296,822,0,0
3063,3072.03,1.0,0,-1,2298,822,2,0
3064,3073.01,0.983,0,-2,2298,822,0,0
3065,3074.01,0.997,1,-2,2299,824,1,2
3066,3075.01,1.0,0,-1,2302,827,3,3
3067,3076.01,1.0,0,-2,2302,827,0,0
3068,3077.01,1.0,1,-2,2302,827,0,0
3069,3078.01,1.0,0,-1,2304,828,2,1
3070,3079.01,1.0,1,-2,2304,828,0,0
3071,3080.01,1.0,0,-2,2304,828,0,0
3072,3081.03,1.019,0,-1,2304,828,0,0
3073,3082.01,0.984,1,-2,2304,828,0,0
3074,3083.01,1.0,0,-2,2305,828,1,0
3075,3084.01,0.998,1,-1,2305,828,0,0
3076,3085.01,0.999,0,-2,2305,828,0,0
3077,3086.01,0.999,0,-2,2305,827,0,-1
3078,3087.04,1.027,1,-1,2305,827,0,0
3079,3088.05,1.012,0,-2,2308,828,3,1
3080,3089.05,0.996,1,-2,2310,828,2,0
3081,3090.02,0.97,0,-1,2310,828,0,0
3082,3091.05,1.037,0,-2,2313,831,3,3
3083,3092.03,0.975,1,-2,2313,831,0,0
3084,3093.01,0.986,0,-1,2313,831,0,0
3085,3094.01,0.998,1,-2,2313,830,0,-1
3086,3095.01,1.0,0,-1,2316,837,3,7
3087,3096.01,1.0,1,-2,2319,842,3,5
3088,3097.01,1.0,0,-2,2319,842,0,0
3089,3098.01,1.0,1,-1,2319,842,0,0
3090,3099.01,1.0,0,-2,2319,842,0,0
3091,3100.01,1.0,1,-2,2319,842,0,0
3092,3101.01,1.0,0,-1,2319,841,0,-1
3093,3102.03,1.017,1,-2,2320,843,1,2
3094,3103.03,1.006,0,-2,2322,848,2,5
3095,3104.01,0.979,1,-1,2322,848,0,0
3096,3105.01,0.998,0,-2,2323,849,1,1
3097,3106.01,1.0,1,-1,2323,849,0,0
3098,3107.01,1.0,0,-2,2323,849,0,0
3099,3108.01,1.0,1,-2,2323,848,0,-1
3100,3109.01,1.0,0,-1,2323,851,0,3
3101,3110.01,1.0,1,-2,2325,854,2,3
3102,3111.01,1.0,0,-2,2325,854,0,0
3103,3112.01,1.0,1,-1,2325,854,0,0
3104,3113.01,1.0,0,-2,2325,854,0,0
3105,3114.03,1.019,1,-1,2325,854,0,0
3106,3115.02,0.986,1,-2,2326,853,1,-1
3107,3116.01,0.999,0,-2,2328,857,2,4
3108,3117.01,0.999,1,-1,2328,860,0,3
3109,3118.01,1.001,0,-2,2328,860,0,0
3110,3119.01,0.998,1,-1,2328,861,0,1
3111,3120.01,1.0,0,-2,2328,861,0,0
3112,3121.01,1.0,1,-2,2328,861,0,0
3113,3122.01,1.001,1,-1,2328,860,0,-1
3114,3123.01,0.998,0,-2,2328,861,0,1
3115,3124.01,1.0,1,-1,2329,866,1,5
3116,3125.01,1.001,0,-2,2329,865,0,-1
3117,3126.01,0.999,1,-2,2329,865,0,0
3118,3127.01,1.0,1,-1,2329,866,0,1
3119,3128.01,1.0,0,-2,2329,865,0,-1
3120,3129.01,1.0,1,-1,2329,866,0,1
3121,3130.01,1.001,1,-2,2329,870,0,4
3122,3131.01,0.999,0,-1,2329,870,0,0
3123,3132.01,1.0,1,-2,2329,869,0,-1
3124,3133.03,1.021,0,-2,2329,870,0,1
3125,3134.02,0.983,1,-1,2329,870,0,0
3126,3135.01,0.997,1,-2,2329,869,0,-1
3127,3136.01,0.999,0,-1,2329,872,0,3
3128,3137.01,1.0,1,-2,2329,873,0,1
3129,3138.01,1.002,1,-1,2329,873,0,0
3130,3139.07,1.053,0,-2,2329,873,0,0
3131,3140.03,0.96,1,-2,2329,876,0,3
3132,3141.06,1.031,1,-1,2329,876,0,0
3133,3142.03,0.97,1,-2,2331,875,2,-1
3134,3143.01,0.987,0,-1,2331,876,0,1
3135,3144.01,0.998,1,-2,2331,876,0,0
3136,3145.01,0.999,1,-1,2331,878,0,2
3137,3146.01,1.0,0,-2,2331,878,0,0
3138,3147.01,1.0,1,-1,2331,878,0,0
3139,3148.01,1.0,1,-2,2331,877,0,-1
3140,3149.01,1.001,1,-2,2331,879,0,2
3141,3150.04,1.024,0,-1,2330,882,-1,3
3142,3151.03,0.997,1,-2,2330,882,0,0
3143,3152.01,0.981,1,-1,2328,882,-2,0
3144,3153.03,1.018,0,-2,2328,882,0,0
3145,3154.03,0.996,1,-1,2328,882,0,0
3146,3155.01,0.986,1,-2,2329,881,1,-1
3147,3156.04,1.024,1,-1,2329,884,0,3
3148,3157.01,0.978,1,-2,2328,885,-1,1
3149,3158.02,1.001,0,-1,2328,885,0,0
3150,3159.07,1.05,1,-2,2328,887,0,2
3151,3160.01,0.949,1,-1,2328,886,0,-1
3152,3161.01,0.997,1,-2,2328,886,0,0
3153,3162.01,0.999,0,-1,2329,884,1,-2
3154,3163.01,1.0,1,-2,2328,887,-1,3
3155,3164.03,1.02,1,-1,2327,888,-1,1
3156,3165.03,0.999,1,-2,2327,888,0,0
3157,3166.02,0.993,1,-1,2328,888,1,0
3158,3167.03,1.006,0,-2,2327,891,-1,3
3159,3168.01,0.985,1,-1,2324,894,-3,3
3160,3169.01,0.998,1,-2,2324,896,0,2
3161,3170.01,0.999,1,-1,2322,895,-2,-1
3162,3171.03,1.021,1,-2,2322,895,0,0
3163,3172.03,0.999,1,-1,2322,896,0,1
3164,3173.01,0.983,0,-2,2322,896,0,0
3165,3174.01,0.997,1,-1,2323,896,1,0
3166,3175.01,1.0,1,-2,2323,895,0,-1
3167,3176.01,1.0,1,-1,2323,895,0,0
3168,3177.01,1.0,1,-2,2323,895,0,0
3169,3178.01,1.0,1,-1,2322,895,-1,0
3170,3179.01,1.0,1,-2,2322,895,0,0
3171,3180.01,1.0,0,-1,2322,895,0,0
3172,3181.03,1.018,1,-2,2322,896,0,1
3173,3182.01,0.985,1,-1,2322,896,0,0
3174,3183.01,0.997,1,-1,2322,896,0,0
3175,3184.01,1.0,1,-2,2323,895,1,-1
3176,3185.01,1.0,1,-1,2323,895,0,0
3177,3186.01,1.0,1,-2,2322,896,-1,1
3178,3187.01,1.0,1,-1,2322,895,0,-1
3179,3188.01,1.0,1,-2,2322,895,0,0
3180,3189.01,1.0,1,-1,2322,895,0,0
3181,3190.06,1.05,0,-2,2322,893,0,-2
3182,3191.03,0.966,1,-1,2316,899,-6,6
3183,3192.07,1.044,1,-1,2316,899,0,0
3184,3193.03,0.955,1,-2,2316,899,0,0
3185,3194.01,0.988,1,-1,2313,902,-3,3
3186,3195.01,0.999,1,-2,2313,902,0,0
3187,3196.03,1.021,1,-1,2313,901,0,-1
3188,3197.02,0.983,1,-2,2314,899,1,-2
3189,3198.01,0.995,1,-1,2310,903,-4,4
3190,3199.01,1.0,1,-1,2304,906,-6,3
3191,3200.01,1.003,1,-2,2304,906,0,0
3192,3201.01,0.998,1,-1,2303,906,-1,0
3193,3202.01,0.999,1,-2,2303,906,0,0
3194,3203.01,1.0,1,-1,2303,906,0,0
3195,3204.04,1.027,1,-1,2304,905,1,-1
3196,3205.03,0.988,1,-2,2301,906,-3,1
3197,3206.01,0.988,1,-1,2297,909,-4,3
3198,3207.01,0.998,1,-2,2297,909,0,0
3199,3208.01,1.001,1,-1,2295,909,-2,0
3200,3209.01,1.0,1,-1,2295,909,0,0
3201,3210.01,0.999,1,-2,2295,909,0,0
3202,3211.04,1.026,1,-1,2296,908,1,-1
3203,3212.03,0.992,1,-1,2292,909,-4,1
3204,3213.01,0.984,1,-2,2288,911,-4,2
3205,3214.03,1.02,1,-1,2288,911,0,0
3206,3215.01,0.981,1,-1,2288,911,0,0
3207,3216.01,0.997,1,-2,2288,911,0,0
3208,3217.01,1.0,1,-1,2288,911,0,0
3209,3218.01,0.999,1,-2,2289,910,1,-1
3210,3219.01,1.0,1,-1,2285,911,-4,1
3211,3220.01,1.0,1,-1,2280,912,-5,1
3212,3221.01,1.0,1,-2,2280,912,0,0
3213,3222.01,1.0,1,-1,2280,912,0,0
3214,3223.01,1.0,1,-1,2279,912,-1,0
3215,3224.01,1.0,1,-2,2280,911,1,-1
3216,3225.01,1.0,1,-1,2279,911,-1,0
3217,3226.01,1.0,1,-1,2279,911,0,0
3218,3227.01,1.0,2,-2,2279,911,0,0
3219,3228.03,1.021,1,-1,2271,914,-8,3
3220,3229.02,0.985,1,-1,2271,914,0,0
3221,3230.01,0.994,1,-1,2271,914,0,0
3222,3231.01,1.0,1,-2,2272,913,1,-1
3223,3232.01,1.0,1,-1,2271,913,-1,0
3224,3233.01,1.0,1,-1,2264,915,-7,2
3225,3234.01,1.001,1,-2,2264,915,0,0
3226,3235.01,0.999,1,-1,2262,915,-2,0
3227,3236.01,1.0,1,-1,2262,915,0,0
3228,3237.01,1.0,2,-2,2262,915,0,0
3229,3238.01,1.001,1,-1,2263,914,1,-1
3230,3239.03,1.021,1,-1,2259,915,-4,1
3231,3240.06,1.032,1,-1,2255,917,-4,2
3232,3241.09,1.023,1,-2,2255,917,0,0
3233,3242.01,0.927,1,-1,2253,917,-2,0
3234,3243.06,1.049,1,-1,2253,917,0,0
3235,3244.03,0.963,2,-1,2253,917,0,0
3236,3245.01,0.986,1,-2,2254,916,1,-1
3237,3246.01,0.998,1,-1,2250,917,-4,1
3238,3247.03,1.021,1,-1,2246,918,-4,1
3239,3248.02,0.983,1,-1,2246,918,0,0
3240,3249.01,0.997,1,-2,2244,918,-2,0
3241,3250.01,1.002,2,-1,2244,918,0,0
3242,3251.01,0.999,1,-1,2244,918,0,0
3243,3252.01,0.999,1,-1,2245,917,1,-1
3244,3253.01,0.999,1,-2,2243,918,-2,1
3245,3254.03,1.022,1,-1,2237,920,-6,2
3246,3255.01,0.98,1,-1,2237,920,0,0
3247,3256.01,0.998,2,-1,2237,920,0,0
3248,3257.01,1.0,1,-1,2235,920,-2,0
3249,3258.03,1.02,1,-2,2236,919,1,-1
3250,3259.01,0.984,1,-1,2235,920,-1,1
3251,3260.01,0.998,1,-1,2229,921,-6,1
3252,3261.01,1.0,2,-1,2229,921,0,0
3253,3262.01,1.0,1,-1,2229,921,0,0
3254,3263.01,1.0,1,-2,2228,921,-1,0
3255,3264.01,1.001,1,-1,2228,921,0,0
3256,3265.01,0.999,2,-1,2229,920,1,-1
3257,3266.01,1.0,1,-1,2225,921,-4,1
3258,3267.01,1.0,1,-1,2223,921,-2,0
3259,3268.01,1.0,1,-1,2223,921,0,0
3260,3269.01,1.0,2,-2,2223,921,0,0
3261,3270.01,1.0,1,-1,2217,924,-6,3
3262,3271.01,1.0,1,-1,2217,924,0,0
3263,3272.01,1.0,1,-1,2218,923,1,-1
3264,3273.01,1.0,2,-1,2214,924,-4,1
3265,3274.03,1.021,1,-1,2213,924,-1,0
3266,3275.03,1.001,1,-2,2213,924,0,0
3267,3276.02,0.982,1,-1,2213,924,0,0
3268,3277.01,0.997,2,-1,2208,926,-5,2
3269,3278.01,0.999,1,-1,2209,925,1,-1
3270,3279.01,1.0,1,-1,2205,926,-4,1
3271,3280.03,1.02,1,-1,2205,926,0,0
3272,3281.01,0.984,2,-1,2205,926,0,0
3273,3282.01,0.998,1,-1,2205,927,0,1
3274,3283.01,0.999,1,-2,2205,927,0,0
3275,3284.01,1.0,2,-1,2205,927,0,0
3276,3285.01,1.0,1,-1,2206,926,1,-1
3277,3286.01,1.0,1,-1,2205,926,-1,0
3278,3287.01,1.0,2,-1,2199,929,-6,3
3279,3288.01,1.0,1,-1,2199,929,0,0
3280,3289.03,1.021,1,-1,2196,929,-3,0
3281,3290.06,1.032,1,-1,2196,929,0,0
3282,3291.03,0.962,2,-1,2196,929,0,0
3283,3292.01,0.987,1,-1,2197,928,1,-1
3284,3293.04,1.025,1,-1,2192,929,-5,1
3285,3294.03,0.988,2,-1,2187,932,-5,3
3286,3295.01,0.988,1,-2,2187,932,0,0
3287,3296.01,1.0,1,-1,2186,932,-1,0
3288,3297.01,0.999,2,-1,2186,932,0,0
3289,3298.01,0.998,1,-1,2186,932,0,0
3290,3299.01,1.0,1,-1,2187,931,1,-1
3291,3300.01,1.0,2,-1,2183,932,-4,1
3292,3301.01,0.999,1,-1,2177,933,-6,1
3293,3302.01,1.0,2,-1,2177,933,0,0
3294,3303.01,1.0,1,-1,2177,933,0,0
3295,3304.06,1.046,1,-1,2175,933,-2,0
3296,3305.03,0.969,2,-1,2176,932,1,-1
3297,3306.01,0.987,1,-1,2175,932,-1,0
3298,3307.01,0.998,1,-1,2168,935,-7,3
3299,3308.01,1.0,2,-1,2168,935,0,0
3300,3309.07,1.06,1,-1,2168,935,0,0
3301,3310.01,0.943,2,-1,2168,935,0,0
3302,3311.01,0.997,1,-1,2168,935,0,0
3303,3312.01,0.999,1,-1,2169,934,1,-1
3304,3313.01,1.001,2,-1,2165,935,-4,1
3305,3314.02,1.012,1,-1,2163,935,-2,0
3306,3315.01,0.987,2,-1,2163,935,0,0
3307,3316.01,1.0,1,-1,2159,935,-4,0
3308,3317.03,1.021,1,-1,2159,935,0,0
3309,3318.02,0.989,2,-1,2159,935,0,0
3310,3319.25,1.231,1,-1,2160,934,1,-1
3311,3320.02,0.769,2,-1,2157,935,-3,1
3312,3321.03,1.009,1,-1,2156,935,-1,0
3313,3322.03,1.002,1,-1,2156,935,0,0
3314,3323.01,0.982,2,0,2154,935,-2,0
3315,3324.01,0.999,1,-1,2154,935,0,0
3316,3325.06,1.043,2,-1,2154,935,0,0
3317,3326.02,0.959,1,-1,2155,934,1,-1
3318,3327.01,0.997,2,-1,2151,935,-4,1
3319,3328.01,1.0,1,-1,2148,935,-3,0
3320,3329.01,1.0,1,-1,2148,935,0,0
3321,3330.01,1.0,2,-1,2148,935,0,0
3322,3331.03,1.021,1,-1,2148,935,0,0
3323,3332.01,0.981,2,-1,2149,934,1,-1
3324,3333.01,0.997,1,-1,2148,934,-1,0
3325,3334.01,1.0,2,0,2148,934,0,0
3326,3335.05,1.04,1,-1,2142,935,-6,1
3327,3336.01,0.963,2,-1,2142,935,0,0
3328,3337.01,0.998,1,-1,2142,935,0,0
3329,3338.01,1.0,1,-1,2142,935,0,0
3330,3339.03,1.021,2,-1,2143,934,1,-1
3331,3340.01,0.982,1,-1,2141,934,-2,0
3332,3341.01,0.999,2,-1,2139,934,-2,0
3333,3342.07,1.054,1,0,2139,934,0,0
3334,3343.03,0.958,2,-1,2140,934,1,0
3335,3344.04,1.014,1,-1,2139,934,-1,0
3336,3345.03,0.987,2,-1,2139,934,0,0
3337,3346.02,0.989,1,-1,2140,934,1,0
3338,3347.01,0.996,2,-1,2138,934,-2,0
3339,3348.01,1.0,1,0,2136,934,-2,0
3340,3349.01,1.0,2,-1,2136,934,0,0
3341,3350.01,1.0,1,-1,2136,934,0,0
3342,3351.03,1.02,2,-1,2135,934,-1,0
3343,3352.01,0.983,1,-1,2135,934,0,0
3344,3353.01,0.998,2,0,2136,932,1,-2
3345,3354.01,0.999,1,-1,2135,932,-1,0
3346,3355.03,1.021,2,-1,2133,932,-2,0
3347,3356.01,0.98,1,-1,2133,932,0,0
3348,3357.01,0.999,2,-1,2133,932,0,0
3349,3358.01,1.0,1,0,2133,932,0,0
3350,3359.01,1.0,2,-1,2134,931,1,-1
3351,3360.01,1.0,1,-1,2133,929,-1,-2
3352,3361.01,1.0,2,-1,2133,929,0,0
3353,3362.01,1.0,1,0,2132,929,-1,0
3354,3363.01,1.0,2,-1,2132,929,0,0
3355,3364.03,1.019,2,-1,2132,929,0,0
3356,3365.01,0.985,1,-1,2130,929,-2,0
3357,3366.1,1.086,2,0,2131,928,1,-1
3358,3367.02,0.915,1,-1,2130,926,-1,-2
3359,3368.01,0.996,2,-1,2130,926,0,0
3360,3369.01,0.999,1,-1,2130,926,0,0
3361,3370.01,1.0,2,0,2130,926,0,0
3362,3371.01,1.001,1,-1,2131,926,1,0
3363,3372.01,1.001,2,-1,2131,926,0,0
3364,3373.01,0.998,1,0,2133,925,2,-1
3365,3374.01,1.0,2,-1,2132,925,-1,0
3366,3375.01,1.001,2,-1,2132,925,0,0
3367,3376.01,1.0,1,-1,2133,925,1,0
3368,3377.01,1.0,2,0,2133,925,0,0
3369,3378.01,1.0,1,-1,2133,925,0,0
3370,3379.01,1.0,2,-1,2134,925,1,0
3371,3380.01,1.001,1,0,2134,925,0,0
3372,3381.01,0.999,2,-1,2134,925,0,0
3373,3382.03,1.021,1,-1,2134,925,0,0
3374,3383.04,1.005,2,0,2134,925,0,0
3375,3384.05,1.008,2,-1,2136,925,2,0
3376,3385.04,0.996,1,-1,2137,923,1,-2
3377,3386.02,0.977,2,0,2137,923,0,0
3378,3387.04,1.026,1,-1,2137,923,0,0
3379,3388.04,1.0,2,0,2137,923,0,0
3380,3389.04,0.998,2,-1,2137,923,0,0
3381,3390.04,1.0,1,-1,2137,923,0,0
3382,3391.11,1.07,2,0,2137,923,0,0
3383,3392.05,0.933,1,-1,2139,923,2,0
3384,3393.63,1.585,2,-1,2139,923,0,0
3385,3395.67,2.035,1,0,2140,923,1,0
3386,3396.63,0.966,2,-1,2140,923,0,0
3387,3397.64,1.008,2,0,2142,923,2,0
3388,3398.63,0.987,1,-1,2142,923,0,0
3389,3399.63,1.006,2,0,2142,923,0,0
3390,3400.63,0.996,1,-1,2142,923,0,0
3391,3401.61,0.985,2,-1,2142,923,0,0
3392,3402.61,0.997,2,0,2143,923,1,0
3393,3403.74,1.129,1,-1,2145,922,2,-1
3394,3404.63,0.885,2,0,2145,922,0,0
3395,3405.78,1.158,2,-1,2145,922,0,0
3396,3406.63,0.842,1,0,2145,922,0,0
3397,3407.61,0.987,2,-1,2145,922,0,0
3398,3408.61,0.999,1,0,2145,922,0,0
3399,3409.61,0.999,2,-1,2145,922,0,0
3400,3410.61,1.0,2,0,2146,920,1,-2
3401,3411.63,1.017,1,-1,2146,920,0,0
3402,3412.62,0.991,2,-1,2146,920,0,0
3403,3413.61,0.995,2,0,2146,920,0,0
3404,3414.61,0.998,1,-1,2146,920,0,0
3405,3415.61,0.999,2,0,2148,920,2,0
3406,3416.61,1.001,1,-1,2149,919,1,-1
3407,3417.61,1.0,2,0,2149,919,0,0
3408,3418.61,1.0,2,-1,2149,919,0,0
3409,3419.61,1.0,1,0,2149,919,0,0
3410,3420.61,1.002,2,0,2149,919,0,0
3411,3421.61,0.999,2,-1,2149,919,0,0
3412,3422.61,0.999,1,0,2151,917,2,-2
3413,3423.61,1.0,2,-1,2151,917,0,0
3414,3424.61,1.001,1,0,2151,917,0,0
3415,3425.61,1.0,2,-1,2151,917,0,0
3416,3426.61,0.999,2,0,2152,917,1,0
3417,3427.61,1.002,1,-1,2152,917,0,0
3418,3428.62,1.008,2,0,2152,917,0,0
3419,3429.63,1.011,2,0,2154,917,2,0
3420,3430.62,0.987,1,-1,2154,917,0,0
3421,3431.61,0.994,2,0,2154,917,0,0
3422,3432.61,0.998,2,-1,2154,917,0,0
3423,3433.61,0.999,1,0,2154,917,0,0
3424,3434.61,1.0,2,-1,2154,917,0,0
3425,3435.61,1.0,2,0,2155,917,1,0
3426,3436.61,1.0,1,0,2155,917,0,0
3427,3437.61,1.0,2,-1,2155,917,0,0
3428,3438.61,1.0,2,0,2155,917,0,0
3429,3439.61,1.001,1,0,2155,917,0,0
3430,3440.61,1.0,2,-1,2155,917,0,0
3431,3441.61,1.0,2,0,2157,916,2,-1
3432,3442.73,1.12,1,-1,2157,916,0,0
3433,3443.63,0.897,2,0,2157,916,0,0
3434,3444.61,0.986,2,0,2157,916,0,0
3435,3445.68,1.066,1,-1,2157,916,0,0
3436,3446.63,0.954,2,0,2157,916,0,0
3437,3447.61,0.981,2,0,2158,916,1,0
3438,3448.61,1.0,1,-1,2158,916,0,0
3439,3449.61,0.997,2,0,2158,916,0,0
3440,3450.61,1.0,2,0,2158,916,0,0
3441,3451.61,1.0,1,-1,2158,916,0,0
3442,3452.61,1.0,2,0,2158,916,0,0
3443,3453.61,0.999,2,0,2160,914,2,-2
3444,3454.63,1.019,1,0,2160,914,0,0
3445,3455.63,1.001,2,-1,2160,914,0,0
3446,3456.63,1.002,2,0,2160,914,0,0
3447,3457.61,0.98,1,0,2160,914,0,0
3448,3458.61,0.999,2,-1,2160,914,0,0
3449,3459.61,1.0,2,0,2161,913,1,-1
3450,3460.69,1.077,1,0,2161,913,0,0
3451,3461.61,0.926,2,0,2161,913,0,0
3452,3462.61,0.997,2,-1,2161,913,0,0
3453,3463.63,1.021,2,0,2161,913,0,0
3454,3464.61,0.981,1,0,2161,913,0,0
3455,3465.61,0.997,2,0,2163,913,2,0
3456,3466.63,1.016,2,-1,2163,913,0,0
3457,3467.61,0.986,1,0,2163,913,0,0
3458,3468.61,0.999,2,0,2163,913,0,0
3459,3469.61,0.999,2,0,2163,913,0,0
3460,3470.61,1.0,1,0,2163,913,0,0
3461,3471.61,1.0,2,-1,2164,913,1,0
3462,3472.61,1.0,2,0,2164,913,0,0
3463,3473.61,0.999,1,0,2164,913,0,0
3464,3474.61,1.0,2,0,2164,913,0,0
3465,3475.63,1.02,2,0,2166,913,2,0
3466,3476.63,0.996,2,-1,2166,913,0,0
3467,3477.65,1.025,1,0,2167,911,1,-2
3468,3478.68,1.026,2,0,2167,911,0,0
3469,3479.62,0.939,2,0,2167,911,0,0
3470,3480.62,0.998,1,0,2167,911,0,0
3471,3481.61,0.997,2,0,2169,911,2,0
3472,3482.61,1.001,2,-1,2169,911,0,0
3473,3483.63,1.019,1,0,2170,911,1,0
3474,3484.63,0.998,2,0,2170,911,0,0
3475,3485.61,0.985,2,0,2170,911,0,0
3476,3486.61,0.998,1,0,2170,911,0,0
3477,3487.63,1.021,2,0,2170,911,0,0
3478,3488.63,1.0,2,0,2172,911,2,0
3479,3489.63,0.996,2,0,2173,911,1,0
3480,3490.61,0.986,1,-1,2173,911,0,0
3481,3491.63,1.016,2,0,2173,911,0,0
3482,3492.67,1.038,2,0,2173,911,0,0
3483,3493.63,0.957,1,0,2173,911,0,0
3484,3494.61,0.988,2,0,2175,911,2,0
3485,3495.65,1.034,2,0,2176,911,1,0
3486,3496.61,0.966,1,0,2176,911,0,0
3487,3497.61,0.998,2,0,2176,911,0,0
3488,3498.61,0.999,2,0,2176,911,0,0
3489,3499.64,1.025,2,0,2176,911,0,0
3490,3500.61,0.975,1,0,2176,911,0,0
3491,3501.61,1.0,2,0,2178,910,2,-1
3492,3502.61,1.0,2,0,2178,910,0,0
3493,3503.66,1.049,1,0,2178,910,0,0
3494,3504.61,0.951,2,0,2178,910,0,0
3495,3505.61,1.001,2,0,2178,910,0,0
3496,3506.63,1.016,2,-1,2178,910,0,0
3497,3507.61,0.984,1,0,2179,910,1,0
3498,3508.61,1.001,2,0,2179,910,0,0
3499,3509.61,0.998,2,0,2179,910,0,0
3500,3510.61,1.0,1,0,2179,910,0,0
3501,3511.61,0.999,2,0,2179,910,0,0
3502,3512.61,1.0,2,0,2181,910,2,0
3503,3513.63,1.016,1,1,2182,910,1,0
3504,3514.61,0.986,2,0,2182,910,0,0
3505,3515.61,0.998,2,0,2182,910,0,0
3506,3516.61,0.999,2,0,2182,910,0,0
3507,3517.61,1.0,1,0,2182,910,0,0
3508,3518.61,1.0,2,0,2184,910,2,0
3509,3519.61,1.001,2,0,2185,910,1,0
3510,3520.61,1.0,1,0,2185,910,0,0
3511,3521.61,1.0,2,0,2185,910,0,0
3512,3522.61,1.0,2,0,2185,910,0,0
3513,3523.61,1.001,2,0,2185,910,0,0
3514,3524.61,0.999,1,0,2187,910,2,0
3515,3525.63,1.019,2,0,2188,910,1,0
3516,3526.63,1.001,2,0,2188,910,0,0
3517,3527.61,0.983,1,0,2188,910,0,0
3518,3528.61,0.997,2,0,2188,910,0,0
3519,3529.61,0.999,2,1,2188,910,0,0
3520,3530.63,1.023,1,0,2188,910,0,0
3521,3531.61,0.98,2,0,2190,910,2,0
3522,3532.61,0.999,2,0,2190,910,0,0
3523,3533.61,0.999,2,0,2190,910,0,0
3524,3534.61,1.001,1,0,2190,910,0,0
3525,3535.61,0.999,2,0,2190,910,0,0
3526,3536.61,1.0,2,0,2191,910,1,0
3527,3537.61,1.0,1,1,2193,910,2,0
3528,3538.65,1.034,2,0,2193,910,0,0
3529,3539.62,0.97,2,0,2193,910,0,0
3530,3540.61,0.997,1,0,2193,910,0,0
3531,3541.61,0.999,2,0,2193,910,0,0
3532,3542.61,1.0,2,0,2194,910,1,0
3533,3543.68,1.068,1,1,2196,910,2,0
3534,3544.63,0.947,2,0,2196,910,0,0
3535,3545.62,0.991,2,0,2196,910,0,0
3536,3546.61,0.995,2,0,2196,910,0,0
3537,3547.64,1.028,1,0,2196,910,0,0
3538,3548.63,0.986,2,1,2197,910,1,0
3539,3549.61,0.987,2,0,2199,910,2,0
3540,3550.61,0.999,1,0,2199,910,0,0
3541,3551.61,1.0,2,0,2199,910,0,0
3542,3552.61,1.0,2,0,2199,910,0,0
3543,3553.65,1.042,1,1,2199,910,0,0
3544,3554.61,0.961,2,0,2200,910,1,0
3545,3555.63,1.013,2,0,2202,910,2,0
3546,3556.63,1.002,1,0,2202,910,0,0
3547,3557.61,0.984,2,1,2202,910,0,0
3548,3558.61,0.999,2,0,2202,910,0,0
3549,3559.61,1.0,2,0,2202,910,0,0
3550,3560.61,0.999,1,0,2203,910,1,0
3551,3561.61,1.001,2,1,2205,910,2,0
3552,3562.61,0.999,2,0,2205,910,0,0
3553,3563.61,1.0,1,0,2205,910,0,0
3554,3564.61,1.0,2,1,2205,910,0,0
3555,3565.61,1.0,2,0,2205,910,0,0
3556,3566.61,1.0,1,0,2206,910,1,0
3557,3567.61,1.001,2,0,2208,911,2,1
3558,3568.63,1.017,2,1,2208,911,0,0
3559,3569.62,0.987,1,0,2208,911,0,0
3560,3570.61,0.998,2,0,2208,911,0,0
3561,3571.61,0.999,2,1,2208,911,0,0
3562,3572.63,1.018,1,0,2208,911,0,0
3563,3573.61,0.983,2,0,2208,911,0,0
3564,3574.61,0.998,2,1,2209,911,1,0
3565,3575.63,1.018,1,0,2209,911,0,0
3566,3576.61,0.985,2,0,2209,911,0,0
3567,3577.61,0.998,2,1,2209,911,0,0
3568,3578.61,0.999,1,0,2209,911,0,0
3569,3579.61,1.001,2,1,2209,911,0,0
3570,3580.63,1.019,2,0,2211,911,2,0
3571,3581.61,0.983,1,0,2211,911,0,0
3572,3582.61,0.998,2,1,2211,911,0,0
3573,3583.61,0.999,2,0,2211,911,0,0
3574,3584.61,1.0,1,0,2211,911,0,0
3575,3585.63,1.021,2,1,2211,911,0,0
3576,3586.61,0.982,2,0,2212,911,1,0
3577,3587.63,1.013,1,1,2212,911,0,0
3578,3588.63,1.006,2,0,2212,911,0,0
3579,3589.61,0.981,2,1,2212,911,0,0
3580,3590.61,0.997,1,0,2212,911,0,0
3581,3591.61,1.0,2,0,2212,911,0,0
3582,3592.61,1.0,2,1,2214,911,2,0
3583,3593.66,1.047,1,0,2214,911,0,0
3584,3594.63,0.968,2,1,2214,911,0,0
3585,3595.62,0.99,1,0,2214,911,0,0
3586,3596.61,0.996,2,1,2214,911,0,0
3587,3597.61,0.999,2,0,2214,911,0,0
3588,3598.61,1.001,1,1,2215,912,1,1
3589,3599.62,1.002,2,0,2215,912,0,0
3590,3600.63,1.017,2,0,2215,912,0,0
3591,3601.61,0.983,1,1,2215,912,0,0
3592,3602.61,0.998,2,0,2215,912,0,0
3593,3603.61,0.999,2,1,2215,912,0,0
3594,3604.61,1.0,1,0,2217,912,2,0
3595,3605.63,1.016,2,1,2217,912,0,0
3596,3606.61,0.986,1,0,2217,912,0,0
3597,3607.63,1.016,2,1,2217,912,0,0
3598,3608.63,1.002,2,1,2218,912,1,0
3599,3609.62,0.983,1,0,2218,912,0,0
3600,3610.67,1.058,2,1,2220,912,2,0
3601,3611.61,0.941,2,0,2220,912,0,0
3602,3612.61,0.997,1,1,2220,912,0,0
3603,3613.63,1.019,2,0,2220,912,0,0
3604,3614.61,0.983,1,1,2221,912,1,0
3605,3615.64,1.026,2,0,2221,912,0,0
3606,3616.63,0.991,2,1,2223,914,2,2
3607,3617.63,0.997,1,0,2223,914,0,0
3608,3618.61,0.986,2,1,2223,914,0,0
3609,3619.61,0.999,1,1,2223,914,0,0
3610,3620.61,0.999,2,0,2224,914,1,0
3611,3621.63,1.022,2,1,2224,914,0,0
3612,3622.63,0.994,1,0,2226,914,2,0
3613,3623.63,1.002,2,1,2226,914,0,0
3614,3624.61,0.986,1,0,2226,914,0,0
3615,3625.61,0.998,2,1,2226,914,0,0
3616,3626.61,1.0,2,1,2226,914,0,0
3617,3627.61,1.0,1,0,2226,914,0,0
3618,3628.61,1.0,2,1,2227,914,1,0
3619,3629.63,1.018,1,1,2227,914,0,0
3620,3630.63,1.004,2,0,2227,914,0,0
3621,3631.62,0.983,2,1,2227,914,0,0
3622,3632.61,0.996,1,0,2227,914,0,0
3623,3633.61,0.999,2,1,2229,914,2,0
3624,3634.61,1.0,1,1,2230,915,1,1
3625,3635.61,1.0,2,0,2230,915,0,0
3626,3636.61,1.0,1,1,2230,915,0,0
3627,3637.61,1.0,2,1,2230,915,0,0
3628,3638.61,1.0,2,0,2230,915,0,0
3629,3639.61,1.0,1,1,2230,915,0,0
3630,3640.61,1.0,2,1,2232,917,2,2
3631,3641.61,1.001,1,0,2232,917,0,0
3632,3642.61,0.999,2,1,2232,917,0,0
3633,3643.61,1.0,1,1,2232,917,0,0
3634,3644.66,1.047,2,1,2232,917,0,0
3635,3645.63,0.968,1,0,2232,917,0,0
3636,3646.61,0.988,2,1,2233,918,1,1
3637,3647.61,0.998,2,1,2233,918,0,0
3638,3648.61,1.0,1,0,2233,918,0,0
3639,3649.7,1.09,2,1,2233,918,0,0
3640,3650.63,0.928,1,1,2233,918,0,0
3641,3651.66,1.027,2,1,2233,918,0,0
3642,3652.61,0.956,1,0,2235,918,2,0
3643,3653.61,0.999,2,1,2235,918,0,0
3644,3654.61,1.001,1,1,2235,918,0,0
3645,3655.61,1.0,2,1,2235,918,0,0
3646,3656.61,0.998,1,0,2235,918,0,0
3647,3657.61,1.0,2,1,2236,918,1,0
3648,3658.64,1.028,1,1,2238,920,2,2
3649,3659.63,0.988,2,1,2238,920,0,0
3650,3660.62,0.988,1,0,2238,920,0,0
3651,3661.61,0.998,2,1,2238,920,0,0
3652,3662.62,1.002,1,1,2238,920,0,0
3653,3663.63,1.016,2,1,2239,920,1,0
3654,3664.61,0.983,1,1,2241,921,2,1
3655,3665.61,0.998,2,0,2241,921,0,0
3656,3666.61,0.999,2,1,2241,921,0,0
3657,3667.61,1.0,1,1,2241,921,0,0
3658,3668.61,0.999,2,1,2241,921,0,0
3659,3669.61,0.999,1,1,2242,921,1,0
3660,3670.61,1.001,1,0,2244,923,2,2
3661,3671.63,1.02,2,1,2244,923,0,0
3662,3672.62,0.985,1,1,2244,923,0,0
3663,3673.61,0.997,2,1,2244,923,0,0
3664,3674.61,1.001,1,1,2244,923,0,0
3665,3675.61,0.998,2,1,2245,923,1,0
3666,3676.63,1.015,1,0,2247,924,2,1
3667,3677.61,0.986,2,1,2247,924,0,0
3668,3678.65,1.04,1,1,2247,924,0,0
3669,3679.63,0.976,2,1,2247,924,0,0
3670,3680.61,0.984,1,1,2247,924,0,0
3671,3681.61,0.998,2,1,2247,924,0,0
3672,3682.61,0.999,1,1,2248,926,1,2
3673,3683.61,1.001,2,1,2248,926,0,0
3674,3684.61,1.0,1,0,2248,926,0,0
3675,3685.61,0.999,2,1,2248,926,0,0
3676,3686.61,1.0,1,1,2248,926,0,0
3677,3687.61,1.0,1,1,2248,926,0,0
3678,3688.61,1.0,2,1,2250,927,2,1
3679,3689.61,1.002,1,1,2250,927,0,0
3680,3690.61,0.999,2,1,2250,927,0,0
3681,3691.61,1.0,1,1,2250,927,0,0
3682,3692.61,1.0,2,1,2250,927,0,0
3683,3693.63,1.022,1,1,2250,927,0,0
3684,3694.61,0.982,1,1,2250,927,0,0
3685,3695.69,1.074,2,0,2251,927,1,0
3686,3696.63,0.941,1,1,2251,927,0,0
3687,3697.61,0.985,2,1,2251,927,0,0
3688,3698.61,0.998,1,1,2251,927,0,0
3689,3699.65,1.034,2,1,2253,927,2,0
3690,3700.63,0.983,1,1,2253,927,0,0
3691,3701.61,0.984,1,1,2254,929,1,2
3692,3702.61,0.999,2,1,2254,929,0,0
3693,3703.61,0.999,1,1,2254,929,0,0
3694,3704.61,1.0,2,1,2254,929,0,0
3695,3705.63,1.021,1,1,2254,929,0,0
3696,3706.61,0.982,1,1,2254,929,0,0
3697,3707.61,0.997,2,1,2256,930,2,1
3698,3708.64,1.032,1,1,2256,930,0,0
3699,3709.61,0.971,2,1,2256,930,0,0
3700,3710.61,0.998,1,1,2256,930,0,0
3701,3711.61,0.998,1,1,2257,930,1,0
3702,3712.61,1.002,2,1,2257,930,0,0
3703,3713.63,1.02,1,1,2259,932,2,2
3704,3714.62,0.983,1,1,2259,932,0,0
3705,3715.61,0.997,2,1,2259,932,0,0
3706,3716.61,1.001,1,1,2259,932,0,0
3707,3717.61,0.998,1,1,2259,932,0,0
3708,3718.61,1.0,2,1,2259,932,0,0
3709,3719.61,0.998,1,1,2260,933,1,1
3710,3720.61,1.004,1,1,2260,933,0,0
3711,3721.61,0.998,2,1,2260,933,0,0
3712,3722.61,1.0,1,1,2260,933,0,0
3713,3723.61,1.0,2,2,2260,933,0,0
3714,3724.64,1.026,1,1,2260,933,0,0
3715,3725.62,0.978,1,1,2262,935,2,2
3716,3726.63,1.01,1,1,2262,935,0,0
3717,3727.61,0.99,2,1,2262,935,0,0
3718,3728.61,0.998,1,1,2262,935,0,0
3719,3729.61,1.001,1,1,2262,935,0,0
3720,3730.61,0.998,2,1,2262,935,0,0
3721,3731.61,1.0,1,1,2263,936,1,1
3722,3732.63,1.017,1,1,2263,936,0,0
3723,3733.61,0.986,2,1,2263,936,0,0
3724,3734.63,1.017,1,1,2263,936,0,0
3725,3735.61,0.984,1,2,2263,936,0,0
3726,3736.61,0.998,2,1,2263,936,0,0
3727,3737.61,0.999,1,1,2265,938,2,2
3728,3738.63,1.017,1,1,2265,938,0,0
3729,3739.62,0.987,1,1,2265,938,0,0
3730,3740.63,1.017,2,1,2265,938,0,0
3731,3741.61,0.983,1,1,2265,938,0,0
3732,3742.61,0.998,1,1,2265,938,0,0
3733,3743.61,0.999,1,2,2266,939,1,1
3734,3744.63,1.017,2,1,2266,939,0,0
3735,3745.67,1.045,1,1,2266,939,0,0
3736,3746.63,0.953,1,1,2266,939,0,0
3737,3747.63,1.004,2,1,2266,939,0,0
3738,3748.61,0.985,1,1,2266,939,0,0
3739,3749.63,1.016,1,2,2268,941,2,2
3740,3750.65,1.015,1,1,2268,941,0,0
3741,3751.63,0.979,1,1,2268,941,0,0
3742,3752.61,0.987,2,1,2268,941,0,0
3743,3753.61,0.998,1,1,2268,941,0,0
3744,3754.61,0.999,1,1,2269,941,1,0
3745,3755.63,1.019,1,2,2271,942,2,1
3746,3756.61,0.985,2,1,2271,942,0,0
3747,3757.61,0.998,1,1,2271,942,0,0
3748,3758.64,1.023,1,1,2271,942,0,0
3749,3759.61,0.977,1,1,2271,942,0,0
3750,3760.68,1.07,1,2,2271,942,0,0
3751,3761.62,0.932,2,1,2272,944,1,2
3752,3762.61,0.998,1,1,2272,944,0,0
3753,3763.61,0.999,1,1,2272,944,0,0
3754,3764.61,1.0,1,1,2272,944,0,0
3755,3765.61,1.0,1,2,2272,944,0,0
3756,3766.61,0.999,2,1,2274,944,2,0
3757,3767.63,1.017,1,1,2275,945,1,1
3758,3768.61,0.986,1,1,2275,945,0,0
3759,3769.61,0.998,1,2,2275,945,0,0
3760,3770.61,1.001,1,1,2275,945,0,0
3761,3771.61,0.998,1,1,2275,945,0,0
3762,3772.65,1.043,2,1,2275,945,0,0
3763,3773.67,1.013,1,2,2277,947,2,2
3764,3774.63,0.962,1,1,2277,947,0,0
3765,3775.63,1.002,1,1,2277,947,0,0
3766,3776.61,0.982,1,1,2277,947,0,0
3767,3777.61,0.999,1,2,2277,947,0,0
3768,3778.61,0.999,1,1,2277,947,0,0
3769,3779.63,1.021,2,1,2278,948,1,1
3770,3780.63,0.998,1,1,2278,948,0,0
3771,3781.62,0.984,1,2,2278,948,0,0
3772,3782.61,0.997,1,1,2278,948,0,0
3773,3783.61,1.002,1,1,2278,948,0,0
3774,3784.61,1.0,1,2,2278,948,0,0
3775,3785.61,0.998,1,1,2280,950,2,2
3776,3786.61,1.0,1,1,2280,950,0,0
3777,3787.65,1.041,1,2,2280,950,0,0
3778,3788.63,0.98,2,1,2280,950,0,0
3779,3789.61,0.981,1,1,2280,950,0,0
3780,3790.61,0.998,1,1,2280,951,0,1
3781,3791.61,1.0,1,2,2281,953,1,2
3782,3792.61,1.0,1,1,2281,953,0,0
3783,3793.61,0.999,1,1,2281,953,0,0
3784,3794.61,1.0,1,2,2281,953,0,0
3785,3795.61,0.999,1,1,2281,953,0,0
3786,3796.66,1.052,1,1,2281,954,0,1
3787,3797.62,0.955,1,2,2283,956,2,2
3788,3798.61,0.994,1,1,2283,956,0,0
3789,3799.61,0.999,1,1,2283,956,0,0
3790,3800.61,1.001,1,2,2283,956,0,0
3791,3801.64,1.03,1,1,2283,956,0,0
3792,3802.63,0.984,1,2,2283,956,0,0
3793,3803.63,1.006,1,1,2284,957,1,1
3794,3804.63,0.995,1,1,2284,957,0,0
3795,3805.62,0.991,1,2,2284,957,0,0
3796,3806.61,0.995,2,1,2284,957,0,0
3797,3807.61,1.0,1,1,2284,957,0,0
3798,3808.61,1.001,1,2,2284,957,0,0
3799,3809.63,1.017,1,1,2286,959,2,2
3800,3810.61,0.984,1,1,2286,959,0,0
3801,3811.61,0.999,1,2,2286,959,0,0
3802,3812.61,0.999,1,1,2286,959,0,0
3803,3813.61,1.0,1,2,2286,959,0,0
3804,3814.61,1.0,0,1,2286,960,0,1
3805,3815.61,1.001,1,1,2286,960,0,0
3806,3816.62,1.005,1,2,2287,962,1,2
3807,3817.63,1.011,1,1,2287,962,0,0
3808,3818.61,0.986,1,2,2287,962,0,0
3809,3819.63,1.018,1,1,2287,962,0,0
3810,3820.61,0.982,1,1,2287,963,0,1
3811,3821.63,1.014,1,2,2287,963,0,0
3812,3822.61,0.987,1,1,2289,965,2,2
3813,3823.61,0.998,1,2,2289,965,0,0
3814,3824.66,1.05,1,1,2289,965,0,0
3815,3825.61,0.95,1,2,2289,965,0,0
3816,3826.61,0.999,1,1,2289,965,0,0
3817,3827.61,1.0,1,1,2289,965,0,0
3818,3828.61,1.0,1,2,2290,966,1,1
3819,3829.63,1.017,1,1,2290,966,0,0
3820,3830.63,1.002,1,2,2290,966,0,0
3821,3831.62,0.985,1,1,2290,966,0,0
3822,3832.61,0.998,0,2,2290,968,0,2
3823,3833.61,1.001,1,1,2290,968,0,0
3824,3834.61,0.997,1,2,2292,969,2,1
3825,3835.63,1.019,1,1,2292,969,0,0
3826,3836.61,0.984,1,1,2292,969,0,0
3827,3837.61,0.997,1,2,2292,969,0,0
3828,3838.63,1.018,1,1,2292,969,0,0
3829,3839.62,0.99,1,2,2292,969,0,0
3830,3840.61,0.993,0,1,2293,971,1,2
3831,3841.61,0.999,1,2,2293,971,0,0
3832,3842.61,0.999,1,1,2293,971,0,0
3833,3843.61,1.0,1,2,2293,971,0,0
3834,3844.61,1.0,1,1,2293,972,0,1
3835,3845.61,1.001,1,2,2293,972,0,0
3836,3846.61,0.999,1,1,2295,974,2,2
3837,3847.66,1.049,0,2,2295,974,0,0
3838,3848.63,0.968,1,1,2295,974,0,0
3839,3849.69,1.06,1,2,2295,974,0,0
3840,3850.64,0.948,1,1,2295,974,0,0
3841,3851.61,0.978,1,2,2295,975,0,1
3842,3852.61,0.999,0,1,2296,977,1,2
3843,3853.61,0.997,1,2,2296,977,0,0
3844,3854.61,1.001,1,1,2296,977,0,0
3845,3855.61,1.0,1,2,2296,977,0,0
3846,3856.61,1.0,1,1,2296,977,0,0
3847,3857.61,1.0,0,2,2296,978,0,1
3848,3858.63,1.017,1,1,2296,980,0,2
3849,3859.63,1.003,1,2,2296,980,0,0
3850,3860.61,0.981,1,1,2296,980,0,0
3851,3861.61,0.999,1,2,2296,980,0,0
3852,3862.61,1.0,0,1,2296,980,0,0
3853,3863.61,1.0,1,2,2296,981,0,1
3854,3864.61,1.0,1,1,2298,983,2,2
3855,3865.63,1.02,1,2,2298,983,0,0
3856,3866.64,1.006,0,1,2298,983,0,0
3857,3867.61,0.976,1,2,2298,983,0,0
3858,3868.61,0.998,1,1,2298,983,0,0
3859,3869.61,1.001,1,2,2298,984,0,1
3860,3870.62,1.003,0,2,2299,986,1,2
3861,3871.61,0.997,1,1,2299,986,0,0
3862,3872.61,0.998,1,2,2299,986,0,0
3863,3873.61,1.0,0,1,2299,986,0,0
3864,3874.68,1.064,1,2,2299,986,0,0
3865,3875.61,0.937,1,1,2299,987,0,1
3866,3876.61,1.001,0,2,2301,989,2,2
3867,3877.61,0.999,1,1,2301,989,0,0
3868,3878.61,1.0,1,2,2301,989,0,0
3869,3879.61,1.001,1,2,2301,989,0,0
3870,3880.61,1.001,0,1,2301,989,0,0
3871,3881.66,1.043,1,2,2301,989,0,0
3872,3882.61,0.959,1,1,2302,990,1,1
3873,3883.61,0.998,0,2,2302,990,0,0
3874,3884.61,0.999,1,1,2302,990,0,0
3875,3885.61,1.0,1,2,2302,990,0,0
3876,3886.61,1.0,0,2,2302,990,0,0
3877,3887.61,0.999,1,1,2302,992,0,2
3878,3888.63,1.018,0,2,2304,993,2,1
3879,3889.61,0.986,1,1,2304,993,0,0
3880,3890.61,0.997,1,2,2304,993,0,0
3881,3891.61,1.0,0,1,2304,993,0,0
3882,3892.61,1.0,1,2,2304,993,0,0
3883,3893.61,1.0,1,2,2304,993,0,0
3884,3894.61,1.0,0,1,2305,995,1,2
3885,3895.61,1.001,1,2,2305,995,0,0
3886,3896.63,1.02,0,1,2305,995,0,0
3887,3897.67,1.041,1,2,2305,995,0,0
3888,3898.63,0.953,0,2,2305,995,0,0
3889,3899.61,0.987,1,1,2305,996,0,1
3890,3900.63,1.013,1,2,2307,998,2,2
3891,3901.62,0.989,0,1,2307,998,0,0
3892,3902.61,0.998,1,2,2307,998,0,0
3893,3903.65,1.033,0,2,2307,998,0,0
3894,3904.62,0.979,1,1,2307,998,0,0
3895,3905.63,1.008,0,2,2307,998,0,0
3896,3906.61,0.982,1,1,2307,999,0,1
3897,3907.63,1.014,1,2,2307,999,0,0
3898,3908.61,0.986,0,2,2307,999,0,0
3899,3909.61,0.999,1,1,2307,999,0,0
3900,3910.67,1.059,0,2,2307,999,0,0
3901,3911.62,0.943,1,2,2307,1001,0,2
3902,3912.62,1.0,0,1,2308,1002,1,1
3903,3913.63,1.015,1,2,2308,1002,0,0
3904,3914.61,0.984,0,1,2308,1002,0,0
3905,3915.61,0.998,1,2,2308,1002,0,0
3906,3916.61,0.999,0,2,2308,1002,0,0
3907,3917.61,1.0,1,1,2308,1004,0,2
3908,3918.61,0.999,0,2,2308,1005,0,1
3909,3919.61,1.002,1,2,2308,1005,0,0
3910,3920.61,0.999,0,1,2308,1005,0,0
3911,3921.61,1.0,1,2,2308,1005,0,0
3912,3922.63,1.02,0,2,2308,1005,0,0
3913,3923.61,0.984,0,1,2308,1005,0,0
3914,3924.61,0.997,1,2,2308,1007,0,2
3915,3925.61,1.001,0,1,2308,1007,0,0
3916,3926.61,0.999,1,2,2308,1007,0,0
3917,3927.65,1.036,0,2,2308,1007,0,0
3918,3928.63,0.985,1,1,2308,1007,0,0
3919,3929.63,1.0,0,2,2308,1007,0,0
3920,3930.61,0.981,1,2,2308,1008,0,1
3921,3931.63,1.014,0,1,2308,1008,0,0
3922,3932.62,0.987,0,2,2308,1008,0,0
3923,3933.63,1.017,1,2,2308,1008,0,0
3924,3934.62,0.983,0,1,2308,1008,0,0
3925,3935.61,0.997,1,2,2308,1010,0,2
3926,3936.63,1.017,0,2,2310,1011,2,1
3927,3937.62,0.988,0,1,2310,1011,0,0
3928,3938.61,0.996,1,2,2310,1011,0,0
3929,3939.61,0.999,0,2,2310,1011,0,0
3930,3940.61,1.0,0,1,2310,1011,0,0
3931,3941.63,1.02,1,2,2310,1013,0,2
3932,3942.61,0.983,0,2,2310,1014,0,1
3933,3943.63,1.016,1,1,2310,1014,0,0
3934,3944.62,0.984,0,2,2310,1014,0,0
3935,3945.61,0.997,0,2,2310,1014,0,0
3936,3946.63,1.02,1,1,2310,1014,0,0
3937,3947.61,0.983,0,2,2310,1016,0,2
3938,3948.66,1.05,0,2,2310,1016,0,0
3939,3949.63,0.961,1,1,2311,1017,1,1
3940,3950.62,0.992,0,2,2311,1017,0,0
3941,3951.61,0.995,0,2,2311,1017,0,0
3942,3952.61,0.999,0,1,2311,1017,0,0
3943,3953.61,1.001,1,2,2311,1019,0,2
3944,3954.63,1.018,0,2,2311,1019,0,0
3945,3955.61,0.982,0,1,2311,1020,0,1
3946,3956.63,1.014,1,2,2311,1020,0,0
3947,3957.61,0.986,0,2,2311,1020,0,0
3948,3958.63,1.013,0,1,2311,1020,0,0
3949,3959.61,0.987,0,2,2311,1022,0,2
3950,3960.61,0.999,1,2,2311,1022,0,0
3951,3961.61,1.0,0,1,2311,1023,0,1
3952,3962.63,1.016,0,2,2311,1023,0,0
3953,3963.63,1.003,0,2,2311,1023,0,0
3954,3964.61,0.983,1,2,2311,1023,0,0
3955,3965.61,0.997,0,1,2311,1025,0,2
3956,3966.63,1.017,0,2,2311,1025,0,0
3957,3967.62,0.987,0,2,2313,1026,2,1
3958,3968.61,0.998,1,1,2313,1026,0,0
3959,3969.61,0.999,0,2,2313,1026,0,0
3960,3970.61,1.0,0,2,2313,1026,0,0
3961,3971.61,0.999,0,1,2313,1028,0,2
3962,3972.63,1.017,0,2,2313,1028,0,0
3963,3973.61,0.985,1,2,2313,1029,0,1
3964,3974.64,1.022,0,1,2313,1029,0,0
3965,3975.61,0.979,0,2,2313,1029,0,0
3966,3976.61,0.997,0,2,2313,1029,0,0
3967,3977.61,1.0,0,2,2313,1029,0,0
3968,3978.61,1.0,1,1,2313,1029,0,0
3969,3979.61,1.0,0,2,2314,1031,1,2
3970,3980.63,1.017,0,2,2314,1031,0,0
3971,3981.61,0.986,0,1,2314,1031,0,0
3972,3982.61,0.998,0,2,2314,1031,0,0
3973,3983.64,1.025,0,2,2314,1031,0,0
3974,3984.61,0.976,0,1,2314,1031,0,0
3975,3985.61,1.0,1,2,2314,1032,0,1
3976,3986.61,0.999,0,2,2314,1032,0,0
3977,3987.61,1.0,0,2,2314,1032,0,0
3978,3988.63,1.021,0,1,2314,1032,0,0
3979,3989.63,0.998,0,2,2314,1034,0,2
3980,3990.63,0.997,0,2,2314,1034,0,0
3981,3991.61,0.986,0,1,2314,1035,0,1
3982,3992.61,0.999,0,2,2314,1035,0,0
3983,3993.61,0.999,0,2,2314,1035,0,0
3984,3994.61,1.0,1,1,2314,1035,0,0
3985,3995.61,0.999,0,2,2314,1037,0,2
3986,3996.61,1.001,0,2,2314,1037,0,0
3987,3997.63,1.018,0,2,2314,1038,0,1
3988,3998.67,1.039,0,1,2314,1038,0,0
3989,3999.63,0.957,0,2,2314,1038,0,0
3990,4000.62,0.991,0,2,2314,1038,0,0
3991,4001.61,0.996,0,1,2314,1040,0,2
3992,4002.63,1.014,0,2,2314,1041,0,1
3993,4003.63,1.0,0,2,2314,1041,0,0
3994,4004.63,1.002,0,1,2314,1041,0,0
3995,4005.63,0.999,0,2,2314,1041,0,0
3996,4006.61,0.986,0,2,2314,1041,0,0
3997,4007.61,0.998,0,2,2314,1041,0,0
3998,4008.61,0.999,0,1,2314,1043,0,2
3999,4009.61,1.001,0,2,2314,1043,0,0
4000,4010.61,0.999,0,2,2314,1043,0,0
4001,4011.61,1.0,0,1,2314,1043,0,0
4002,4012.61,1.001,0,2,2314,1043,0,0
4003,4013.63,1.016,0,2,2314,1043,0,0
4004,4014.61,0.983,0,1,2314,1044,0,1
4005,4015.61,1.0,0,2,2314,1044,0,0
4006,4016.61,0.999,0,2,2314,1044,0,0
4007,4017.61,1.0,0,2,2314,1044,0,0
4008,4018.61,1.0,0,1,2314,1044,0,0
4009,4019.61,0.999,0,2,2314,1046,0,2
4010,4020.63,1.019,0,2,2314,1047,0,1
4011,4021.63,0.997,0,1,2314,1047,0,0
4012,4022.61,0.986,0,2,2314,1047,0,0
4013,4023.61,0.999,0,2,2314,1047,0,0
4014,4024.61,0.999,0,2,2314,1047,0,0
4015,4025.61,1.001,-1,1,2314,1049,0,2
4016,4026.61,1.0,0,2,2314,1050,0,1
4017,4027.61,1.0,0,2,2314,1050,0,0
4018,4028.61,0.999,0,1,2314,1050,0,0
4019,4029.61,1.0,0,2,2314,1050,0,0
4020,4030.63,1.021,0,2,2314,1050,0,0
4021,4031.61,0.983,0,1,2314,1052,0,2
4022,4032.61,0.999,0,2,2314,1053,0,1
4023,4033.61,1.0,0,2,2314,1053,0,0
4024,4034.61,0.999,-1,2,2314,1053,0,0
4025,4035.61,0.999,0,1,2314,1053,0,0
4026,4036.61,1.0,0,2,2314,1053,0,0
4027,4037.61,1.001,0,2,2314,1053,0,0
4028,4038.63,1.018,0,1,2314,1055,0,2
4029,4039.62,0.984,0,2,2314,1055,0,0
4030,4040.61,0.997,0,2,2314,1055,0,0
4031,4041.61,0.999,-1,1,2314,1055,0,0
4032,4042.61,1.0,0,2,2314,1055,0,0
4033,4043.61,1.0,0,2,2314,1056,0,1
4034,4044.61,1.001,0,2,2313,1058,-1,2
4035,4045.63,1.023,0,1,2313,1058,0,0
4036,4046.62,0.981,-1,2,2313,1058,0,0
4037,4047.61,0.996,0,2,2313,1058,0,0
4038,4048.66,1.047,0,1,2313,1058,0,0
4039,4049.63,0.967,0,2,2313,1059,0,1
4040,4050.61,0.987,0,2,2313,1061,0,2
4041,4051.64,1.025,-1,1,2313,1061,0,0
4042,4052.61,0.977,0,2,2313,1061,0,0
4043,4053.62,1.006,0,2,2313,1061,0,0
4044,4054.63,1.011,0,1,2313,1061,0,0
4045,4055.63,0.996,-1,2,2313,1062,0,1
4046,4056.63,0.998,0,2,2312,1064,-1,2
4047,4057.62,0.988,0,1,2312,1064,0,0
4048,4058.61,1.0,0,2,2312,1064,0,0
4049,4059.61,0.998,-1,2,2312,1064,0,0
4050,4060.7,1.087,0,2,2312,1064,0,0
4051,4061.61,0.915,0,1,2312,1065,0,1
4052,4062.63,1.014,0,2,2312,1067,0,2
4053,4063.63,1.002,-1,2,2312,1067,0,0
4054,4064.61,0.983,0,1,2312,1067,0,0
4055,4065.61,0.998,0,2,2312,1067,0,0
4056,4066.61,1.001,-1,2,2312,1067,0,0
4057,4067.64,1.026,0,1,2312,1068,0,1
4058,4068.63,0.991,0,2,2312,1070,0,2
4059,4069.63,1.0,0,2,2312,1070,0,0
4060,4070.64,1.008,-1,1,2312,1070,0,0
4061,4071.66,1.027,0,2,2312,1070,0,0
4062,4072.61,0.951,0,2,2312,1070,0,0
4063,4073.61,0.997,-1,1,2312,1070,0,0
4064,4074.61,0.998,0,2,2312,1071,0,1
4065,4075.63,1.019,0,2,2312,1071,0,0
4066,4076.62,0.987,-1,1,2312,1071,0,0
4067,4077.61,0.997,0,2,2312,1071,0,0
4068,4078.61,0.999,-1,2,2312,1071,0,0
4069,4079.61,1.001,0,1,2312,1071,0,0
4070,4080.61,1.0,0,2,2310,1073,-2,2
4071,4081.61,0.999,-1,2,2310,1073,0,0
4072,4082.64,1.026,0,1,2310,1073,0,0
4073,4083.61,0.976,0,2,2310,1073,0,0
4074,4084.61,0.998,-1,2,2310,1073,0,0
4075,4085.61,0.999,0,1,2310,1073,0,0
4076,4086.61,1.0,-1,2,2309,1074,-1,1
4077,4087.63,1.017,0,2,2309,1074,0,0
4078,4088.62,0.986,0,1,2309,1074,0,0
4079,4089.61,0.997,-1,2,2309,1074,0,0
4080,4090.61,0.999,0,2,2309,1074,0,0
4081,4091.61,1.0,-1,1,2309,1074,0,0
4082,4092.61,1.0,0,2,2309,1076,0,2
4083,4093.61,1.001,-1,1,2309,1076,0,0
4084,4094.61,0.999,0,2,2309,1076,0,0
4085,4095.61,1.0,-1,2,2309,1076,0,0
4086,4096.61,1.001,0,1,2309,1076,0,0
4087,4097.61,1.0,0,2,2309,1076,0,0
4088,4098.63,1.021,-1,2,2309,1077,0,1
4089,4099.67,1.034,0,1,2309,1077,0,0
4090,4100.63,0.961,-1,2,2309,1077,0,0
4091,4101.61,0.988,0,2,2309,1077,0,0
4092,4102.61,0.998,-1,1,2309,1077,0,0
4093,4103.61,0.999,0,2,2309,1079,0,2
4094,4104.71,1.097,-1,1,2309,1080,0,1
4095,4105.63,0.92,0,2,2309,1080,0,0
4096,4106.61,0.986,-1,2,2309,1080,0,0
4097,4107.61,0.997,0,1,2309,1080,0,0
4098,4108.66,1.048,-1,2,2309,1080,0,0
4099,4109.63,0.971,0,2,2309,1082,0,2
4100,4110.62,0.985,-1,1,2307,1083,-2,1
4101,4111.61,0.997,0,2,2307,1083,0,0
4102,4112.66,1.045,-1,1,2307,1083,0,0
4103,4113.62,0.964,-1,2,2307,1083,0,0
4104,4114.63,1.005,0,2,2307,1083,0,0
4105,4115.61,0.986,-1,1,2307,1085,0,2
4106,4116.65,1.04,0,2,2306,1086,-1,1
4107,4117.65,0.996,-1,2,2306,1086,0,0
4108,4118.61,0.965,0,1,2306,1086,0,0
4109,4119.61,0.998,-1,2,2306,1086,0,0
4110,4120.61,0.999,-1,1,2306,1086,0,0
4111,4121.61,1.001,0,2,2306,1086,0,0
4112,4122.63,1.02,-1,2,2304,1088,-2,2
4113,4123.61,0.983,0,1,2304,1088,0,0
4114,4124.61,0.998,-1,2,2304,1088,0,0
4115,4125.61,1.0,0,1,2304,1088,0,0
4116,4126.61,0.999,-1,2,2304,1088,0,0
4117,4127.61,1.0,-1,2,2304,1088,0,0
4118,4128.61,1.0,0,1,2304,1089,0,1
4119,4129.64,1.024,-1,2,2304,1089,0,0
4120,4130.63,0.996,-1,1,2304,1089,0,0
4121,4131.61,0.983,0,2,2304,1089,0,0
4122,4132.61,0.998,-1,1,2304,1089,0,0
4123,4133.61,1.001,0,2,2304,1091,0,2
4124,4134.63,1.014,-1,2,2304,1091,0,0
4125,4135.61,0.986,-1,1,2303,1092,-1,1
4126,4136.61,0.999,0,2,2303,1092,0,0
4127,4137.61,1.0,-1,1,2303,1092,0,0
4128,4138.61,1.0,-1,2,2303,1092,0,0
4129,4139.61,1.0,0,1,2303,1092,0,0
4130,4140.61,1.0,-1,2,2303,1092,0,0
4131,4141.61,0.999,-1,2,2301,1094,-2,2
4132,4142.63,1.017,-1,1,2301,1094,0,0
4133,4143.61,0.986,0,2,2301,1094,0,0
4134,4144.61,0.999,-1,1,2301,1094,0,0
4135,4145.65,1.041,-1,2,2301,1095,0,1
4136,4146.63,0.975,0,1,2301,1095,0,0
4137,4147.61,0.986,-1,2,2301,1097,0,2
4138,4148.61,0.998,-1,1,2301,1097,0,0
4139,4149.61,1.001,0,2,2301,1097,0,0
4140,4150.68,1.071,-1,1,2301,1097,0,0
4141,4151.63,0.942,-1,2,2301,1097,0,0
4142,4152.61,0.987,-1,2,2301,1097,0,0
4143,4153.61,0.999,0,1,2300,1098,-1,1
4144,4154.61,1.0,-1,2,2300,1098,0,0
4145,4155.64,1.03,-1,1,2300,1098,0,0
4146,4156.61,0.973,-1,2,2300,1098,0,0
4147,4157.63,1.018,0,1,2300,1098,0,0
4148,4158.63,0.995,-1,2,2300,1098,0,0
4149,4159.61,0.986,-1,1,2298,1100,-2,2
4150,4160.63,1.017,-1,2,2298,1100,0,0
4151,4161.63,0.997,-1,1,2298,1100,0,0
4152,4162.61,0.985,0,2,2298,1100,0,0
4153,4163.63,1.017,-1,1,2298,1101,0,1
4154,4164.64,1.012,-1,2,2298,1101,0,0
4155,4165.62,0.973,-1,1,2297,1103,-1,2
4156,4166.62,1.0,-1,2,2297,1103,0,0
4157,4167.62,1.0,0,1,2297,1103,0,0
4158,4168.61,0.998,-1,2,2297,1103,0,0
4159,4169.61,0.998,-1,1,2297,1104,0,1
4160,4170.67,1.058,-1,2,2297,1104,0,0
4161,4171.62,0.946,-1,1,2295,1106,-2,2
4162,4172.61,0.997,0,2,2295,1106,0,0
4163,4173.61,0.999,-1,1,2295,1106,0,0
4164,4174.61,1.0,-1,2,2295,1106,0,0
4165,4175.61,1.001,-1,1,2295,1107,0,1
4166,4176.63,1.019,-1,2,2295,1107,0,0
4167,4177.61,0.982,-1,1,2294,1109,-1,2
4168,4178.63,1.017,-1,2,2294,1109,0,0
4169,4179.62,0.986,0,1,2294,1109,0,0
4170,4180.61,0.997,-1,2,2294,1109,0,0
4171,4181.61,0.997,-1,1,2294,1110,0,1
4172,4182.61,1.0,-1,2,2294,1110,0,0
4173,4183.61,1.0,-1,1,2294,1112,0,2
4174,4184.61,1.0,-1,1,2294,1112,0,0
4175,4185.61,1.0,-1,2,2294,1112,0,0
4176,4186.61,1.0,-1,1,2294,1112,0,0
4177,4187.61,1.001,0,2,2294,1113,0,1
4178,4188.63,1.016,-1,1,2294,1113,0,0
4179,4189.61,0.986,-1,2,2292,1115,-2,2
4180,4190.63,1.015,-1,1,2292,1115,0,0
4181,4191.63,1.005,-1,2,2292,1115,0,0
4182,4192.61,0.98,-1,1,2292,1115,0,0
4183,4193.61,0.998,-1,1,2292,1115,0,0
4184,4194.61,1.0,-1,2,2292,1115,0,0
4185,4195.61,0.999,-1,1,2291,1116,-1,1
4186,4196.67,1.054,-1,2,2291,1116,0,0
4187,4197.62,0.952,-1,1,2291,1116,0,0
4188,4198.61,0.996,-1,1,2291,1116,0,0
4189,4199.61,1.0,-1,2,2291,1116,0,0
4190,4200.67,1.053,-1,1,2291,1116,0,0
4191,4201.61,0.949,-1,2,2289,1118,-2,2
4192,4202.61,0.998,-1,1,2289,1118,0,0
4193,4203.61,1.0,-1,2,2289,1118,0,0
4194,4204.61,1.0,-1,1,2289,1118,0,0
4195,4205.63,1.02,0,1,2289,1118,0,0
4196,4206.61,0.98,-1,2,2289,1119,0,1
4197,4207.63,1.019,-1,1,2288,1121,-1,2
4198,4208.64,1.008,-1,1,2288,1121,0,0
4199,4209.62,0.976,-1,2,2288,1121,0,0
4200,4210.68,1.065,-1,1,2288,1121,0,0
4201,4211.62,0.934,-1,2,2288,1121,0,0
4202,4212.61,0.997,-1,1,2288,1121,0,0
4203,4213.61,1.0,-2,1,2286,1122,-2,1
4204,4214.64,1.024,-1,2,2286,1122,0,0
4205,4215.62,0.981,-1,1,2286,1122,0,0
4206,4216.61,0.999,-1,1,2286,1122,0,0
4207,4217.63,1.015,-1,2,2286,1122,0,0
4208,4218.61,0.984,-1,1,2286,1122,0,0
4209,4219.61,0.997,-1,1,2285,1124,-1,2
4210,4220.61,1.001,-1,2,2285,1124,0,0
4211,4221.62,1.009,-1,1,2285,1124,0,0
4212,4222.64,1.015,-1,2,2285,1124,0,0
4213,4223.63,0.99,-1,1,2285,1124,0,0
4214,4224.62,0.989,-1,1,2285,1125,0,1
4215,4225.63,1.013,-1,1,2283,1127,-2,2
4216,4226.63,1.0,-1,2,2283,1127,0,0
4217,4227.61,0.985,-1,1,2283,1127,0,0
4218,4228.61,0.998,-1,1,2283,1127,0,0
4219,4229.61,0.999,-1,2,2283,1127,0,0
4220,4230.61,1.0,-1,1,2283,1128,0,1
4221,4231.63,1.017,-2,1,2282,1130,-1,2
4222,4232.61,0.986,-1,2,2282,1130,0,0
4223,4233.63,1.018,-1,1,2282,1130,0,0
4224,4234.61,0.983,-1,1,2282,1130,0,0
4225,4235.61,0.997,-1,2,2282,1130,0,0
4226,4236.61,0.999,-1,1,2282,1131,0,1
4227,4237.63,1.019,-1,1,2280,1133,-2,2
4228,4238.63,1.002,-1,1,2280,1133,0,0
4229,4239.62,0.983,-1,2,2280,1133,0,0
4230,4240.61,0.997,-2,1,2280,1133,0,0
4231,4241.61,1.0,-1,1,2280,1133,0,0
4232,4242.61,1.0,-1,2,2280,1134,0,1
4233,4243.63,1.017,-1,1,2279,1136,-1,2
4234,4244.61,0.986,-1,1,2279,1136,0,0
4235,4245.61,0.997,-1,1,2279,1136,0,0
4236,4246.61,1.0,-1,2,2279,1136,0,0
4237,4247.61,1.0,-2,1,2277,1136,-2,0
4238,4248.63,1.018,-1,1,2277,1136,0,0
4239,4249.63,1.0,-1,1,2277,1136,0,0
4240,4250.61,0.986,-1,2,2276,1137,-1,1
4241,4251.67,1.053,-1,1,2274,1137,-2,0
4242,4252.63,0.96,-1,1,2274,1137,0,0
4243,4253.63,1.004,-2,1,2273,1137,-1,0
4244,4254.61,0.984,-1,2,2273,1137,0,0
4245,4255.63,1.018,-1,1,2273,1137,0,0
4246,4256.61,0.98,-1,1,2271,1139,-2,2
4247,4257.61,1.0,-1,1,2270,1139,-1,0
4248,4258.64,1.026,-2,1,2268,1139,-2,0
4249,4259.63,0.99,-1,2,2268,1139,0,0
4250,4260.61,0.986,-1,1,2267,1140,-1,1
4251,4261.61,0.998,-1,1,2267,1140,0,0
4252,4262.61,0.999,-1,1,2267,1140,0,0
4253,4263.63,1.021,-2,1,2265,1142,-2,2
4254,4264.63,0.996,-1,2,2264,1142,-1,0
4255,4265.63,0.999,-1,1,2262,1142,-2,0
4256,4266.63,1.006,-1,1,2262,1142,0,0
4257,4267.61,0.98,-2,1,2261,1142,-1,0
4258,4268.61,1.0,-1,1,2261,1142,0,0
4259,4269.61,1.0,-1,1,2261,1142,0,0
4260,4270.66,1.043,-1,2,2259,1143,-2,1
4261,4271.65,0.994,-1,1,2258,1143,-1,0
4262,4272.61,0.963,-2,1,2255,1143,-3,0
4263,4273.63,1.016,-1,1,2255,1143,0,0
4264,4274.62,0.988,-1,1,2252,1145,-3,2
4265,4275.63,1.018,-2,1,2252,1145,0,0
4266,4276.63,0.993,-1,2,2252,1145,0,0
4267,4277.61,0.986,-1,1,2250,1146,-2,1
4268,4278.61,0.999,-1,1,2246,1146,-4,0
4269,4279.63,1.016,-2,1,2238,1146,-8,0
4270,4280.62,0.988,-1,1,2238,1146,0,0
4271,4281.61,0.996,-1,1,2235,1146,-3,0
4272,4282.61,1.0,-1,1,2235,1146,0,0
4273,4283.61,1.0,-2,1,2234,1148,-1,2
4274,4284.61,1.002,-1,1,2231,1148,-3,0
4275,4285.63,1.017,-1,2,2231,1148,0,0
4276,4286.61,0.982,-2,1,2222,1149,-9,1
4277,4287.61,0.999,-1,1,2222,1149,0,0
4278,4288.63,1.019,-1,1,2222,1149,0,0
4279,4289.61,0.982,-2,1,2219,1149,-3,0
4280,4290.61,0.998,-1,1,2217,1151,-2,2
4281,4291.61,0.998,-1,1,2216,1151,-1,0
4282,4292.61,1.001,-2,1,2204,1151,-12,0
4283,4293.61,1.002,-1,1,2204,1151,0,0
4284,4294.61,0.998,-1,1,2204,1152,0,1
4285,4295.61,1.0,-1,1,2201,1152,-3,0
4286,4296.63,1.017,-2,1,2201,1152,0,0
4287,4297.63,1.002,-1,2,2199,1154,-2,2
4288,4298.61,0.984,-2,1,2187,1154,-12,0
4289,4299.63,1.014,-1,1,2183,1154,-4,0
4290,4300.61,0.986,-1,1,2181,1154,-2,0
4291,4301.63,1.014,-2,1,2181,1154,0,0
4292,4302.67,1.045,-1,1,2172,1154,-9,0
4293,4303.63,0.953,-1,1,2172,1154,0,0
4294,4304.61,0.987,-2,1,2171,1155,-1,1
4295,4305.63,1.017,-1,1,2160,1157,-11,2
4296,4306.63,1.002,-1,1,2154,1157,-6,0
4297,4307.61,0.981,-2,1,2154,1157,0,0
4298,4308.62,1.002,-1,1,2154,1157,0,0
4299,4309.63,1.016,-1,1,2144,1157,-10,0
4300,4310.63,0.996,-2,1,2142,1158,-2,1
4301,4311.61,0.986,-1,1,2127,1158,-15,0
4302,4312.61,0.998,-2,1,2127,1158,0,0
4303,4313.61,1.0,-1,1,2127,1158,0,0
4304,4314.61,1.0,-1,1,2124,1158,-3,0
4305,4315.63,1.017,-2,1,2124,1158,0,0
4306,4316.63,1.003,-1,1,2124,1158,0,0
4307,4317.63,0.999,-2,1,2123,1160,-1,2
4308,4318.61,0.983,-1,1,2117,1160,-6,0
4309,4319.61,0.998,-1,1,2093,1160,-24,0
4310,4320.61,1.0,-2,1,2093,1160,0,0
4311,4321.61,0.999,-1,1,2090,1160,-3,0
4312,4322.63,1.017,-2,1,2090,1160,0,0
4313,4323.61,0.986,-1,0,2090,1160,0,0
4314,4324.61,0.997,-2,1,2088,1161,-2,1
4315,4325.63,1.015,-1,1,2066,1163,-22,2
4316,4326.61,0.987,-1,1,2048,1163,-18,0
4317,4327.61,0.997,-2,1,2048,1163,0,0
4318,4328.61,0.999,-1,1,2046,1163,-2,0
4319,4329.61,1.001,-2,1,2046,1163,0,0
4320,4330.61,1.0,-1,1,2045,1164,-1,1
4321,4331.63,1.016,-2,1,2028,1164,-17,0
4322,4332.63,1.003,-1,1,2028,1164,0,0
4323,4333.63,1.001,-1,1,2007,1164,-21,0
4324,4334.61,0.983,-2,1,2007,1164,0,0
4325,4335.61,0.997,-1,0,2007,1164,0,0
4326,4336.61,0.999,-2,1,2001,1164,-6,0
4327,4337.66,1.052,-1,1,2000,1166,-1,2
4328,4338.62,0.952,-2,1,1994,1166,-6,0
4329,4339.63,1.013,-1,1,1994,1166,0,0
4330,4340.61,0.986,-2,1,1994,1166,0,0
4331,4341.61,0.997,-1,1,1962,1166,-32,0
4332,4342.63,1.016,-2,1,1962,1166,0,0
4333,4343.62,0.987,-1,0,1962,1166,0,0
4334,4344.61,0.997,-2,1,1961,1167,-1,1
4335,4345.61,1.001,-1,1,1959,1167,-2,0
4336,4346.61,1.001,-2,1,1928,1166,-31,-1
4337,4347.63,1.019,-1,1,1928,1166,0,0
4338,4348.61,0.981,-2,1,1922,1166,-6,0
4339,4349.63,1.015,-1,0,1922,1166,0,0
4340,4350.61,0.985,-1,1,1922,1166,0,0
4341,4351.61,0.997,-2,1,1920,1167,-2,1
4342,4352.61,1.0,-1,1,1899,1166,-21,-1
4343,4353.69,1.078,-2,1,1880,1165,-19,-1
4344,4354.63,0.937,-2,0,1880,1165,0,0
4345,4355.61,0.987,-1,1,1871,1165,-9,0
4346,4356.61,0.998,-2,1,1871,1165,0,0
4347,4357.63,1.018,-1,1,1869,1166,-2,1
4348,4358.63,1.002,-2,1,1865,1166,-4,0
4349,4359.65,1.012,-1,0,1865,1166,0,0
4350,4360.67,1.024,-2,1,1835,1163,-30,-3
4351,4361.63,0.96,-1,1,1835,1163,0,0
4352,4362.62,0.991,-2,1,1835,1163,0,0
4353,4363.63,1.014,-1,0,1827,1162,-8,-1
4354,4364.62,0.981,-2,1,1826,1163,-1,1
4355,4365.61,0.997,-1,1,1820,1163,-6,0
4356,4366.61,0.999,-2,1,1796,1159,-24,-4
4357,4367.64,1.028,-1,0,1796,1159,0,0
4358,4368.62,0.976,-2,1,1796,1159,0,0
4359,4369.61,0.996,-1,1,1791,1159,-5,0
4360,4370.63,1.015,-2,1,1791,1159,0,0
4361,4371.61,0.986,-1,0,1790,1159,-1,0
4362,4372.63,1.014,-2,1,1770,1156,-20,-3
4363,4373.61,0.986,-2,1,1763,1154,-7,-2
4364,4374.61,0.998,-1,0,1761,1154,-2,0
4365,4375.61,1.0,-2,1,1761,1154,0,0
4366,4376.61,1.0,-1,1,1743,1151,-18,-3
4367,4377.63,1.017,-2,0,1743,1151,0,0
4368,4378.63,1.002,-1,1,1742,1152,-1,1
4369,4379.62,0.987,-2,1,1727,1150,-15,-2
4370,4380.61,0.997,-1,1,1724,1150,-3,0
4371,4381.61,0.998,-2,0,1724,1150,0,0
4372,4382.61,0.999,-2,1,1724,1150,0,0
4373,4383.61,1.001,-1,1,1707,1147,-17,-3
4374,4384.61,0.999,-2,0,1706,1148,-1,1
4375,4385.63,1.017,-1,1,1689,1145,-17,-3
4376,4386.62,0.987,-2,0,1689,1145,0,0
4377,4387.64,1.024,-1,1,1685,1144,-4,-1
4378,4388.63,0.987,-2,1,1685,1144,0,0
4379,4389.61,0.987,-2,0,1685,1144,0,0
4380,4390.61,0.999,-1,1,1677,1142,-8,-2
4381,4391.61,1.0,-2,1,1676,1143,-1,1
4382,4392.63,1.02,-1,0,1656,1139,-20,-4
4383,4393.63,0.999,-2,1,1649,1138,-7,-1
4384,4394.61,0.984,-2,0,1649,1138,0,0
4385,4395.61,0.998,-1,1,1649,1138,0,0
4386,4396.61,0.999,-2,1,1643,1136,-6,-2
4387,4397.61,1.001,-1,0,1643,1136,0,0
4388,4398.61,0.999,-2,1,1641,1136,-2,0
4389,4399.61,1.001,-2,0,1628,1133,-13,-3
4390,4400.63,1.017,-1,1,1623,1132,-5,-1
4391,4401.62,0.988,-2,1,1623,1132,0,0
4392,4402.61,0.996,-1,0,1611,1130,-12,-2
4393,4403.66,1.051,-2,1,1611,1130,0,0
4394,4404.63,0.963,-2,0,1611,1130,0,0
4395,4405.61,0.987,-1,1,1610,1131,-1,1
4396,4406.61,0.999,-2,0,1601,1129,-9,-2
4397,4407.63,1.016,-1,1,1598,1127,-3,-2
4398,4408.61,0.984,-2,0,1598,1127,0,0
4399,4409.61,1.0,-2,1,1593,1127,-5,0
4400,4410.63,1.017,-1,0,1593,1127,0,0
4401,4411.61,0.985,-2,1,1593,1127,0,0
4402,4412.61,0.998,-2,0,1592,1128,-1,1
4403,4413.63,1.018,-1,1,1580,1124,-12,-4
4404,4414.63,0.999,-2,0,1572,1123,-8,-1
4405,4415.61,0.986,-1,1,1571,1123,-1,0
4406,4416.61,0.998,-2,0,1571,1123,0,0
4407,4417.61,1.0,-2,1,1568,1121,-3,-2
4408,4418.63,1.017,-1,0,1566,1121,-2,0
4409,4419.61,0.983,-2,1,1565,1121,-1,0
4410,4420.61,0.999,-2,0,1554,1118,-11,-3
4411,4421.61,1.0,-1,1,1553,1117,-1,-1
4412,4422.61,1.001,-2,0,1553,1117,0,0
4413,4423.61,1.0,-2,1,1553,1117,0,0
4414,4424.66,1.047,-1,0,1548,1115,-5,-2
4415,4425.63,0.969,-2,1,1547,1116,-1,1
4416,4426.61,0.987,-1,0,1545,1116,-2,0
4417,4427.61,0.998,-2,1,1544,1116,-1,0
4418,4428.61,0.998,-2,0,1544,1116,0,0
4419,4429.61,1.0,-1,0,1542,1116,-2,0
4420,4430.61,1.003,-2,1,1541,1115,-1,-1
4421,4431.61,0.998,-2,0,1541,1115,0,0
4422,4432.61,1.0,-1,1,1539,1115,-2,0
4423,4433.63,1.016,-2,0,1536,1114,-3,-1
4424,4434.63,1.0,-2,0,1535,1114,-1,0
4425,4435.61,0.987,-1,1,1535,1114,0,0
4426,4436.61,0.998,-2,0,1532,1114,-3,0
4427,4437.62,1.01,-2,1,1532,1114,0,0
4428,4438.61,0.992,-1,0,1532,1114,0,0
4429,4439.61,0.998,-2,0,1530,1115,-2,1
4430,4440.63,1.021,-2,1,1529,1114,-1,-1
4431,4441.61,0.982,-1,0,1527,1114,-2,0
4432,4442.61,0.997,-2,0,1527,1114,0,0
4433,4443.61,1.0,-2,1,1527,1114,0,0
4434,4444.61,1.0,-1,0,1527,1114,0,0
4435,4445.61,1.0,-2,1,1526,1115,-1,1
4436,4446.63,1.017,-2,0,1526,1115,0,0
4437,4447.63,1.005,-1,0,1526,1115,0,0
4438,4448.61,0.981,-2,1,1526,1115,0,0
4439,4449.61,0.998,-2,0,1524,1115,-2,0
4440,4450.61,0.999,-1,0,1524,1115,0,0
4441,4451.61,1.0,-2,0,1524,1115,0,0
4442,4452.61,0.999,-2,1,1523,1115,-1,0
4443,4453.66,1.05,-1,0,1523,1115,0,0
4444,4454.63,0.966,-2,0,1523,1115,0,0
4445,4455.62,0.989,-2,1,1523,1115,0,0
4446,4456.63,1.016,-1,0,1523,1115,0,0
4447,4457.61,0.983,-2,0,1523,1115,0,0
4448,4458.63,1.016,-2,1,1521,1115,-2,0
4449,4459.63,1.0,-1,0,1521,1115,0,0
4450,4460.63,1.003,-2,0,1521,1115,0,0
4451,4461.61,0.98,-2,0,1521,1115,0,0
4452,4462.61,0.998,-2,1,1521,1115,0,0
4453,4463.63,1.02,-1,0,1521,1115,0,0
4454,4464.62,0.984,-2,0,1520,1115,-1,0
4455,4465.62,1.002,-2,0,1520,1115,0,0
4456,4466.61,0.995,-1,1,1520,1115,0,0
4457,4467.61,1.0,-2,0,1520,1115,0,0
4458,4468.61,1.0,-2,0,1520,1115,0,0
4459,4469.63,1.017,-1,0,1520,1115,0,0
4460,4470.61,0.985,-2,0,1520,1115,0,0
4461,4471.61,0.998,-2,1,1518,1115,-2,0
4462,4472.63,1.021,-1,0,1518,1115,0,0
4463,4473.61,0.983,-2,0,1518,1115,0,0
4464,4474.61,0.997,-2,0,1518,1115,0,0
4465,4475.61,0.999,-2,0,1518,1115,0,0
4466,4476.61,1.0,-1,1,1518,1115,0,0
4467,4477.61,1.0,-2,0,1517,1116,-1,1
4468,4478.63,1.017,-2,0,1517,1116,0,0
4469,4479.62,0.989,-1,0,1517,1116,0,0
4470,4480.61,0.996,-2,0,1517,1116,0,0
4471,4481.61,0.999,-2,0,1517,1116,0,0
4472,4482.61,1.0,-1,1,1517,1116,0,0
4473,4483.62,1.004,-2,0,1515,1116,-2,0
4474,4484.63,1.014,-2,0,1515,1116,0,0
4475,4485.61,0.985,-1,0,1515,1116,0,0
4476,4486.61,0.997,-2,0,1515,1116,0,0
4477,4487.66,1.044,-2,0,1514,1116,-1,0
4478,4488.63,0.976,-2,0,1514,1116,0,0
4479,4489.61,0.982,-1,0,1512,1116,-2,0
4480,4490.61,0.999,-2,1,1512,1116,0,0
4481,4491.61,0.998,-2,0,1512,1116,0,0
4482,4492.61,1.0,-1,0,1512,1116,0,0
4483,4493.61,1.0,-2,0,1511,1116,-1,0
4484,4494.61,1.001,-2,0,1511,1116,0,0
4485,4495.61,1.0,-1,0,1509,1116,-2,0
4486,4496.63,1.022,-2,0,1509,1116,0,0
4487,4497.62,0.983,-2,0,1509,1116,0,0
4488,4498.61,0.998,-2,0,1509,1116,0,0
4489,4499.61,0.999,-1,0,1509,1116,0,0
4490,4500.61,1.002,-2,0,1508,1116,-1,0
4491,4501.61,0.999,-2,0,1506,1118,-2,2
4492,4502.61,1.0,-1,0,1506,1118,0,0
4493,4503.61,0.999,-2,0,1506,1118,0,0
4494,4504.62,1.004,-2,0,1506,1118,0,0
4495,4505.66,1.044,-2,0,1506,1118,0,0
4496,4506.63,0.966,-1,0,1505,1118,-1,0
4497,4507.62,0.994,-2,0,1503,1118,-2,0
4498,4508.62,0.999,-2,0,1503,1118,0,0
4499,4509.63,1.009,-1,0,1503,1118,0,0
4500,4510.67,1.038,-2,0,1503,1118,0,0
4501,4511.61,0.947,-2,0,1503,1118,0,0
4502,4512.61,1.0,-1,0,1503,1118,0,0
4503,4513.62,1.006,-2,0,1502,1118,-1,0
4504,4514.63,1.007,-2,0,1502,1118,0,0
4505,4515.61,0.986,-2,0,1502,1118,0,0
4506,4516.61,0.998,-1,0,1502,1118,0,0
4507,4517.61,1.0,-2,0,1502,1118,0,0
4508,4518.61,1.0,-2,0,1500,1118,-2,0
4509,4519.63,1.022,-1,0,1499,1118,-1,0
4510,4520.66,1.026,-2,0,1499,1118,0,0
4511,4521.61,0.957,-2,0,1499,1118,0,0
4512,4522.61,0.997,-2,0,1499,1118,0,0
4513,4523.61,1.0,-1,0,1499,1118,0,0
4514,4524.61,1.0,-2,0,1497,1118,-2,0
4515,4525.63,1.017,-2,0,1496,1118,-1,0
4516,4526.63,0.999,-1,0,1496,1118,0,0
4517,4527.61,0.986,-2,0,1496,1118,0,0
4518,4528.61,0.998,-2,0,1496,1118,0,0
4519,4529.66,1.046,-1,-1,1496,1118,0,0
4520,4530.63,0.975,-2,0,1494,1118,-2,0
4521,4531.61,0.981,-2,0,1493,1118,-1,0
4522,4532.61,0.998,-2,0,1493,1118,0,0
4523,4533.66,1.044,-1,0,1493,1118,0,0
4524,4534.62,0.959,-2,0,1493,1118,0,0
4525,4535.61,0.997,-2,0,1493,1118,0,0
4526,4536.63,1.021,-1,0,1493,1118,0,0
4527,4537.66,1.023,-2,-1,1491,1118,-2,0
4528,4538.63,0.974,-2,0,1491,1118,0,0
4529,4539.62,0.986,-1,0,1491,1118,0,0
4530,4540.61,0.997,-2,0,1491,1118,0,0
4531,4541.7,1.089,-2,0,1491,1118,0,0
4532,4542.61,0.912,-1,0,1490,1118,-1,0
4533,4543.63,1.015,-2,-1,1488,1118,-2,0
4534,4544.62,0.988,-2,0,1488,1118,0,0
4535,4545.61,0.997,-2,0,1488,1118,0,0
4536,4546.61,0.999,-1,0,1488,1118,0,0
4537,4547.63,1.019,-2,0,1488,1118,0,0
4538,4548.61,0.984,-2,-1,1487,1118,-1,0
4539,4549.63,1.013,-1,0,1485,1118,-2,0
4540,4550.63,1.0,-2,0,1485,1118,0,0
4541,4551.66,1.033,-2,0,1485,1118,0,0
4542,4552.61,0.954,-1,0,1485,1118,0,0
4543,4553.61,0.998,-2,-1,1485,1118,0,0
4544,4554.61,0.998,-2,0,1484,1118,-1,0
4545,4555.63,1.016,-1,0,1482,1118,-2,0
4546,4556.61,0.986,-2,0,1482,1118,0,0
4547,4557.66,1.045,-2,-1,1482,1118,0,0
4548,4558.63,0.968,-2,0,1482,1118,0,0
4549,4559.61,0.988,-1,0,1482,1118,0,0
4550,4560.61,0.999,-2,0,1481,1118,-1,0
4551,4561.63,1.015,-2,-1,1479,1118,-2,0
4552,4562.61,0.986,-1,0,1479,1118,0,0
4553,4563.61,0.998,-2,0,1479,1118,0,0
4554,4564.65,1.034,-2,-1,1479,1118,0,0
4555,4565.63,0.979,-1,0,1479,1118,0,0
4556,4566.61,0.987,-2,0,1478,1118,-1,0
4557,4567.61,1.0,-2,-1,1476,1118,-2,0
4558,4568.61,0.998,-1,0,1476,1118,0,0
4559,4569.61,1.0,-2,0,1476,1118,0,0
4560,4570.63,1.017,-2,0,1476,1118,0,0
4561,4571.61,0.984,-1,-1,1476,1118,0,0
4562,4572.61,1.0,-2,0,1476,1118,0,0
4563,4573.61,1.0,-2,0,1475,1118,-1,0
4564,4574.61,1.002,-1,-1,1475,1118,0,0
4565,4575.61,0.998,-2,0,1475,1118,0,0
4566,4576.61,1.0,-2,-1,1475,1118,0,0
4567,4577.61,1.0,-1,0,1475,1118,0,0
4568,4578.61,1.0,-2,0,1475,1118,0,0
4569,4579.61,1.0,-2,-1,1473,1118,-2,0
4570,4580.61,1.001,-1,0,1473,1118,0,0
4571,4581.61,0.999,-2,0,1473,1118,0,0
4572,4582.63,1.02,-2,-1,1473,1118,0,0
4573,4583.62,0.985,-1,0,1473,1118,0,0
4574,4584.61,0.996,-2,-1,1473,1118,0,0
4575,4585.61,0.999,-2,0,1472,1117,-1,-1
4576,4586.63,1.018,-1,0,1472,1117,0,0
4577,4587.62,0.988,-2,-1,1472,1117,0,0
4578,4588.63,1.015,-2,0,1472,1117,0,0
4579,4589.61,0.982,-1,-1,1472,1117,0,0
4580,4590.61,0.997,-2,0,1472,1117,0,0
4581,4591.61,0.999,-2,0,1470,1117,-2,0
4582,4592.61,1.0,-1,-1,1470,1117,0,0
4583,4593.61,1.0,-2,0,1470,1117,0,0
4584,4594.61,1.0,-2,-1,1470,1117,0,0
4585,4595.61,1.0,-1,0,1470,1117,0,0
4586,4596.61,1.0,-2,-1,1470,1117,0,0
4587,4597.64,1.025,-1,0,1469,1117,-1,0
4588,4598.64,1.005,-2,-1,1469,1117,0,0
4589,4599.62,0.975,-2,0,1469,1117,0,0
4590,4600.61,0.997,-1,-1,1469,1117,0,0
4591,4601.61,0.999,-2,0,1469,1117,0,0
4592,4602.61,1.0,-2,-1,1469,1117,0,0
4593,4603.61,1.0,-1,0,1467,1115,-2,-2
4594,4604.61,1.0,-2,-1,1467,1115,0,0
4595,4605.61,1.0,-1,0,1467,1115,0,0
4596,4606.61,1.0,-2,-1,1467,1115,0,0
4597,4607.66,1.052,-2,0,1467,1115,0,0
4598,4608.63,0.966,-1,-1,1466,1115,-1,0
4599,4609.63,1.001,-2,0,1464,1114,-2,-1
4600,4610.61,0.984,-2,-1,1464,1114,0,0
4601,4611.61,0.998,-1,0,1464,1114,0,0
4602,4612.61,0.999,-2,-1,1464,1114,0,0
4603,4613.63,1.02,-1,0,1464,1114,0,0
4604,4614.65,1.016,-2,-1,1463,1114,-1,0
4605,4615.61,0.966,-2,0,1461,1112,-2,-2
4606,4616.61,0.999,-1,-1,1461,1112,0,0
4607,4617.63,1.016,-2,0,1461,1112,0,0
4608,4618.61,0.986,-2,-1,1461,1112,0,0
4609,4619.61,0.998,-1,-1,1461,1112,0,0
4610,4620.66,1.043,-2,0,1460,1112,-1,0
4611,4621.64,0.99,-1,-1,1458,1111,-2,-1
4612,4622.62,0.971,-2,0,1458,1111,0,0
4613,4623.61,0.996,-2,-1,1458,1111,0,0
4614,4624.61,1.001,-1,-1,1458,1111,0,0
4615,4625.61,0.998,-2,0,1458,1111,0,0
4616,4626.61,1.001,-1,-1,1458,1111,0,0
4617,4627.61,0.999,-2,0,1457,1109,-1,-2
4618,4628.63,1.02,-1,-1,1457,1109,0,0
4619,4629.64,1.009,-2,-1,1457,1109,0,0
4620,4630.62,0.975,-2,0,1457,1109,0,0
4621,4631.61,0.997,-1,-1,1457,1109,0,0
4622,4632.61,0.999,-2,-1,1455,1109,-2,0
4623,4633.63,1.017,-1,0,1454,1109,-1,0
4624,4634.62,0.987,-2,-1,1454,1109,0,0
4625,4635.61,0.997,-2,0,1454,1109,0,0
4626,4636.61,1.0,-1,-1,1454,1109,0,0
4627,4637.61,1.0,-2,-1,1454,1109,0,0
4628,4638.63,1.021,-1,0,1454,1109,0,0
4629,4639.61,0.982,-2,-1,1452,1108,-2,-1
4630,4640.63,1.014,-1,-1,1452,1108,0,0
4631,4641.62,0.988,-2,-1,1452,1108,0,0
4632,4642.61,0.999,-1,0,1452,1108,0,0
4633,4643.61,0.997,-2,-1,1452,1108,0,0
4634,4644.61,0.999,-2,-1,1451,1108,-1,0
4635,4645.61,1.001,-1,0,1449,1106,-2,-2
4636,4646.63,1.016,-2,-1,1449,1106,0,0
4637,4647.61,0.985,-1,-1,1449,1106,0,0
4638,4648.61,0.999,-2,0,1449,1106,0,0
4639,4649.61,1.0,-1,-1,1449,1106,0,0
4640,4650.61,0.999,-2,-1,1448,1106,-1,0
4641,4651.63,1.022,-1,-1,1446,1105,-2,-1
4642,4652.63,1.0,-2,0,1446,1105,0,0
4643,4653.61,0.981,-1,-1,1446,1105,0,0
4644,4654.63,1.018,-2,-1,1446,1105,0,0
4645,4655.62,0.985,-2,-1,1446,1105,0,0
4646,4656.61,0.997,-1,0,1446,1105,0,0
4647,4657.61,0.999,-2,-1,1445,1103,-1,-2
4648,4658.72,1.105,-1,-1,1445,1103,0,0
4649,4659.63,0.913,-2,-1,1445,1103,0,0
4650,4660.69,1.058,-1,0,1445,1103,0,0
4651,4661.62,0.928,-2,-1,1445,1103,0,0
4652,4662.61,0.997,-1,-1,1445,1103,0,0
4653,4663.63,1.021,-2,-1,1443,1102,-2,-1
4654,4664.63,0.995,-1,-1,1443,1102,0,0
4655,4665.65,1.018,-2,0,1443,1102,0,0
4656,4666.63,0.98,-1,-1,1443,1102,0,0
4657,4667.62,0.998,-2,-1,1443,1102,0,0
4658,4668.61,0.988,-1,-1,1442,1102,-1,0
4659,4669.63,1.015,-2,-1,1440,1100,-2,-2
4660,4670.61,0.986,-1,0,1440,1100,0,0
4661,4671.61,0.998,-2,-1,1440,1100,0,0
4662,4672.65,1.034,-1,-1,1440,1100,0,0
4663,4673.62,0.97,-2,-1,1440,1100,0,0
4664,4674.61,0.996,-1,-1,1439,1100,-1,0
4665,4675.61,1.003,-2,-1,1437,1100,-2,0
4666,4676.63,1.018,-1,0,1437,1100,0,0
4667,4677.61,0.983,-2,-1,1437,1100,0,0
4668,4678.61,0.998,-1,-1,1437,1100,0,0
4669,4679.66,1.045,-2,-1,1437,1100,0,0
4670,4680.61,0.956,-1,-1,1436,1100,-1,0
4671,4681.63,1.015,-1,-1,1434,1099,-2,-1
4672,4682.61,0.985,-2,-1,1434,1099,0,0
4673,4683.61,0.997,-1,-1,1434,1099,0,0
4674,4684.61,1.0,-2,0,1434,1099,0,0
4675,4685.61,0.999,-1,-1,1434,1099,0,0
4676,4686.61,1.001,-2,-1,1433,1099,-1,0
4677,4687.63,1.017,-1,-1,1431,1097,-2,-2
4678,4688.62,0.991,-2,-1,1431,1097,0,0
4679,4689.61,0.993,-1,-1,1431,1097,0,0
4680,4690.61,0.999,-1,-1,1431,1097,0,0
4681,4691.61,1.0,-2,-1,1431,1097,0,0
4682,4692.61,1.003,-1,-1,1431,1097,0,0
4683,4693.61,0.999,-2,-1,1430,1096,-1,-1
4684,4694.61,0.999,-1,-1,1430,1096,0,0
4685,4695.61,1.0,-2,-1,1430,1096,0,0
4686,4696.61,1.0,-1,0,1430,1096,0,0
4687,4697.63,1.019,-1,-1,1430,1096,0,0
4688,4698.62,0.984,-2,-1,1430,1096,0,0
4689,4699.61,0.997,-1,-1,1428,1094,-2,-2
4690,4700.63,1.016,-2,-1,1428,1094,0,0
4691,4701.61,0.987,-1,-1,1428,1094,0,0
4692,4702.61,0.997,-1,-1,1428,1094,0,0
4693,4703.61,1.0,-2,-1,1428,1094,0,0
4694,4704.61,1.001,-1,-1,1427,1094,-1,0
4695,4705.62,1.004,-2,-1,1425,1093,-2,-1
4696,4706.61,0.995,-1,-1,1425,1093,0,0
4697,4707.63,1.021,-1,-1,1425,1093,0,0
4698,4708.61,0.982,-2,-1,1425,1093,0,0
4699,4709.71,1.09,-1,-1,1425,1093,0,0
4700,4710.63,0.922,-2,-1,1425,1093,0,0
4701,4711.62,0.988,-1,-1,1424,1091,-1,-2
4702,4712.62,1.002,-1,-1,1424,1091,0,0
4703,4713.63,1.015,-2,-1,1424,1091,0,0
4704,4714.61,0.983,-1,-1,1424,1091,0,0
4705,4715.61,0.999,-1,-1,1424,1091,0,0
4706,4716.67,1.053,-2,-1,1424,1091,0,0
4707,4717.63,0.964,-1,-1,1424,1091,0,0
4708,4718.61,0.984,-2,-1,1422,1090,-2,-1
4709,4719.63,1.015,-1,-1,1422,1090,0,0
4710,4720.62,0.987,-1,-1,1422,1090,0,0
4711,4721.61,0.999,-2,-1,1422,1090,0,0
4712,4722.64,1.021,-1,-2,1421,1090,-1,0
4713,4723.63,0.993,-1,-1,1421,1090,0,0
4714,4724.61,0.986,-2,-1,1419,1088,-2,-2
4715,4725.63,1.015,-1,-1,1419,1088,0,0
4716,4726.61,0.986,-1,-1,1419,1088,0,0
4717,4727.62,1.007,-2,-1,1419,1088,0,0
4718,4728.61,0.991,-1,-1,1419,1088,0,0
4719,4729.61,1.0,-1,-1,1419,1088,0,0
4720,4730.61,0.999,-1,-1,1418,1087,-1,-1
4721,4731.61,1.001,-2,-1,1418,1087,0,0
4722,4732.61,0.999,-1,-1,1418,1087,0,0
4723,4733.61,1.0,-1,-1,1418,1087,0,0
4724,4734.61,1.001,-2,-2,1418,1087,0,0
4725,4735.61,0.999,-1,-1,1418,1087,0,0
4726,4736.61,1.0,-1,-1,1416,1085,-2,-2
4727,4737.63,1.019,-2,-1,1416,1085,0,0
4728,4738.63,1.003,-1,-1,1416,1085,0,0
4729,4739.62,0.982,-1,-1,1416,1085,0,0
4730,4740.61,0.997,-1,-1,1415,1085,-1,0
4731,4741.61,1.001,-2,-1,1415,1085,0,0
4732,4742.63,1.015,-1,-1,1413,1084,-2,-1
4733,4743.61,0.987,-1,-2,1413,1084,0,0
4734,4744.61,0.998,-1,-1,1413,1084,0,0
4735,4745.61,0.999,-2,-1,1413,1084,0,0
4736,4746.61,1.0,-1,-1,1412,1084,-1,0
4737,4747.63,1.016,-1,-1,1412,1084,0,0
4738,4748.61,0.986,-1,-1,1410,1082,-2,-2
4739,4749.63,1.015,-2,-2,1410,1082,0,0
4740,4750.62,0.988,-1,-1,1410,1082,0,0
4741,4751.62,1.005,-1,-1,1410,1082,0,0
4742,4752.61,0.989,-1,-1,1410,1081,0,-1
4743,4753.63,1.017,-2,-1,1410,1081,0,0
4744,4754.66,1.035,-1,-1,1409,1079,-1,-2
4745,4755.63,0.972,-1,-2,1409,1079,0,0
4746,4756.61,0.981,-1,-1,1409,1079,0,0
4747,4757.61,0.997,-2,-1,1409,1079,0,0
4748,4758.63,1.018,-1,-1,1407,1078,-2,-1
4749,4759.68,1.053,-1,-1,1407,1078,0,0
4750,4760.63,0.943,-1,-2,1406,1076,-1,-2
4751,4761.61,0.987,-1,-1,1406,1076,0,0
4752,4762.64,1.031,-2,-1,1406,1076,0,0
4753,4763.61,0.969,-1,-1,1406,1076,0,0
4754,4764.61,0.998,-1,-1,1406,1075,0,-1
4755,4765.63,1.016,-1,-2,1406,1075,0,0
4756,4766.61,0.986,-1,-1,1404,1073,-2,-2
4757,4767.66,1.044,-1,-1,1404,1073,0,0
4758,4768.63,0.969,-2,-1,1404,1073,0,0
4759,4769.61,0.987,-1,-2,1404,1073,0,0
4760,4770.61,0.998,-1,-1,1404,1073,0,0
4761,4771.63,1.019,-1,-1,1404,1073,0,0
4762,4772.62,0.988,-1,-1,1403,1072,-1,-1
4763,4773.64,1.023,-1,-2,1403,1072,0,0
4764,4774.61,0.973,-2,-1,1403,1072,0,0
4765,4775.61,0.997,-1,-1,1403,1072,0,0
4766,4776.61,0.999,-1,-1,1403,1072,0,0
4767,4777.61,1.0,-1,-2,1403,1072,0,0
4768,4778.61,1.001,-1,-1,1401,1070,-2,-2
4769,4779.63,1.021,-1,-1,1401,1070,0,0
4770,4780.62,0.984,-1,-2,1401,1070,0,0
4771,4781.61,0.996,-2,-1,1401,1070,0,0
4772,4782.61,0.999,-1,-1,1401,1069,0,-1
4773,4783.62,1.004,-1,-1,1401,1069,0,0
4774,4784.61,0.998,-1,-2,1400,1067,-1,-2
4775,4785.61,0.999,-1,-1,1400,1067,0,0
4776,4786.61,1.0,-1,-1,1400,1067,0,0
4777,4787.64,1.03,-1,-2,1400,1067,0,0
4778,4788.61,0.97,-1,-1,1400,1067,0,0
4779,4789.62,1.002,-1,-1,1400,1067,0,0
4780,4790.61,0.998,-1,-2,1398,1066,-2,-1
4781,4791.61,0.999,-2,-1,1398,1066,0,0
4782,4792.61,1.001,-1,-1,1398,1066,0,0
4783,4793.61,0.999,-1,-2,1398,1066,0,0
4784,4794.61,1.0,-1,-1,1398,1066,0,0
4785,4795.61,1.0,-1,-1,1398,1066,0,0
4786,4796.62,1.01,-1,-1,1397,1064,-1,-2
4787,4797.61,0.992,-1,-2,1397,1064,0,0
4788,4798.61,0.998,-1,-1,1397,1064,0,0
4789,4799.61,1.0,-1,-2,1397,1064,0,0
4790,4800.61,1.0,-1,-1,1397,1064,0,0
4791,4801.64,1.031,-1,-1,1395,1064,-2,0
4792,4802.63,0.986,-1,-2,1394,1063,-1,-1
4793,4803.61,0.986,-1,-1,1394,1063,0,0
4794,4804.61,0.997,-1,-1,1394,1063,0,0
4795,4805.61,1.0,-1,-2,1394,1063,0,0
4796,4806.61,1.0,-1,-1,1394,1063,0,0
4797,4807.61,1.0,-1,-1,1394,1061,0,-2
4798,4808.63,1.02,-1,-2,1392,1060,-2,-1
4799,4809.63,1.0,-1,-1,1393,1060,1,0
4800,4810.7,1.067,-1,-2,1393,1060,0,0
4801,4811.62,0.92,-1,-1,1393,1060,0,0
4802,4812.61,0.995,-1,-1,1395,1060,2,0
4803,4813.63,1.016,-1,-2,1395,1060,0,0
4804,4814.61,0.987,-1,-1,1395,1060,0,0
4805,4815.61,0.997,-1,-1,1394,1058,-1,-2
4806,4816.61,0.999,-1,-2,1395,1057,1,-1
4807,4817.63,1.02,-1,-1,1396,1057,1,0
4808,4818.66,1.025,-1,-2,1396,1057,0,0
4809,4819.63,0.971,-1,-1,1396,1057,0,0
4810,4820.61,0.987,-1,-2,1398,1057,2,0
4811,4821.63,1.013,-1,-1,1397,1055,-1,-2
4812,4822.63,1.005,-1,-1,1398,1055,1,0
4813,4823.63,0.999,-1,-2,1398,1055,0,0
4814,4824.62,0.984,-1,-1,1398,1055,0,0
4815,4825.66,1.042,-1,-2,1399,1054,1,-1
4816,4826.61,0.957,-1,-1,1399,1054,0,0
4817,4827.61,0.997,-1,-1,1399,1054,0,0
4818,4828.61,1.0,0,-2,1398,1052,-1,-2
4819,4829.63,1.021,-1,-1,1399,1052,1,0
4820,4830.62,0.983,-1,-2,1407,1051,8,-1
4821,4831.63,1.012,-1,-1,1407,1051,0,0
4822,4832.61,0.986,-1,-2,1408,1051,1,0
4823,4833.61,0.999,-1,-1,1408,1051,0,0
4824,4834.63,1.016,-1,-2,1408,1051,0,0
4825,4835.61,0.985,-1,-1,1407,1049,-1,-2
4826,4836.63,1.015,-1,-1,1414,1048,7,-1
4827,4837.63,0.998,-1,-2,1422,1048,8,0
4828,4838.63,1.006,0,-1,1422,1048,0,0
4829,4839.61,0.982,-1,-2,1425,1048,3,0
4830,4840.63,1.014,-1,-1,1425,1048,0,0
4831,4841.61,0.986,-1,-2,1425,1048,0,0
4832,4842.61,1.0,-1,-1,1424,1046,-1,-2
4833,4843.61,0.998,-1,-2,1432,1045,8,-1
4834,4844.61,0.999,-1,-1,1441,1045,9,0
4835,4845.61,1.001,0,-2,1441,1045,0,0
4836,4846.61,1.0,-1,-1,1441,1045,0,0
4837,4847.63,1.02,-1,-2,1443,1043,2,-2
4838,4848.62,0.983,-1,-1,1442,1042,-1,-1
4839,4849.63,1.012,-1,-2,1444,1042,2,0
4840,4850.62,0.988,-1,-1,1444,1042,0,0
4841,4851.63,1.012,0,-2,1462,1040,18,-2
4842,4852.61,0.987,-1,-1,1462,1040,0,0
4843,4853.61,0.998,-1,-2,1462,1040,0,0
4844,4854.61,0.999,-1,-1,1467,1039,5,-1
4845,4855.63,1.018,-1,-2,1466,1037,-1,-2
4846,4856.61,0.985,0,-1,1476,1037,10,0
4847,4857.65,1.034,-1,-2,1483,1036,7,-1
4848,4858.63,0.98,-1,-1,1483,1036,0,0
4849,4859.61,0.986,-1,-2,1483,1036,0,0
4850,4860.61,0.998,0,-1,1488,1036,5,0
4851,4861.66,1.048,-1,-2,1488,1036,0,0
4852,4862.73,1.066,-1,-1,1487,1034,-1,-2
4853,4863.63,0.904,-1,-2,1500,1034,13,0
4854,4864.63,1.001,-1,-1,1504,1034,4,0
4855,4865.63,0.998,0,-2,1504,1034,0,0
4856,4866.61,0.985,-1,-1,1518,1033,14,-1
4857,4867.63,1.014,-1,-2,1518,1031,0,-2
4858,4868.62,0.989,0,-2,1518,1031,0,0
4859,4869.65,1.032,-1,-1,1517,1030,-1,-1
4860,4870.62,0.967,-1,-2,1528,1030,11,0
4861,4871.62,1.0,-1,-1,1536,1030,8,0
4862,4872.63,1.013,0,-2,1536,1030,0,0
4863,4873.61,0.985,-1,-1,1537,1030,1,0
4864,4874.61,0.999,-1,-2,1537,1030,0,0
4865,4875.63,1.014,0,-1,1536,1028,-1,-2
4866,4876.61,0.985,-1,-2,1552,1028,16,0
4867,4877.63,1.016,-1,-1,1572,1028,20,0
4868,4878.62,0.989,-1,-2,1572,1028,0,0
4869,4879.63,1.016,0,-2,1572,1028,0,0
4870,4880.63,0.999,-1,-1,1572,1028,0,0
4871,4881.61,0.982,-1,-2,1576,1027,4,-1
4872,4882.63,1.014,0,-1,1575,1025,-1,-2
4873,4883.61,0.987,-1,-2,1579,1025,4,0
4874,4884.61,0.999,-1,-1,1597,1025,18,0
4875,4885.63,1.015,0,-2,1597,1025,0,0
4876,4886.62,0.988,-1,-2,1597,1025,0,0
4877,4887.71,1.092,0,-1,1600,1025,3,0
4878,4888.63,0.925,-1,-2,1600,1025,0,0
4879,4889.61,0.982,-1,-1,1599,1024,-1,-1
4880,4890.63,1.013,0,-2,1620,1024,21,0
4881,4891.61,0.986,-1,-1,1624,1024,4,0
4882,4892.61,1.0,-1,-2,1624,1024,0,0
4883,4893.61,0.997,0,-2,1644,1024,20,0
4884,4894.63,1.016,-1,-1,1644,1024,0,0
4885,4895.63,1.004,0,-2,1644,1024,0,0
4886,4896.61,0.982,-1,-1,1643,1022,-1,-2
4887,4897.63,1.014,-1,-2,1657,1022,14,0
4888,4898.63,1.002,0,-2,1659,1023,2,1
4889,4899.63,0.998,-1,-1,1659,1023,0,0
4890,4900.61,0.986,0,-2,1668,1023,9,0
4891,4901.63,1.016,-1,-1,1668,1023,0,0
4892,4902.61,0.984,0,-2,1667,1022,-1,-1
4893,4903.61,0.998,-1,-2,1681,1023,14,1
4894,4904.66,1.044,-1,-1,1707,1023,26,0
4895,4905.63,0.974,0,-2,1707,1023,0,0
4896,4906.61,0.984,-1,-2,1707,1023,0,0
4897,4907.61,0.998,0,-1,1707,1023,0,0
4898,4908.66,1.05,-1,-2,1711,1023,4,0
4899,4909.62,0.953,0,-1,1710,1022,-1,-1
4900,4910.63,1.013,-1,-2,1716,1022,6,0
4901,4911.61,0.987,0,-2,1738,1023,22,1
4902,4912.77,1.152,-1,-1,1738,1023,0,0
4903,4913.63,0.86,0,-2,1738,1023,0,0
4904,4914.61,0.987,-1,-2,1743,1023,5,0
4905,4915.63,1.014,0,-1,1743,1023,0,0
4906,4916.61,0.986,-1,-2,1742,1022,-1,-1
4907,4917.61,0.998,0,-1,1764,1022,22,0
4908,4918.63,1.016,-1,-2,1770,1023,6,1
4909,4919.62,0.988,0,-2,1770,1023,0,0
4910,4920.61,0.998,-1,-1,1770,1023,0,0
4911,4921.68,1.062,0,-2,1789,1022,19,-1
4912,4922.63,0.951,-1,-2,1789,1021,0,-1
4913,4923.61,0.987,0,-1,1810,1021,21,0
4914,4924.61,0.998,-1,-2,1816,1022,6,1
4915,4925.61,1.0,0,-2,1816,1022,0,0
4916,4926.65,1.035,-1,-1,1830,1022,14,0
4917,4927.63,0.983,0,-2,1830,1022,0,0
4918,4928.61,0.985,0,-1,1830,1021,0,-1
4919,4929.66,1.046,-1,-2,1829,1019,-1,-2
4920,4930.63,0.968,0,-2,1851,1019,22,0
4921,4931.61,0.987,-1,-1,1857,1019,6,0
4922,4932.61,0.998,0,-2,1857,1019,0,0
4923,4933.61,0.998,0,-2,1863,1019,6,0
4924,4934.63,1.018,-1,-1,1863,1019,0,0
4925,4935.61,0.985,0,-2,1863,1019,0,0
4926,4936.61,0.997,-1,-2,1863,1018,0,-1
4927,4937.63,1.016,0,-1,1879,1018,16,0
4928,4938.61,0.986,0,-2,1897,1019,18,1
4929,4939.61,0.999,-1,-2,1897,1019,0,0
4930,4940.61,0.999,0,-1,1905,1018,8,-1
4931,4941.63,1.018,-1,-2,1905,1018,0,0
4932,4942.63,1.003,0,-2,1905,1018,0,0
4933,4943.62,0.984,0,-1,1905,1016,0,-2
4934,4944.63,1.013,-1,-2,1923,1016,18,0
4935,4945.61,0.985,0,-2,1938,1016,15,0
4936,4946.63,1.017,0,-1,1938,1016,0,0
4937,4947.62,0.985,-1,-2,1944,1016,6,0
4938,4948.63,1.012,0,-2,1944,1016,0,0
4939,4949.61,0.986,0,-1,1944,1016,0,0
4940,4950.66,1.042,-1,-2,1944,1015,0,-1
4941,4951.62,0.96,0,-2,1962,1015,18,0
4942,4952.63,1.012,0,-1,1974,1016,12,1
4943,4953.61,0.987,0,-2,1974,1016,0,0
4944,4954.66,1.041,-1,-2,1974,1016,0,0
4945,4955.63,0.978,0,-1,1974,1015,0,-1
4946,4956.62,0.982,0,-2,1981,1013,7,-2
4947,4957.63,1.015,-1,-2,1984,1013,3,0
4948,4958.64,1.01,0,-1,1984,1013,0,0
4949,4959.63,0.986,0,-2,1984,1013,0,0
4950,4960.67,1.045,0,-2,2010,1012,26,-1
4951,4961.61,0.943,-1,-2,2010,1012,0,0
4952,4962.61,0.999,0,-1,2010,1012,0,0
4953,4963.68,1.069,0,-2,2010,1010,0,-2
4954,4964.63,0.945,0,-2,2014,1010,4,0
4955,4965.62,0.996,-1,-1,2037,1010,23,0
4956,4966.61,0.989,0,-2,2037,1010,0,0
4957,4967.61,1.0,0,-2,2041,1010,4,0
4958,4968.63,1.015,0,-1,2041,1009,0,-1
4959,4969.62,0.987,-1,-2,2041,1009,0,0
4960,4970.61,0.996,0,-2,2040,1007,-1,-2
4961,4971.61,1.001,0,-1,2055,1008,15,1
4962,4972.64,1.031,0,-2,2065,1008,10,0
4963,4973.63,0.988,0,-2,2065,1008,0,0
4964,4974.61,0.983,-1,-1,2070,1007,5,-1
4965,4975.64,1.021,0,-2,2070,1007,0,0
4966,4976.61,0.979,0,-2,2070,1006,0,-1
4967,4977.65,1.034,0,-2,2073,1006,3,0
4968,4978.63,0.98,0,-1,2089,1006,16,0
4969,4979.66,1.031,0,-2,2089,1006,0,0
4970,4980.61,0.955,-1,-2,2089,1006,0,0
4971,4981.61,0.997,0,-1,2094,1007,5,1
4972,4982.63,1.017,0,-2,2094,1007,0,0
4973,4983.63,1.0,0,-2,2094,1006,0,-1
4974,4984.66,1.03,0,-1,2095,1006,1,0
4975,4985.63,0.969,0,-2,2107,1006,12,0
4976,4986.63,1.0,0,-2,2107,1006,0,0
4977,4987.61,0.986,-1,-2,2107,1006,0,0
4978,4988.63,1.018,0,-1,2110,1007,3,1
4979,4989.61,0.983,0,-2,2110,1007,0,0
4980,4990.61,0.997,0,-2,2110,1006,0,-1
4981,4991.63,1.016,0,-1,2119,1006,9,0
4982,4992.61,0.986,0,-2,2122,1007,3,1
4983,4993.63,1.015,0,-2,2122,1007,0,0
4984,4994.62,0.991,0,-1,2122,1007,0,0
4985,4995.61,0.992,0,-2,2128,1006,6,-1
4986,4996.65,1.043,0,-2,2128,1004,0,-2
4987,4997.61,0.959,0,-2,2133,1005,5,1
4988,4998.63,1.014,-1,-1,2133,1005,0,0
4989,4999.61,0.986,0,-2,2133,1005,0,0
4990,5000.61,0.997,0,-2,2134,1005,1,0
4991,5001.61,1.0,0,-1,2134,1005,0,0
4992,5002.61,1.0,0,-2,2134,1005,0,0
4993,5003.61,0.999,0,-2,2134,1004,0,-1
4994,5004.63,1.017,0,-2,2136,1004,2,0
4995,5005.63,1.003,0,-1,2143,1005,7,1
4996,5006.62,0.984,0,-2,2143,1005,0,0
4997,5007.61,0.996,0,-2,2145,1004,2,-1
4998,5008.62,1.004,0,-1,2145,1004,0,0
4999,5009.61,0.997,0,-2,2145,1003,0,-1
5000,5010.61,1.0,0,-2,2148,1003,3,0
5001,5011.61,1.0,0,-1,2151,1003,3,0
5002,5012.61,0.999,0,-2,2151,1003,0,0
5003,5013.61,1.001,0,-2,2151,1001,0,-2
5004,5014.66,1.051,0,-2,2151,1001,0,0
5005,5015.62,0.953,0,-1,2152,1002,1,1
5006,5016.61,0.995,0,-2,2152,1001,0,-1
5007,5017.63,1.015,0,-2,2154,1001,2,0
5008,5018.63,1.003,0,-1,2155,1001,1,0
5009,5019.61,0.983,0,-2,2155,1001,0,0
5010,5020.61,0.998,0,-2,2155,1001,0,0
5011,5021.61,0.999,1,-1,2155,1001,0,0
5012,5022.64,1.033,0,-2,2155,1000,0,-1
5013,5023.63,0.984,0,-2,2155,1000,0,0
5014,5024.62,0.987,0,-2,2155,1000,0,0
5015,5025.61,0.998,0,-1,2155,1000,0,0
5016,5026.64,1.022,0,-2,2155,1000,0,0
5017,5027.63,0.994,0,-2,2155,998,0,-2
5018,5028.63,0.999,0,-1,2155,998,0,0
5019,5029.63,1.002,0,-2,2155,997,0,-1
5020,5030.63,0.998,0,-2,2157,997,2,0
5021,5031.61,0.986,0,-1,2157,997,0,0
5022,5032.61,0.998,1,-2,2157,997,0,0
5023,5033.61,1.002,0,-2,2157,997,0,0
5024,5034.63,1.016,0,-2,2157,995,0,-2
5025,5035.63,0.996,0,-1,2157,994,0,-1
5026,5036.61,0.988,0,-2,2157,994,0,0
5027,5037.61,0.998,0,-2,2157,994,0,0
5028,5038.63,1.02,0,-1,2157,994,0,0
5029,5039.61,0.983,1,-2,2157,994,0,0
5030,5040.61,0.997,0,-2,2157,992,0,-2
5031,5041.61,1.001,0,-1,2157,991,0,-1
5032,5042.61,0.999,0,-2,2157,991,0,0
5033,5043.61,1.0,0,-2,2157,991,0,0
5034,5044.61,1.0,0,-2,2157,991,0,0
5035,5045.61,1.0,1,-1,2157,991,0,0
5036,5046.61,1.0,0,-2,2157,989,0,-2
5037,5047.63,1.019,0,-2,2157,989,0,0
5038,5048.61,0.984,0,-1,2157,988,0,-1
5039,5049.63,1.015,0,-2,2157,988,0,0
5040,5050.61,0.985,1,-2,2157,988,0,0
5041,5051.61,0.998,0,-1,2157,988,0,0
5042,5052.61,0.999,0,-2,2157,986,0,-2
5043,5053.61,1.002,0,-2,2157,986,0,0
5044,5054.61,0.999,1,-1,2157,985,0,-1
5045,5055.61,1.0,0,-2,2157,985,0,0
5046,5056.61,1.0,0,-2,2157,985,0,0
5047,5057.61,1.001,0,-2,2157,985,0,0
5048,5058.61,0.999,1,-1,2157,985,0,0
5049,5059.61,1.0,0,-2,2157,983,0,-2
5050,5060.61,1.001,0,-2,2157,982,0,-1
5051,5061.61,1.0,0,-1,2157,982,0,0
5052,5062.61,0.999,1,-2,2157,982,0,0
5053,5063.61,1.0,0,-2,2157,982,0,0
5054,5064.66,1.047,0,-1,2157,982,0,0
5055,5065.64,0.982,1,-2,2157,980,0,-2
5056,5066.63,0.988,0,-2,2157,979,0,-1
5057,5067.63,1.005,0,-1,2157,979,0,0
5058,5068.61,0.98,0,-2,2157,979,0,0
5059,5069.61,1.0,1,-2,2157,979,0,0
5060,5070.61,0.998,0,-1,2157,979,0,0
5061,5071.61,1.002,0,-2,2157,977,0,-2
5062,5072.65,1.037,1,-2,2157,977,0,0
5063,5073.62,0.965,0,-1,2158,976,1,-1
5064,5074.63,1.013,0,-2,2158,976,0,0
5065,5075.61,0.985,1,-2,2158,976,0,0
5066,5076.61,0.998,0,-1,2158,976,0,0
5067,5077.63,1.015,0,-2,2158,976,0,0
5068,5078.61,0.984,1,-2,2158,974,0,-2
5069,5079.61,1.0,0,-1,2158,973,0,-1
5070,5080.63,1.019,1,-2,2158,973,0,0
5071,5081.63,1.002,0,-2,2158,973,0,0
5072,5082.61,0.982,0,-1,2158,973,0,0
5073,5083.61,0.997,1,-2,2158,973,0,0
5074,5084.61,1.0,0,-2,2158,971,0,-2
5075,5085.63,1.017,1,-1,2158,970,0,-1
5076,5086.61,0.986,0,-2,2158,970,0,0
5077,5087.61,0.998,0,-2,2158,970,0,0
5078,5088.61,1.002,1,-1,2158,970,0,0
5079,5089.61,0.998,0,-2,2158,970,0,0
5080,5090.61,1.0,1,-2,2158,968,0,-2
5081,5091.61,1.001,0,-1,2158,968,0,0
5082,5092.61,0.999,0,-2,2160,967,2,-1
5083,5093.63,1.016,1,-2,2160,967,0,0
5084,5094.61,0.985,0,-1,2160,967,0,0
5085,5095.61,0.998,1,-2,2160,967,0,0
5086,5096.61,0.999,0,-1,2160,965,0,-2
5087,5097.61,1.001,1,-2,2160,965,0,0
5088,5098.61,0.999,0,-2,2160,964,0,-1
5089,5099.61,1.001,1,-1,2160,964,0,0
5090,5100.61,0.999,0,-2,2160,964,0,0
5091,5101.61,1.0,1,-2,2160,964,0,0
5092,5102.61,1.0,0,-1,2160,964,0,0
5093,5103.61,1.0,1,-2,2160,962,0,-2
5094,5104.61,1.0,0,-2,2161,961,1,-1
5095,5105.61,1.0,1,-1,2161,961,0,0
5096,5106.61,1.0,0,-2,2161,961,0,0
5097,5107.61,1.0,1,-1,2161,961,0,0
5098,5108.61,0.999,0,-2,2161,961,0,0
5099,5109.61,1.001,1,-2,2161,961,0,0
5100,5110.7,1.092,0,-1,2163,959,2,-2
5101,5111.63,0.926,1,-2,2163,959,0,0
5102,5112.61,0.984,0,-2,2163,959,0,0
5103,5113.63,1.019,1,-1,2163,959,0,0
5104,5114.61,0.981,0,-2,2163,959,0,0
5105,5115.69,1.073,1,-1,2163,959,0,0
5106,5116.63,0.938,1,-2,2163,959,0,0
5107,5117.61,0.988,0,-2,2164,958,1,-1
5108,5118.63,1.014,1,-1,2164,958,0,0
5109,5119.61,0.987,0,-2,2164,958,0,0
5110,5120.61,0.998,1,-1,2164,958,0,0
5111,5121.61,0.999,0,-2,2164,956,0,-2
5112,5122.63,1.02,1,-2,2164,956,0,0
5113,5123.66,1.029,1,-1,2164,955,0,-1
5114,5124.63,0.966,0,-2,2164,955,0,0
5115,5125.61,0.987,1,-1,2164,955,0,0
5116,5126.61,0.999,0,-2,2164,955,0,0
5117,5127.63,1.019,1,-2,2164,955,0,0
5118,5128.62,0.985,1,-1,2164,955,0,0
5119,5129.65,1.03,0,-2,2166,953,2,-2
5120,5130.63,0.986,1,-1,2166,953,0,0
5121,5131.61,0.982,1,-2,2166,953,0,0
5122,5132.61,0.997,0,-1,2166,953,0,0
5123,5133.61,0.999,1,-2,2166,952,0,-1
5124,5134.63,1.016,0,-2,2166,952,0,0
5125,5135.61,0.987,1,-1,2166,950,0,-2
5126,5136.61,1.0,1,-2,2166,950,0,0
5127,5137.61,0.999,0,-1,2166,950,0,0
5128,5138.61,0.999,1,-2,2166,950,0,0
5129,5139.61,1.0,1,-1,2166,950,0,0
5130,5140.61,1.0,0,-2,2166,950,0,0
5131,5141.61,1.0,1,-2,2167,949,1,-1
5132,5142.61,1.001,1,-1,2167,949,0,0
5133,5143.63,1.02,1,-2,2167,949,0,0
5134,5144.62,0.984,0,-1,2167,949,0,0
5135,5145.61,0.996,1,-2,2167,947,0,-2
5136,5146.63,1.017,1,-1,2167,947,0,0
5137,5147.61,0.985,0,-2,2169,946,2,-1
5138,5148.61,0.999,1,-1,2169,946,0,0
5139,5149.61,0.999,1,-2,2169,946,0,0
5140,5150.61,1.0,1,-2,2169,946,0,0
5141,5151.61,1.0,0,-1,2169,946,0,0
5142,5152.61,1.0,1,-2,2169,946,0,0
5143,5153.61,1.0,1,-1,2170,944,1,-2
5144,5154.61,1.001,0,-2,2170,944,0,0
5145,5155.63,1.021,1,-1,2170,944,0,0
5146,5156.62,0.983,1,-2,2170,944,0,0
5147,5157.61,0.997,1,-1,2170,944,0,0
5148,5158.68,1.063,1,-2,2170,944,0,0
5149,5159.61,0.938,0,-1,2172,943,2,-1
5150,5160.63,1.014,1,-2,2172,943,0,0
5151,5161.61,0.986,1,-1,2172,943,0,0
5152,5162.61,0.998,1,-2,2172,943,0,0
5153,5163.63,1.02,0,-1,2172,941,0,-2
5154,5164.63,0.996,1,-2,2172,941,0,0
5155,5165.61,0.986,1,-1,2172,940,0,-1
5156,5166.67,1.056,1,-2,2172,940,0,0
5157,5167.62,0.95,1,-1,2172,940,0,0
5158,5168.61,0.993,0,-2,2172,940,0,0
5159,5169.61,0.999,1,-1,2172,938,0,-2
5160,5170.63,1.016,1,-2,2172,938,0,0
5161,5171.62,0.991,1,-1,2173,937,1,-1
5162,5172.61,0.995,1,-2,2173,937,0,0
5163,5173.68,1.062,1,-1,2173,937,0,0
5164,5174.62,0.939,0,-2,2173,937,0,0
5165,5175.61,0.996,1,-1,2173,935,0,-2
5166,5176.61,1.001,1,-2,2173,935,0,0
5167,5177.61,0.998,1,-1,2175,934,2,-1
5168,5178.63,1.017,1,-2,2175,934,0,0
5169,5179.63,1.007,1,-1,2175,934,0,0
5170,5180.63,0.994,1,-2,2175,934,0,0
5171,5181.61,0.984,0,-1,2175,932,0,-2
5172,5182.63,1.014,1,-2,2175,932,0,0
5173,5183.69,1.061,1,-1,2176,931,1,-1
5174,5184.61,0.924,1,-1,2176,931,0,0
5175,5185.61,0.999,1,-2,2176,931,0,0
5176,5186.61,1.0,1,-1,2176,931,0,0
5177,5187.61,1.0,1,-2,2176,929,0,-2
5178,5188.62,1.009,1,-1,2176,929,0,0
5179,5189.61,0.994,1,-2,2178,928,2,-1
5180,5190.61,0.997,1,-1,2178,928,0,0
5181,5191.61,1.0,0,-2,2178,928,0,0
5182,5192.61,0.999,1,-1,2178,928,0,0
5183,5193.61,1.0,1,-1,2178,928,0,0
5184,5194.61,1.0,1,-2,2178,928,0,0
5185,5195.61,1.0,1,-1,2179,926,1,-2
5186,5196.63,1.022,1,-2,2179,926,0,0
5187,5197.62,0.982,1,-1,2179,926,0,0
5188,5198.61,0.997,1,-2,2179,926,0,0
5189,5199.61,0.999,1,-1,2179,926,0,0
5190,5200.61,1.002,1,-1,2179,926,0,0
5191,5201.61,0.999,1,-2,2181,925,2,-1
5192,5202.63,1.016,1,-1,2181,925,0,0
5193,5203.61,0.986,1,-2,2181,925,0,0
5194,5204.61,0.997,1,-1,2181,925,0,0
5195,5205.63,1.019,1,-1,2181,925,0,0
5196,5206.62,0.985,1,-2,2181,923,0,-2
5197,5207.63,1.012,1,-1,2182,922,1,-1
5198,5208.61,0.986,1,-2,2182,922,0,0
5199,5209.61,0.998,1,-1,2182,922,0,0
5200,5210.61,1.0,1,-1,2182,922,0,0
5201,5211.61,1.0,1,-2,2182,922,0,0
5202,5212.61,1.0,1,-1,2182,922,0,0
5203,5213.63,1.021,1,-1,2184,920,2,-2
5204,5214.61,0.982,1,-2,2184,920,0,0
5205,5215.61,0.999,1,-1,2184,920,0,0
5206,5216.61,0.998,1,-1,2184,920,0,0
5207,5217.61,1.001,1,-2,2184,920,0,0
5208,5218.66,1.049,1,-1,2184,919,0,-1
5209,5219.63,0.965,1,-2,2185,917,1,-2
5210,5220.62,0.988,1,-1,2185,917,0,0
5211,5221.61,0.996,1,-1,2185,917,0,0
5212,5222.61,1.0,1,-2,2185,917,0,0
5213,5223.61,1.001,1,-1,2185,917,0,0
5214,5224.66,1.047,1,-1,2185,916,0,-1
5215,5225.63,0.968,1,-2,2187,914,2,-2
5216,5226.63,1.0,1,-1,2187,914,0,0
5217,5227.61,0.987,1,-1,2187,914,0,0
5218,5228.61,0.998,2,-2,2187,914,0,0
5219,5229.61,0.999,1,-1,2187,914,0,0
5220,5230.63,1.018,1,-1,2187,914,0,0
5221,5231.61,0.983,1,-1,2188,913,1,-1
5222,5232.61,1.0,1,-2,2188,913,0,0
5223,5233.61,1.0,1,-1,2188,913,0,0
5224,5234.61,0.999,1,-1,2188,913,0,0
5225,5235.61,1.0,1,-2,2188,913,0,0
5226,5236.61,1.001,1,-1,2188,913,0,0
5227,5237.61,0.999,1,-1,2190,911,2,-2
5228,5238.63,1.021,2,-2,2190,911,0,0
5229,5239.61,0.982,1,-1,2190,911,0,0
5230,5240.61,0.998,1,-1,2190,911,0,0
5231,5241.61,0.999,1,-1,2190,911,0,0
5232,5242.61,0.999,1,-2,2190,910,0,-1
5233,5243.63,1.017,1,-1,2191,908,1,-2
5234,5244.63,1.0,1,-1,2191,908,0,0
5235,5245.62,0.988,2,-1,2191,908,0,0
5236,5246.62,1.0,1,-2,2191,908,0,0
5237,5247.61,0.997,1,-1,2191,908,0,0
5238,5248.61,0.999,1,-1,2191,908,0,0
5239,5249.61,0.999,1,-1,2193,907,2,-1
5240,5250.63,1.016,1,-2,2193,907,0,0
5241,5251.61,0.987,2,-1,2193,907,0,0
5242,5252.61,0.999,1,-1,2193,907,0,0
5243,5253.61,0.999,1,-1,2193,907,0,0
5244,5254.61,0.999,1,-2,2194,907,1,0
5245,5255.63,1.016,1,-1,2196,905,2,-2
5246,5256.63,1.001,1,-1,2196,905,0,0
5247,5257.61,0.986,2,-1,2196,905,0,0
5248,5258.61,0.998,1,-1,2196,905,0,0
5249,5259.61,1.0,1,-2,2196,905,0,0
5250,5260.67,1.057,1,-1,2197,905,1,0
5251,5261.62,0.954,1,-1,2199,904,2,-1
5252,5262.61,0.99,2,-1,2199,904,0,0
5253,5263.63,1.019,1,-1,2199,904,0,0
5254,5264.61,0.983,1,-2,2199,904,0,0
5255,5265.61,0.998,1,-1,2199,904,0,0
5256,5266.61,0.999,2,-1,2200,904,1,0
5257,5267.63,1.019,1,-1,2202,902,2,-2
5258,5268.63,1.004,1,-1,2202,902,0,0
5259,5269.67,1.038,1,-1,2202,902,0,0
5260,5270.63,0.954,2,-2,2202,902,0,0
5261,5271.61,0.987,1,-1,2202,902,0,0
5262,5272.61,0.999,1,-1,2202,902,0,0
5263,5273.61,0.999,1,-1,2203,901,1,-1
5264,5274.61,1.001,2,-1,2203,901,0,0
5265,5275.66,1.05,1,-1,2203,901,0,0
5266,5276.63,0.964,1,-2,2203,901,0,0
5267,5277.61,0.987,1,-1,2203,901,0,0
5268,5278.61,0.998,2,-1,2203,901,0,0
5269,5279.68,1.067,1,-1,2205,899,2,-2
5270,5280.64,0.956,1,-1,2205,899,0,0
5271,5281.62,0.982,1,-1,2205,899,0,0
5272,5282.61,0.995,2,-1,2205,899,0,0
5273,5283.61,1.001,1,-1,2205,899,0,0
5274,5284.61,1.0,1,-2,2205,899,0,0
5275,5285.61,0.999,2,-1,2205,899,0,0
5276,5286.61,0.999,1,-1,2206,898,1,-1
5277,5287.63,1.017,1,-1,2206,898,0,0
5278,5288.61,0.986,2,-1,2206,898,0,0
5279,5289.61,0.998,1,-1,2206,898,0,0
5280,5290.61,1.0,1,-1,2206,898,0,0
5281,5291.61,1.0,1,-1,2206,898,0,0
5282,5292.61,1.0,2,-1,2208,896,2,-2
5283,5293.61,1.002,1,-1,2208,896,0,0
5284,5294.61,0.998,1,-1,2208,896,0,0
5285,5295.61,1.001,2,-1,2208,896,0,0
5286,5296.61,0.999,1,-2,2208,896,0,0
5287,5297.61,1.001,1,-1,2208,896,0,0
5288,5298.66,1.046,2,-1,2209,895,1,-1
5289,5299.63,0.971,1,-1,2209,895,0,0
5290,5300.62,0.99,1,-1,2209,895,0,0
5291,5301.61,0.997,2,-1,2209,895,0,0
5292,5302.61,0.998,1,-1,2209,895,0,0
5293,5303.61,1.0,2,-1,2209,895,0,0
5294,5304.61,1.001,1,-1,2211,893,2,-2
5295,5305.63,1.018,1,-1,2211,893,0,0
5296,5306.61,0.984,2,-1,2211,893,0,0
5297,5307.61,0.998,1,-1,2211,893,0,0
5298,5308.63,1.015,1,-1,2211,893,0,0
5299,5309.61,0.987,2,-1,2211,893,0,0
5300,5310.61,0.997,1,-1,2212,892,1,-1
5301,5311.63,1.016,2,-1,2212,892,0,0
5302,5312.61,0.986,1,-1,2212,892,0,0
5303,5313.61,1.0,1,-1,2212,892,0,0
5304,5314.63,1.016,2,-1,2212,892,0,0
5305,5315.61,0.985,1,-1,2212,892,0,0
5306,5316.61,0.998,2,-1,2214,890,2,-2
5307,5317.63,1.015,1,-1,2214,890,0,0
5308,5318.61,0.987,1,-1,2214,890,0,0
5309,5319.61,0.997,2,-1,2214,890,0,0
5310,5320.61,1.001,1,-1,2215,890,1,0
5311,5321.63,1.014,2,-1,2215,890,0,0
5312,5322.62,0.989,1,-1,2217,889,2,-1
5313,5323.61,0.998,1,-1,2217,889,0,0
5314,5324.61,0.999,2,0,2217,889,0,0
5315,5325.61,1.0,1,-1,2217,889,0,0
5316,5326.64,1.029,2,-1,2217,889,0,0
5317,5327.63,0.984,1,-1,2217,889,0,0
5318,5328.61,0.987,2,-1,2218,887,1,-2
5319,5329.61,1.0,1,-1,2218,887,0,0
5320,5330.63,1.018,1,-1,2218,887,0,0
5321,5331.63,1.002,2,-1,2218,887,0,0
5322,5332.63,0.995,1,-1,2218,887,0,0
5323,5333.61,0.987,2,-1,2218,887,0,0
5324,5334.61,0.998,1,-1,2220,886,2,-1
5325,5335.63,1.016,2,0,2220,886,0,0
5326,5336.61,0.986,1,-1,2220,886,0,0
5327,5337.61,0.998,2,-1,2220,886,0,0
5328,5338.61,0.999,1,-1,2220,886,0,0
5329,5339.61,1.0,1,-1,2220,886,0,0
5330,5340.61,1.0,2,-1,2221,884,1,-2
5331,5341.63,1.017,1,-1,2221,884,0,0
5332,5342.62,0.989,2,-1,2221,884,0,0
5333,5343.61,0.996,1,0,2221,884,0,0
5334,5344.61,0.999,2,-1,2221,884,0,0
5335,5345.63,1.021,1,-1,2221,884,0,0
5336,5346.63,0.994,2,-1,2223,883,2,-1
5337,5347.62,0.989,1,-1,2223,883,0,0
5338,5348.61,0.997,2,-1,2223,883,0,0
5339,5349.61,1.0,1,0,2223,883,0,0
5340,5350.61,1.001,2,-1,2223,883,0,0
5341,5351.61,0.999,1,-1,2223,883,0,0
5342,5352.61,0.999,2,-1,2224,881,1,-2
5343,5353.63,1.016,1,-1,2224,881,0,0
5344,5354.61,0.987,2,0,2224,881,0,0
5345,5355.61,0.997,1,-1,2224,881,0,0
5346,5356.61,1.0,2,-1,2224,881,0,0
5347,5357.61,1.0,1,-1,2224,881,0,0
5348,5358.61,1.0,2,-1,2226,880,2,-1
5349,5359.63,1.02,1,0,2226,880,0,0
5350,5360.63,1.001,2,-1,2226,880,0,0
5351,5361.61,0.983,1,-1,2226,880,0,0
5352,5362.61,0.997,2,-1,2226,880,0,0
5353,5363.61,0.999,1,0,2226,880,0,0
5354,5364.61,1.0,2,-1,2227,878,1,-2
5355,5365.61,1.001,2,-1,2227,878,0,0
5356,5366.61,1.0,1,-1,2227,878,0,0
5357,5367.61,0.999,2,0,2227,878,0,0
5358,5368.61,1.0,1,-1,2227,878,0,0
5359,5369.61,1.0,2,-1,2227,878,0,0
5360,5370.61,1.0,1,-1,2229,878,2,0
5361,5371.67,1.06,2,0,2229,878,0,0
5362,5372.63,0.955,1,-1,2229,878,0,0
5363,5373.61,0.988,2,-1,2229,878,0,0
5364,5374.61,0.998,1,0,2229,878,0,0
5365,5375.64,1.031,2,-1,2230,878,1,0
5366,5376.64,0.997,2,-1,2232,877,2,-1
5367,5377.63,0.987,1,-1,2232,877,0,0
5368,5378.61,0.986,2,0,2232,877,0,0
5369,5379.61,0.998,1,-1,2232,877,0,0
5370,5380.61,1.0,2,-1,2232,877,0,0
5371,5381.63,1.018,1,0,2233,877,1,0
5372,5382.63,0.997,2,-1,2235,877,2,0
5373,5383.61,0.988,1,-1,2235,877,0,0
5374,5384.62,1.001,2,0,2235,877,0,0
5375,5385.61,0.997,2,-1,2235,877,0,0
5376,5386.61,1.0,1,-1,2235,877,0,0
5377,5387.61,1.0,2,0,2235,877,0,0
5378,5388.61,1.002,1,-1,2236,875,1,-2
5379,5389.63,1.014,2,0,2236,875,0,0
5380,5390.61,0.986,2,-1,2236,875,0,0
5381,5391.64,1.022,1,-1,2236,875,0,0
5382,5392.62,0.981,2,0,2236,875,0,0
5383,5393.62,1.002,1,-1,2236,875,0,0
5384,5394.61,0.994,2,-1,2238,874,2,-1
5385,5395.63,1.017,1,0,2238,874,0,0
5386,5396.61,0.985,2,-1,2238,874,0,0
5387,5397.61,0.998,2,0,2238,874,0,0
5388,5398.61,0.999,1,-1,2238,874,0,0
5389,5399.61,1.0,2,0,2239,874,1,0
5390,5400.66,1.047,1,-1,2241,874,2,0
5391,5401.63,0.97,2,-1,2241,874,0,0
5392,5402.61,0.985,2,0,2241,874,0,0
5393,5403.61,0.998,1,-1,2241,874,0,0
5394,5404.61,1.0,2,0,2241,874,0,0
5395,5405.65,1.034,2,-1,2241,874,0,0
5396,5406.62,0.97,1,0,2242,874,1,0
5397,5407.61,0.999,2,-1,2242,874,0,0
5398,5408.61,0.998,1,0,2242,874,0,0
5399,5409.61,1.001,2,-1,2242,874,0,0
5400,5410.67,1.058,2,0,2242,874,0,0
5401,5411.61,0.943,1,-1,2244,874,2,0
5402,5412.63,1.014,2,-1,2245,872,1,-2
5403,5413.62,0.989,2,0,2245,872,0,0
5404,5414.61,0.996,1,-1,2245,872,0,0
5405,5415.61,0.999,2,0,2245,872,0,0
5406,5416.61,1.0,1,-1,2245,872,0,0
5407,5417.61,1.002,2,0,2247,872,2,0
5408,5418.61,1.0,2,-1,2248,871,1,-1
5409,5419.63,1.015,1,0,2248,871,0,0
5410,5420.61,0.986,2,0,2248,871,0,0
5411,5421.61,0.998,2,-1,2248,871,0,0
5412,5422.65,1.035,1,0,2248,871,0,0
5413,5423.63,0.985,2,-1,2250,871,2,0
5414,5424.63,1.0,1,0,2251,871,1,0
5415,5425.64,1.012,2,-1,2251,871,0,0
5416,5426.62,0.972,2,0,2251,871,0,0
5417,5427.65,1.029,1,-1,2251,871,0,0
5418,5428.63,0.981,2,0,2251,871,0,0
5419,5429.61,0.986,2,0,2251,871,0,0
5420,5430.61,1.0,1,-1,2253,871,2,0
5421,5431.61,1.0,2,0,2253,871,0,0
5422,5432.63,1.015,2,-1,2253,871,0,0
5423,5433.61,0.986,1,0,2253,871,0,0
5424,5434.61,0.999,2,-1,2253,871,0,0
5425,5435.61,0.999,2,0,2254,871,1,0
5426,5436.61,1.002,1,0,2256,869,2,-2
5427,5437.61,1.0,2,-1,2256,869,0,0
5428,5438.63,1.018,2,0,2256,869,0,0
5429,5439.61,0.984,1,0,2256,869,0,0
5430,5440.61,0.998,2,-1,2256,869,0,0
5431,5441.61,0.999,2,0,2257,869,1,0
5432,5442.61,1.001,1,-1,2259,869,2,0
5433,5443.61,0.999,2,0,2259,869,0,0
5434,5444.61,1.001,2,0,2259,869,0,0
5435,5445.61,0.999,1,-1,2259,869,0,0
5436,5446.61,1.0,2,0,2259,869,0,0
5437,5447.61,1.0,2,0,2260,869,1,0
5438,5448.61,1.0,1,-1,2262,869,2,0
5439,5449.63,1.017,2,0,2262,869,0,0
5440,5450.61,0.986,2,0,2262,869,0,0
5441,5451.61,0.998,1,-1,2262,869,0,0
5442,5452.61,1.0,2,0,2262,869,0,0
5443,5453.61,0.999,2,0,2263,869,1,0
5444,5454.67,1.062,1,0,2265,869,2,0
5445,5455.62,0.942,2,-1,2265,869,0,0
5446,5456.61,0.999,2,0,2265,869,0,0
5447,5457.61,0.998,1,0,2265,869,0,0
5448,5458.61,0.999,2,-1,2265,869,0,0
5449,5459.62,1.004,2,0,2266,869,1,0
5450,5460.61,0.998,1,0,2268,869,2,0
5451,5461.63,1.015,2,0,2268,869,0,0
5452,5462.61,0.986,2,-1,2268,869,0,0
5453,5463.64,1.025,2,0,2268,869,0,0
5454,5464.61,0.975,1,0,2268,869,0,0
5455,5465.61,0.997,2,0,2269,869,1,0
5456,5466.64,1.024,2,-1,2271,869,2,0
5457,5467.61,0.979,1,0,2271,869,0,0
5458,5468.61,0.997,2,0,2271,869,0,0
5459,5469.61,0.999,2,0,2271,869,0,0
5460,5470.61,1.001,1,0,2271,869,0,0
5461,5471.61,0.999,2,-1,2272,869,1,0
5462,5472.66,1.048,2,0,2274,869,2,0
5463,5473.63,0.972,1,0,2274,869,0,0
5464,5474.61,0.982,2,0,2274,869,0,0
5465,5475.61,1.001,2,0,2274,869,0,0
5466,5476.61,0.998,2,-1,2274,869,0,0
5467,5477.64,1.028,1,0,2274,869,0,0
5468,5478.63,0.985,2,0,2275,869,1,0
5469,5479.61,0.989,2,0,2275,869,0,0
5470,5480.63,1.016,1,0,2275,869,0,0
5471,5481.61,0.985,2,0,2275,869,0,0
5472,5482.62,1.007,2,-1,2275,869,0,0
5473,5483.61,0.992,1,0,2275,869,0,0
5474,5484.62,1.004,2,0,2277,869,2,0
5475,5485.63,1.014,2,0,2277,869,0,0
5476,5486.66,1.026,1,0,2277,869,0,0
5477,5487.63,0.974,2,0,2277,869,0,0
5478,5488.63,1.002,2,0,2277,869,0,0
5479,5489.61,0.983,2,0,2278,869,1,0
5480,5490.61,0.999,1,-1,2280,869,2,0
5481,5491.63,1.014,2,0,2280,869,0,0
5482,5492.61,0.986,2,0,2280,869,0,0
5483,5493.61,0.998,1,0,2280,869,0,0
5484,5494.61,1.0,2,0,2280,869,0,0
5485,5495.61,1.0,2,0,2281,869,1,0
5486,5496.61,1.001,1,0,2283,869,2,0
5487,5497.63,1.018,2,0,2283,869,0,0
5488,5498.62,0.984,2,0,2283,869,0,0
5489,5499.61,0.997,2,0,2283,869,0,0
5490,5500.66,1.047,1,0,2283,869,0,0
5491,5501.61,0.953,2,0,2284,869,1,0
5492,5502.63,1.016,2,0,2286,869,2,0
5493,5503.62,0.987,1,0,2286,869,0,0
5494,5504.61,0.997,2,0,2286,869,0,0
5495,5505.63,1.018,2,0,2286,869,0,0
5496,5506.61,0.984,2,-1,2286,869,0,0
5497,5507.61,0.998,1,0,2287,869,1,0
5498,5508.63,1.015,2,0,2289,869,2,0
5499,5509.62,0.988,2,0,2289,869,0,0
5500,5510.61,0.997,1,0,2289,869,0,0
5501,5511.61,0.999,2,0,2289,869,0,0
5502,5512.61,1.0,2,0,2289,869,0,0
5503,5513.61,1.0,1,1,2289,869,0,0
5504,5514.61,1.0,2,0,2290,869,1,0
5505,5515.61,1.001,2,0,2290,869,0,0
5506,5516.61,0.999,2,0,2290,869,0,0
5507,5517.61,1.001,1,0,2290,869,0,0
5508,5518.61,0.999,2,0,2290,869,0,0
5509,5519.61,1.0,2,0,2292,869,2,0
5510,5520.61,1.001,1,0,2293,869,1,0
5511,5521.61,0.999,2,0,2293,869,0,0
5512,5522.61,0.999,2,0,2293,869,0,0
5513,5523.65,1.038,2,0,2293,869,0,0
5514,5524.61,0.965,1,0,2293,869,0,0
5515,5525.61,0.996,2,0,2295,869,2,0
5516,5526.61,1.001,2,0,2296,869,1,0
5517,5527.65,1.037,1,0,2296,869,0,0
5518,5528.63,0.977,2,0,2296,869,0,0
5519,5529.61,0.987,2,1,2296,869,0,0
5520,5530.63,1.019,1,0,2296,869,0,0
5521,5531.62,0.983,2,0,2298,869,2,0
5522,5532.61,0.999,2,0,2299,869,1,0
5523,5533.65,1.037,2,0,2299,869,0,0
5524,5534.63,0.978,1,0,2299,869,0,0
5525,5535.61,0.985,2,0,2299,869,0,0
5526,5536.61,0.998,2,0,2299,869,0,0
5527,5537.61,1.0,1,1,2299,869,0,0
5528,5538.61,0.999,2,0,2301,869,2,0
5529,5539.63,1.017,2,0,2301,869,0,0
5530,5540.61,0.986,1,0,2301,869,0,0
5531,5541.61,0.998,2,0,2301,869,0,0
5532,5542.61,0.999,2,0,2301,869,0,0
5533,5543.61,1.0,1,1,2302,869,1,0
5534,5544.63,1.016,2,0,2304,869,2,0
5535,5545.61,0.987,2,0,2304,869,0,0
5536,5546.61,0.997,2,0,2304,869,0,0
5537,5547.61,1.0,1,0,2304,869,0,0
5538,5548.61,1.001,2,1,2304,869,0,0
5539,5549.61,0.999,2,0,2305,869,1,0
5540,5550.63,1.017,1,0,2307,869,2,0
5541,5551.63,1.0,2,0,2307,869,0,0
5542,5552.61,0.986,2,0,2307,869,0,0
5543,5553.61,0.998,1,1,2307,869,0,0
5544,5554.61,0.999,2,0,2307,869,0,0
5545,5555.63,1.021,2,0,2308,869,1,0
5546,5556.63,0.995,1,0,2310,869,2,0
5547,5557.61,0.988,2,1,2310,869,0,0
5548,5558.61,0.997,2,0,2310,869,0,0
5549,5559.61,1.0,2,0,2310,869,0,0
5550,5560.65,1.041,1,0,2310,869,0,0
5551,5561.61,0.959,2,1,2311,869,1,0
5552,5562.63,1.016,2,0,2313,869,2,0
5553,5563.61,0.988,1,0,2313,869,0,0
5554,5564.61,0.998,2,1,2313,869,0,0
5555,5565.61,0.999,2,0,2313,869,0,0
5556,5566.61,1.0,1,0,2313,869,0,0
5557,5567.61,0.999,2,0,2314,869,1,0
5558,5568.63,1.017,2,1,2316,870,2,1
5559,5569.63,1.001,1,0,2316,870,0,0
5560,5570.61,0.984,2,0,2316,870,0,0
5561,5571.63,1.016,2,1,2316,870,0,0
5562,5572.61,0.984,1,0,2316,870,0,0
5563,5573.65,1.035,2,0,2316,870,0,0
5564,5574.63,0.978,2,1,2317,870,1,0
5565,5575.61,0.985,1,0,2317,870,0,0
5566,5576.61,0.999,2,0,2317,870,0,0
5567,5577.61,1.001,2,1,2317,870,0,0
5568,5578.65,1.035,1,0,2317,870,0,0
5569,5579.63,0.984,2,1,2317,870,0,0
5570,5580.63,1.002,2,0,2319,870,2,0
5571,5581.63,0.996,1,0,2319,870,0,0
5572,5582.61,0.986,2,1,2319,870,0,0
5573,5583.63,1.018,2,0,2319,870,0,0
5574,5584.63,0.996,1,0,2319,870,0,0
5575,5585.61,0.986,2,1,2319,870,0,0
5576,5586.63,1.02,2,0,2320,870,1,0
5577,5587.63,0.995,1,1,2320,870,0,0
5578,5588.73,1.098,2,0,2320,870,0,0
5579,5589.62,0.89,2,1,2320,870,0,0
5580,5590.62,0.999,1,0,2320,870,0,0
5581,5591.61,0.996,2,0,2320,870,0,0
5582,5592.61,1.001,2,1,2322,870,2,0
5583,5593.62,1.003,1,0,2322,870,0,0
5584,5594.61,0.996,2,1,2322,870,0,0
5585,5595.63,1.016,1,0,2322,870,0,0
5586,5596.61,0.986,2,1,2322,870,0,0
5587,5597.63,1.016,2,0,2322,870,0,0
5588,5598.62,0.985,1,1,2323,872,1,2
5589,5599.61,0.997,2,0,2323,872,0,0
5590,5600.61,1.002,2,0,2323,872,0,0
5591,5601.61,0.998,1,1,2323,872,0,0
5592,5602.61,0.999,2,0,2323,872,0,0
5593,5603.61,1.0,2,1,2323,872,0,0
5594,5604.61,1.0,1,0,2325,872,2,0
5595,5605.61,1.003,2,1,2325,872,0,0
5596,5606.61,0.999,1,0,2325,872,0,0
5597,5607.61,1.0,2,1,2325,872,0,0
5598,5608.61,1.0,2,1,2325,872,0,0
5599,5609.62,1.004,1,0,2326,872,1,0
5600,5610.64,1.022,2,1,2328,872,2,0
5601,5611.62,0.977,2,0,2328,872,0,0
5602,5612.61,0.996,1,1,2328,872,0,0
5603,5613.63,1.019,2,0,2328,872,0,0
5604,5614.61,0.984,1,1,2328,872,0,0
5605,5615.61,0.998,2,0,2329,872,1,0
5606,5616.61,1.0,2,1,2331,873,2,1
5607,5617.62,1.008,1,0,2331,873,0,0
5608,5618.61,0.992,2,1,2331,873,0,0
5609,5619.61,0.999,1,1,2331,873,0,0
5610,5620.61,1.0,2,0,2331,873,0,0
5611,5621.61,1.0,2,1,2332,873,1,0
5612,5622.61,1.001,1,0,2334,873,2,0
5613,5623.61,1.0,2,1,2334,873,0,0
5614,5624.65,1.038,1,0,2334,873,0,0
5615,5625.61,0.964,2,1,2334,873,0,0
5616,5626.63,1.018,2,1,2334,873,0,0
5617,5627.62,0.984,1,0,2334,873,0,0
5618,5628.61,0.997,2,1,2335,873,1,0
5619,5629.64,1.031,1,1,2335,873,0,0
5620,5630.63,0.987,2,0,2335,873,0,0
5621,5631.62,0.985,2,1,2335,873,0,0
5622,5632.61,0.997,1,0,2335,873,0,0
5623,5633.61,0.999,2,1,2337,873,2,0
5624,5634.64,1.031,1,1,2338,875,1,2
5625,5635.61,0.972,2,0,2338,875,0,0
5626,5636.61,0.998,1,1,2338,875,0,0
5627,5637.61,0.999,2,1,2338,875,0,0
5628,5638.61,1.0,2,0,2338,875,0,0
5629,5639.61,1.0,1,1,2338,875,0,0
5630,5640.61,1.0,2,1,2340,876,2,1
5631,5641.61,1.001,1,0,2340,876,0,0
5632,5642.64,1.028,2,1,2340,876,0,0
5633,5643.61,0.975,1,1,2340,876,0,0
5634,5644.62,1.002,2,1,2340,876,0,0
5635,5645.61,0.997,1,0,2340,876,0,0
5636,5646.62,1.003,2,1,2341,878,1,2
5637,5647.61,0.998,2,1,2341,878,0,0
5638,5648.61,0.999,1,0,2341,878,0,0
5639,5649.61,1.001,2,1,2341,878,0,0
5640,5650.61,1.0,1,1,2341,878,0,0
5641,5651.65,1.042,2,1,2341,878,0,0
5642,5652.63,0.978,1,0,2343,878,2,0
5643,5653.63,0.994,2,1,2343,878,0,0
5644,5654.61,0.987,1,1,2343,878,0,0
5645,5655.63,1.017,2,1,2343,878,0,0
5646,5656.61,0.984,1,0,2343,878,0,0
5647,5657.66,1.044,2,1,2343,878,0,0
5648,5658.62,0.965,1,1,2344,878,1,0
5649,5659.61,0.989,2,1,2344,878,0,0
5650,5660.61,1.0,1,0,2344,878,0,0
5651,5661.61,1.0,2,1,2344,878,0,0
5652,5662.61,1.0,1,1,2344,878,0,0
5653,5663.61,1.0,2,1,2346,878,2,0
5654,5664.63,1.016,1,1,2347,879,1,1
5655,5665.62,0.988,2,0,2347,879,0,0
5656,5666.61,0.997,2,1,2347,879,0,0
5657,5667.61,0.999,1,1,2347,879,0,0
5658,5668.61,1.0,2,1,2347,879,0,0
5659,5669.61,1.0,1,1,2349,879,2,0
5660,5670.61,1.0,1,0,2350,881,1,2
5661,5671.63,1.017,2,1,2350,881,0,0
5662,5672.61,0.986,1,1,2350,881,0,0
5663,5673.61,0.998,2,1,2350,881,0,0
5664,5674.67,1.06,1,1,2350,881,0,0
5665,5675.64,0.969,2,1,2352,881,2,0
5666,5676.62,0.975,1,0,2353,882,1,1
5667,5677.61,0.997,2,1,2353,882,0,0
5668,5678.61,0.999,1,1,2353,882,0,0
5669,5679.61,1.0,2,1,2353,882,0,0
5670,5680.65,1.035,1,1,2353,882,0,0
5671,5681.63,0.979,2,1,2353,882,0,0
5672,5682.61,0.987,1,1,2355,884,2,2
5673,5683.61,0.999,2,1,2355,884,0,0
5674,5684.61,0.999,1,0,2355,884,0,0
5675,5685.63,1.016,2,1,2355,884,0,0
5676,5686.61,0.985,1,1,2355,884,0,0
5677,5687.61,0.999,1,1,2355,884,0,0
5678,5688.63,1.019,2,1,2356,885,1,1
5679,5689.63,1.0,1,1,2355,885,-1,0
5680,5690.61,0.985,2,1,2354,885,-1,0
5681,5691.61,0.997,1,1,2354,885,0,0
5682,5692.61,0.999,2,1,2354,885,0,0
5683,5693.61,1.0,1,1,2354,885,0,0
5684,5694.61,1.0,1,1,2354,885,0,0
5685,5695.61,1.0,2,0,2355,885,1,0
5686,5696.64,1.027,1,1,2354,885,-1,0
5687,5697.63,0.992,2,1,2352,885,-2,0
5688,5698.61,0.985,1,1,2352,885,0,0
5689,5699.61,0.998,2,1,2351,885,-1,0
5690,5700.63,1.017,1,1,2352,885,1,0
5691,5701.63,1.0,1,1,2352,885,0,0
5692,5702.61,0.984,2,1,2353,887,1,2
5693,5703.61,0.999,1,1,2352,887,-1,0
5694,5704.61,0.999,2,1,2351,887,-1,0
5695,5705.63,1.018,1,1,2351,887,0,0
5696,5706.61,0.984,1,1,2349,887,-2,0
5697,5707.61,0.998,2,1,2349,887,0,0
5698,5708.61,0.999,1,1,2350,888,1,1
5699,5709.63,1.016,2,1,2348,888,-2,0
5700,5710.67,1.045,1,1,2348,888,0,0
5701,5711.61,0.942,1,1,2345,888,-3,0
5702,5712.61,0.999,2,1,2345,888,0,0
5703,5713.63,1.02,1,1,2345,888,0,0
5704,5714.62,0.982,1,1,2342,888,-3,0
5705,5715.61,0.998,2,1,2343,890,1,2
5706,5716.63,1.014,1,1,2342,890,-1,0
5707,5717.61,0.988,1,1,2331,889,-11,-1
5708,5718.61,0.998,2,1,2331,889,0,0
5709,5719.61,0.999,1,1,2331,889,0,0
5710,5720.65,1.043,1,1,2328,889,-3,0
5711,5721.63,0.978,2,1,2328,889,0,0
5712,5722.61,0.982,1,1,2329,890,1,1
5713,5723.63,1.014,2,2,2321,890,-8,0
5714,5724.67,1.039,1,1,2318,890,-3,0
5715,5725.63,0.961,1,1,2318,890,0,0
5716,5726.61,0.986,1,1,2318,890,0,0
5717,5727.61,0.998,2,1,2309,889,-9,-1
5718,5728.61,1.0,1,1,2309,889,0,0
5719,5729.61,1.0,1,1,2310,890,1,1
5720,5730.66,1.047,2,1,2300,890,-10,0
5721,5731.62,0.956,1,1,2297,890,-3,0
5722,5732.61,0.998,1,1,2297,890,0,0
5723,5733.61,0.998,2,1,2297,890,0,0
5724,5734.63,1.019,1,1,2285,890,-12,0
5725,5735.64,1.005,1,2,2286,891,1,1
5726,5736.63,0.992,2,1,2271,890,-15,-1
5727,5737.63,1.0,1,1,2267,890,-4,0
5728,5738.63,1.005,1,1,2267,890,0,0
5729,5739.62,0.983,1,1,2267,890,0,0
5730,5740.61,0.997,2,1,2267,890,0,0
5731,5741.61,0.999,1,1,2253,889,-14,-1
5732,5742.63,1.016,1,1,2254,890,1,1
5733,5743.61,0.987,1,2,2240,890,-14,0
5734,5744.63,1.013,2,1,2238,890,-2,0
5735,5745.61,0.987,1,1,2238,890,0,0
5736,5746.61,1.0,1,1,2238,890,0,0
5737,5747.63,1.015,2,1,2232,889,-6,-1
5738,5748.63,0.999,1,1,2232,889,0,0
5739,5749.61,0.986,1,2,2233,890,1,1
5740,5750.61,0.999,1,1,2210,889,-23,-1
5741,5751.63,1.016,1,1,2204,889,-6,0
5742,5752.63,0.998,2,1,2204,889,0,0
5743,5753.61,0.986,1,1,2204,889,0,0
5744,5754.61,0.998,1,1,2187,887,-17,-2
5745,5755.63,1.022,1,2,2187,887,0,0
5746,5756.62,0.982,2,1,2188,888,1,1
5747,5757.62,1.0,1,1,2174,887,-14,-1
5748,5758.61,0.998,1,1,2168,886,-6,-1
5749,5759.61,0.999,1,1,2168,886,0,0
5750,5760.61,1.0,1,2,2168,886,0,0
5751,5761.61,0.999,2,1,2150,884,-18,-2
5752,5762.61,1.001,1,1,2151,885,1,1
5753,5763.61,1.0,1,1,2132,884,-19,-1
5754,5764.61,1.0,1,1,2132,884,0,0
5755,5765.61,1.0,1,2,2126,884,-6,0
5756,5766.63,1.016,2,1,2100,881,-26,-3
5757,5767.63,1.0,1,1,2100,881,0,0
5758,5768.62,0.991,1,1,2084,880,-16,-1
5759,5769.63,1.01,1,2,2084,880,0,0
5760,5770.61,0.986,1,1,2079,881,-5,1
5761,5771.63,1.015,1,1,2079,881,0,0
5762,5772.61,0.986,2,1,2072,881,-7,0
5763,5773.63,1.012,1,2,2054,880,-18,-1
5764,5774.61,0.987,1,1,2054,880,0,0
5765,5775.66,1.05,1,1,2042,878,-12,-2
5766,5776.64,0.975,1,1,2042,878,0,0
5767,5777.61,0.973,1,2,2022,878,-20,0
5768,5778.63,1.015,1,1,2022,878,0,0
5769,5779.62,0.988,2,1,2018,877,-4,-1
5770,5780.62,1.0,1,1,2009,878,-9,1
5771,5781.65,1.034,1,2,2009,878,0,0
5772,5782.62,0.969,1,1,1988,875,-21,-3
5773,5783.62,1.001,1,1,1988,875,0,0
5774,5784.61,0.995,1,2,1985,875,-3,0
5775,5785.63,1.015,1,1,1985,875,0,0
5776,5786.61,0.984,1,1,1959,874,-26,-1
5777,5787.61,1.0,1,2,1959,874,0,0
5778,5788.61,0.999,2,1,1952,874,-7,0
5779,5789.63,1.017,1,1,1949,874,-3,0
5780,5790.62,0.987,1,1,1949,874,0,0
5781,5791.61,0.997,1,2,1949,874,0,0
5782,5792.61,1.0,1,1,1949,874,0,0
5783,5793.61,0.999,1,1,1923,871,-26,-3
5784,5794.63,1.015,1,2,1922,872,-1,1
5785,5795.61,0.987,1,1,1922,872,0,0
5786,5796.61,0.997,1,1,1922,872,0,0
5787,5797.63,1.021,1,2,1922,872,0,0
5788,5798.65,1.022,1,1,1898,871,-24,-1
5789,5799.63,0.972,1,1,1899,872,1,1
5790,5800.68,1.049,1,2,1892,871,-7,-1
5791,5801.61,0.938,1,1,1875,869,-17,-2
5792,5802.62,1.004,1,2,1868,869,-7,0
5793,5803.63,1.01,1,1,1868,869,0,0
5794,5804.61,0.987,1,1,1868,870,0,1
5795,5805.61,0.998,1,2,1868,870,0,0
5796,5806.61,0.999,2,1,1841,869,-27,-1
5797,5807.63,1.016,1,1,1832,869,-9,0
5798,5808.62,0.992,1,2,1832,869,0,0
5799,5809.61,0.993,1,1,1832,869,0,0
5800,5810.61,0.999,1,1,1832,869,0,0
5801,5811.61,1.0,1,2,1826,869,-6,0
5802,5812.61,1.001,1,1,1826,869,0,0
5803,5813.63,1.018,1,2,1827,870,1,1
5804,5814.62,0.985,0,1,1823,869,-4,-1
5805,5815.61,0.998,1,1,1784,866,-39,-3
5806,5816.61,0.999,1,2,1784,866,0,0
5807,5817.61,0.999,1,1,1784,866,0,0
5808,5818.61,1.0,1,2,1778,866,-6,0
5809,5819.63,1.019,1,1,1779,867,1,1
5810,5820.62,0.986,1,1,1755,866,-24,-1
5811,5821.62,0.999,1,2,1751,865,-4,-1
5812,5822.63,1.015,1,1,1751,865,0,0
5813,5823.61,0.984,1,2,1751,865,0,0
5814,5824.61,0.998,1,1,1751,865,0,0
5815,5825.61,0.999,1,2,1737,865,-14,0
5816,5826.67,1.061,1,1,1737,866,0,1
5817,5827.62,0.95,1,1,1724,865,-13,-1
5818,5828.61,0.99,1,2,1718,865,-6,0
5819,5829.61,0.999,1,1,1718,865,0,0
5820,5830.61,1.0,1,2,1718,866,0,1
5821,5831.61,0.999,1,1,1713,866,-5,0
5822,5832.64,1.027,0,2,1713,866,0,0
5823,5833.63,0.988,1,1,1714,867,1,1
5824,5834.62,0.996,1,2,1695,866,-19,-1
5825,5835.63,1.005,1,1,1691,866,-4,0
5826,5836.71,1.086,1,1,1691,866,0,0
5827,5837.62,0.906,1,2,1691,866,0,0
5828,5838.61,0.992,1,1,1680,866,-11,0
5829,5839.61,1.0,1,2,1681,867,1,1
5830,5840.61,1.0,0,1,1670,867,-11,0
5831,5841.63,1.016,1,2,1670,867,0,0
5832,5842.62,0.988,1,1,1670,867,0,0
5833,5843.61,0.997,1,2,1668,869,-2,2
5834,5844.63,1.015,1,1,1668,869,0,0
5835,5845.62,0.993,1,2,1668,869,0,0
5836,5846.61,0.993,1,1,1669,870,1,1
5837,5847.62,1.005,0,2,1658,869,-11,-1
5838,5848.61,0.995,1,1,1647,868,-11,-1
5839,5849.63,1.014,1,2,1647,868,0,0
5840,5850.61,0.986,1,1,1644,868,-3,0
5841,5851.63,1.015,1,2,1644,868,0,0
5842,5852.61,0.986,0,1,1644,868,0,0
5843,5853.61,0.997,1,2,1644,869,0,1
5844,5854.63,1.016,1,1,1638,869,-6,0
5845,5855.61,0.987,1,2,1634,868,-4,-1
5846,5856.63,1.013,1,1,1634,868,0,0
5847,5857.61,0.987,0,2,1632,869,-2,1
5848,5858.62,1.003,1,1,1632,869,0,0
5849,5859.61,0.994,1,2,1632,869,0,0
5850,5860.67,1.061,1,1,1632,870,0,1
5851,5861.63,0.954,1,2,1628,870,-4,0
5852,5862.61,0.987,0,1,1625,869,-3,-1
5853,5863.63,1.016,1,2,1625,869,0,0
5854,5864.62,0.984,1,1,1625,869,0,0
5855,5865.61,0.997,1,2,1623,869,-2,0
5856,5866.62,1.005,0,1,1624,870,1,1
5857,5867.61,0.995,1,2,1623,870,-1,0
5858,5868.63,1.015,1,1,1623,870,0,0
5859,5869.62,0.99,1,2,1623,870,0,0
5860,5870.61,0.996,0,2,1623,872,0,2
5861,5871.61,1.002,1,1,1623,872,0,0
5862,5872.61,0.997,1,2,1623,872,0,0
5863,5873.61,0.999,0,1,1624,873,1,1
5864,5874.63,1.017,1,2,1624,873,0,0
5865,5875.61,0.986,1,1,1624,873,0,0
5866,5876.67,1.057,0,2,1624,873,0,0
5867,5877.63,0.955,1,1,1624,873,0,0
5868,5878.61,0.988,1,2,1624,873,0,0
5869,5879.63,1.016,1,2,1626,875,2,2
5870,5880.61,0.983,0,1,1626,875,0,0
5871,5881.61,0.999,1,2,1626,875,0,0
5872,5882.65,1.035,1,1,1626,875,0,0
5873,5883.63,0.98,0,2,1626,875,0,0
5874,5884.68,1.051,1,1,1626,876,0,1
5875,5885.61,0.937,1,2,1627,878,1,2
5876,5886.63,1.015,0,2,1627,878,0,0
5877,5887.61,0.985,1,1,1627,878,0,0
5878,5888.63,1.019,0,2,1627,878,0,0
5879,5889.61,0.982,1,1,1627,878,0,0
5880,5890.61,0.998,1,2,1627,878,0,0
5881,5891.61,0.999,0,1,1627,879,0,1
5882,5892.63,1.019,1,2,1627,879,0,0
5883,5893.61,0.983,1,2,1627,879,0,0
5884,5894.61,0.998,0,1,1627,879,0,0
5885,5895.61,0.999,1,2,1627,881,0,2
5886,5896.63,1.017,0,1,1627,881,0,0
5887,5897.62,0.986,1,2,1627,882,0,1
5888,5898.63,1.013,0,2,1627,882,0,0
5889,5899.61,0.986,1,1,1627,882,0,0
5890,5900.61,0.998,1,2,1627,882,0,0
5891,5901.61,1.0,0,1,1627,882,0,0
5892,5902.61,1.0,1,2,1627,884,0,2
5893,5903.61,1.001,0,2,1629,885,2,1
5894,5904.63,1.016,1,1,1629,885,0,0
5895,5905.62,0.99,0,2,1629,885,0,0
5896,5906.61,0.996,1,1,1629,885,0,0
5897,5907.61,0.999,1,2,1629,887,0,2
5898,5908.63,1.017,0,2,1629,887,0,0
5899,5909.61,0.985,1,1,1629,888,0,1
5900,5910.61,0.998,0,2,1629,888,0,0
5901,5911.61,0.999,1,2,1629,888,0,0
5902,5912.61,1.0,0,1,1629,888,0,0
5903,5913.61,0.999,1,2,1629,888,0,0
5904,5914.61,1.001,0,1,1629,888,0,0
5905,5915.61,0.999,1,2,1630,890,1,2
5906,5916.61,1.001,0,2,1630,890,0,0
5907,5917.61,0.999,1,1,1630,890,0,0
5908,5918.61,1.0,0,2,1630,890,0,0
5909,5919.61,1.0,1,2,1630,890,0,0
5910,5920.61,0.999,0,1,1630,891,0,1
5911,5921.61,1.001,1,2,1630,893,0,2
5912,5922.61,1.0,0,2,1630,893,0,0
5913,5923.63,1.016,0,1,1630,893,0,0
5914,5924.61,0.987,1,2,1630,893,0,0
5915,5925.61,0.997,0,1,1630,894,0,1
5916,5926.63,1.018,1,2,1630,894,0,0
5917,5927.7,1.068,0,2,1630,896,0,2
5918,5928.63,0.931,1,1,1630,896,0,0
5919,5929.61,0.985,0,2,1630,896,0,0
5920,5930.65,1.032,1,2,1630,896,0,0
5921,5931.62,0.97,0,1,1630,897,0,1
5922,5932.61,0.999,0,2,1630,897,0,0
5923,5933.67,1.053,1,2,1630,899,0,2
5924,5934.63,0.959,0,1,1630,899,0,0
5925,5935.61,0.988,1,2,1630,899,0,0
5926,5936.61,0.998,0,2,1630,899,0,0
5927,5937.63,1.016,0,1,1630,899,0,0
5928,5938.63,1.003,1,2,1630,899,0,0
5929,5939.62,0.984,0,2,1632,900,2,1
5930,5940.62,1.0,0,1,1632,900,0,0
5931,5941.61,0.997,1,2,1632,900,0,0
5932,5942.61,1.001,0,2,1632,900,0,0
5933,5943.61,1.0,1,1,1632,900,0,0
5934,5944.61,0.999,0,2,1632,900,0,0
5935,5945.61,0.999,0,2,1632,902,0,2
5936,5946.62,1.013,1,1,1632,902,0,0
5937,5947.63,1.004,0,2,1632,902,0,0
5938,5948.61,0.985,0,2,1632,902,0,0
5939,5949.61,0.998,1,1,1632,902,0,0
5940,5950.61,1.0,0,2,1632,902,0,0
5941,5951.61,0.999,0,2,1632,903,0,1
5942,5952.63,1.017,0,1,1632,903,0,0
5943,5953.61,0.986,1,2,1632,903,0,0
5944,5954.61,0.997,0,2,1632,903,0,0
5945,5955.61,1.0,0,1,1632,903,0,0
5946,5956.61,1.0,1,2,1632,903,0,0
5947,5957.61,1.0,0,2,1633,905,1,2
5948,5958.61,1.001,0,1,1633,905,0,0
5949,5959.61,0.999,0,2,1633,905,0,0
5950,5960.61,1.0,1,2,1633,905,0,0
5951,5961.61,1.0,0,1,1633,905,0,0
5952,5962.61,1.0,0,2,1633,905,0,0
5953,5963.61,1.0,0,2,1633,906,0,1
5954,5964.63,1.017,1,2,1633,906,0,0
5955,5965.61,0.986,0,1,1633,906,0,0
5956,5966.61,0.998,0,2,1633,906,0,0
5957,5967.61,1.0,0,2,1633,906,0,0
5958,5968.61,1.0,1,1,1633,906,0,0
5959,5969.61,1.0,0,2,1633,908,0,2
5960,5970.63,1.017,0,2,1633,908,0,0
5961,5971.62,0.989,0,1,1633,908,0,0
5962,5972.61,0.995,0,2,1633,908,0,0
5963,5973.61,0.999,1,2,1633,909,0,1
5964,5974.61,1.001,0,1,1633,909,0,0
5965,5975.61,0.999,0,2,1635,911,2,2
5966,5976.63,1.016,0,2,1635,911,0,0
5967,5977.65,1.023,0,2,1635,911,0,0
5968,5978.61,0.964,1,1,1635,911,0,0
5969,5979.61,0.998,0,2,1635,912,0,1
5970,5980.63,1.017,0,2,1635,912,0,0
5971,5981.61,0.984,0,1,1635,914,0,2
5972,5982.61,1.0,0,2,1635,914,0,0
5973,5983.63,1.019,0,2,1635,914,0,0
5974,5984.63,0.994,0,1,1635,914,0,0
5975,5985.63,1.007,1,2,1635,915,0,1
5976,5986.63,0.994,0,2,1635,917,0,2
5977,5987.63,1.0,0,2,1635,917,0,0
5978,5988.63,1.002,0,1,1635,917,0,0
5979,5989.62,0.985,0,2,1635,917,0,0
5980,5990.61,0.997,0,2,1635,917,0,0
5981,5991.61,0.999,0,1,1635,918,0,1
5982,5992.61,1.004,0,2,1635,920,0,2
5983,5993.63,1.014,0,2,1635,920,0,0
5984,5994.61,0.986,1,1,1635,920,0,0
5985,5995.61,0.998,0,2,1635,920,0,0
5986,5996.61,0.999,0,2,1635,920,0,0
5987,5997.63,1.02,0,2,1635,920,0,0
5988,5998.61,0.984,0,1,1635,921,0,1
5989,5999.63,1.013,0,2,1635,921,0,0
5990,6000.66,1.031,0,2,1635,921,0,0
5991,6001.63,0.97,0,1,1635,921,0,0
5992,6002.61,0.986,0,2,1635,921,0,0
5993,6003.61,0.998,0,2,1635,921,0,0
5994,6004.61,0.999,0,1,1636,923,1,2
5995,6005.63,1.016,0,2,1636,923,0,0
5996,6006.62,0.988,0,2,1636,923,0,0
5997,6007.61,0.997,0,2,1636,923,0,0
5998,6008.61,1.0,0,1,1636,923,0,0
5999,6009.61,1.0,0,2,1636,924,0,1
6000,6010.65,1.039,0,2,1636,926,0,2
6001,6011.63,0.977,0,1,1636,926,0,0
6002,6012.61,0.987,0,2,1636,926,0,0
6003,6013.63,1.019,0,2,1636,926,0,0
6004,6014.61,0.982,0,1,1636,926,0,0
6005,6015.61,0.998,0,2,1636,927,0,1
6006,6016.63,1.015,0,2,1636,929,0,2
6007,6017.63,1.007,0,2,1636,929,0,0
6008,6018.63,0.999,0,1,1636,929,0,0
6009,6019.61,0.982,0,2,1636,929,0,0
6010,6020.61,0.998,0,2,1636,929,0,0
6011,6021.63,1.015,0,1,1636,930,0,1
6012,6022.63,0.999,0,2,1636,932,0,2
6013,6023.63,1.001,0,2,1636,932,0,0
6014,6024.61,0.986,0,2,1636,932,0,0
6015,6025.61,0.998,-1,1,1636,932,0,0
6016,6026.63,1.021,0,2,1636,932,0,0
6017,6027.66,1.023,0,2,1636,932,0,0
6018,6028.61,0.958,0,1,1636,933,0,1
6019,6029.63,1.013,0,2,1636,933,0,0
6020,6030.63,1.002,0,2,1636,933,0,0
6021,6031.64,1.013,0,1,1636,933,0,0
6022,6032.63,0.985,0,2,1636,933,0,0
6023,6033.61,0.986,0,2,1636,935,0,2
6024,6034.65,1.035,-1,2,1636,936,0,1
6025,6035.63,0.979,0,1,1636,936,0,0
6026,6036.61,0.986,0,2,1636,936,0,0
6027,6037.61,0.998,0,2,1636,936,0,0
6028,6038.65,1.035,0,1,1636,936,0,0
6029,6039.62,0.968,0,2,1636,938,0,2
6030,6040.63,1.013,0,2,1636,939,0,1
6031,6041.62,0.987,-1,1,1636,939,0,0
6032,6042.61,0.997,0,2,1636,939,0,0
6033,6043.61,1.0,0,2,1636,939,0,0
6034,6044.61,1.0,0,2,1636,939,0,0
6035,6045.61,0.999,0,1,1636,941,0,2
6036,6046.61,1.002,-1,2,1635,942,-1,1
6037,6047.63,1.02,0,2,1635,942,0,0
6038,6048.61,0.982,0,1,1635,942,0,0
6039,6049.61,0.997,0,2,1635,942,0,0
6040,6050.61,1.0,0,2,1635,942,0,0
6041,6051.61,1.0,-1,1,1635,942,0,0
6042,6052.61,1.0,0,2,1634,944,-1,2
6043,6053.63,1.017,0,2,1634,944,0,0
6044,6054.62,0.987,0,1,1634,944,0,0
6045,6055.62,1.0,-1,2,1634,944,0,0
6046,6056.61,0.997,0,2,1634,944,0,0
6047,6057.61,1.0,0,1,1634,945,0,1
6048,6058.63,1.016,0,2,1634,947,0,2
6049,6059.62,0.988,-1,2,1634,947,0,0
6050,6060.61,0.996,0,2,1634,947,0,0
6051,6061.61,1.0,0,1,1634,947,0,0
6052,6062.61,1.0,0,2,1634,947,0,0
6053,6063.63,1.021,-1,2,1634,948,0,1
6054,6064.61,0.982,0,1,1634,950,0,2
6055,6065.61,0.999,0,2,1634,950,0,0
6056,6066.61,0.999,-1,2,1634,950,0,0
6057,6067.61,0.999,0,1,1634,950,0,0
6058,6068.61,1.0,0,2,1634,950,0,0
6059,6069.61,1.0,0,2,1634,951,0,1
6060,6070.61,1.001,-1,1,1632,953,-2,2
6061,6071.65,1.043,0,2,1632,953,0,0
6062,6072.62,0.963,0,2,1632,953,0,0
6063,6073.61,0.996,-1,1,1632,953,0,0
6064,6074.61,0.999,0,2,1632,953,0,0
6065,6075.61,0.999,0,2,1632,954,0,1
6066,6076.63,1.015,-1,1,1632,956,0,2
6067,6077.63,1.001,0,2,1632,956,0,0
6068,6078.65,1.027,-1,2,1632,956,0,0
6069,6079.63,0.974,0,1,1632,956,0,0
6070,6080.63,1.002,0,2,1632,957,0,1
6071,6081.62,0.986,-1,2,1632,957,0,0
6072,6082.64,1.02,0,1,1632,959,0,2
6073,6083.61,0.978,0,2,1632,959,0,0
6074,6084.61,1.001,-1,2,1632,959,0,0
6075,6085.64,1.03,0,1,1632,959,0,0
6076,6086.63,0.981,-1,2,1632,960,0,1
6077,6087.61,0.989,0,2,1632,960,0,0
6078,6088.61,0.998,0,1,1632,962,0,2
6079,6089.63,1.015,-1,2,1632,962,0,0
6080,6090.61,0.984,0,2,1632,962,0,0
6081,6091.61,1.0,-1,1,1632,962,0,0
6082,6092.61,1.0,0,2,1632,963,0,1
6083,6093.63,1.021,-1,1,1632,963,0,0
6084,6094.61,0.982,0,2,1632,965,0,2
6085,6095.63,1.014,-1,2,1632,965,0,0
6086,6096.65,1.023,0,1,1632,965,0,0
6087,6097.61,0.961,0,2,1632,965,0,0
6088,6098.61,0.999,-1,2,1632,966,0,1
6089,6099.61,1.001,0,1,1632,966,0,0
6090,6100.61,0.999,-1,2,1631,968,-1,2
6091,6101.61,1.003,0,2,1631,968,0,0
6092,6102.61,0.998,-1,1,1631,968,0,0
6093,6103.61,1.0,0,2,1631,968,0,0
6094,6104.61,1.0,-1,1,1631,968,0,0
6095,6105.61,1.0,0,2,1631,969,0,1
6096,6106.61,1.0,-1,2,1629,971,-2,2
6097,6107.61,1.0,0,1,1629,971,0,0
6098,6108.61,0.999,-1,2,1629,971,0,0
6099,6109.63,1.022,0,2,1629,971,0,0
6100,6110.61,0.981,-1,1,1629,971,0,0
6101,6111.61,0.997,0,2,1629,972,0,1
6102,6112.63,1.016,-1,1,1629,974,0,2
6103,6113.63,1.002,-1,2,1629,974,0,0
6104,6114.62,0.987,0,2,1629,974,0,0
6105,6115.61,0.996,-1,1,1629,974,0,0
6106,6116.61,0.999,0,2,1629,974,0,0
6107,6117.61,1.001,-1,2,1629,974,0,0
6108,6118.61,1.0,0,1,1629,975,0,1
6109,6119.61,1.0,-1,2,1629,975,0,0
6110,6120.61,0.999,-1,1,1629,975,0,0
6111,6121.64,1.033,0,2,1629,975,0,0
6112,6122.61,0.967,-1,2,1629,975,0,0
6113,6123.61,1.0,0,1,1629,977,0,2
6114,6124.63,1.016,-1,2,1628,978,-1,1
6115,6125.63,1.006,0,1,1628,978,0,0
6116,6126.62,0.982,-1,2,1628,978,0,0
6117,6127.61,0.997,-1,2,1628,978,0,0
6118,6128.61,1.001,0,1,1628,978,0,0
6119,6129.67,1.055,-1,2,1628,980,0,2
6120,6130.63,0.965,-1,1,1626,981,-2,1
6121,6131.63,0.996,0,2,1626,981,0,0
6122,6132.62,0.987,-1,1,1626,981,0,0
6123,6133.63,1.017,0,2,1626,981,0,0
6124,6134.63,0.997,-1,2,1626,981,0,0
6125,6135.62,0.986,-1,1,1626,981,0,0
6126,6136.65,1.031,0,2,1626,983,0,2
6127,6137.63,0.98,-1,1,1626,983,0,0
6128,6138.62,0.991,-1,2,1626,983,0,0
6129,6139.61,0.997,0,1,1626,983,0,0
6130,6140.65,1.031,-1,2,1626,984,0,1
6131,6141.63,0.983,-1,2,1626,984,0,0
6132,6142.61,0.985,-1,1,1626,986,0,2
6133,6143.61,1.0,0,2,1626,986,0,0
6134,6144.61,0.999,-1,1,1626,986,0,0
6135,6145.61,1.001,-1,2,1626,986,0,0
6136,6146.61,0.999,0,1,1626,986,0,0
6137,6147.61,1.0,-1,2,1626,986,0,0
6138,6148.61,1.0,-1,1,1625,987,-1,1
6139,6149.61,1.001,0,2,1625,987,0,0
6140,6150.61,0.999,-1,1,1625,987,0,0
6141,6151.61,1.0,-1,2,1625,987,0,0
6142,6152.61,1.0,-1,2,1625,987,0,0
6143,6153.61,1.0,0,1,1625,989,0,2
6144,6154.61,1.001,-1,2,1625,990,0,1
6145,6155.63,1.017,-1,1,1625,990,0,0
6146,6156.62,0.987,-1,2,1625,990,0,0
6147,6157.61,0.998,0,1,1625,990,0,0
6148,6158.61,0.998,-1,2,1625,992,0,2
6149,6159.63,1.015,-1,1,1625,992,0,0
6150,6160.7,1.075,-1,2,1625,993,0,1
6151,6161.62,0.921,-1,1,1625,993,0,0
6152,6162.61,0.989,0,2,1625,993,0,0
6153,6163.63,1.02,-1,1,1625,993,0,0
6154,6164.61,0.98,-1,2,1625,993,0,0
6155,6165.61,0.999,-1,1,1625,993,0,0
6156,6166.61,0.999,-1,2,1623,995,-2,2
6157,6167.61,1.001,0,1,1623,995,0,0
6158,6168.61,1.0,-1,2,1623,995,0,0
6159,6169.61,0.999,-1,1,1623,995,0,0
6160,6170.61,1.0,-1,2,1623,995,0,0
6161,6171.61,1.0,-1,1,1623,995,0,0
6162,6172.63,1.021,0,2,1622,996,-1,1
6163,6173.62,0.984,-1,1,1622,996,0,0
6164,6174.61,0.997,-1,2,1622,996,0,0
6165,6175.61,1.0,-1,1,1622,996,0,0
6166,6176.61,0.999,-1,2,1622,996,0,0
6167,6177.61,1.0,-1,1,1622,996,0,0
6168,6178.61,1.0,-1,2,1622,998,0,2
6169,6179.61,1.001,0,1,1622,998,0,0
6170,6180.65,1.039,-1,2,1622,998,0,0
6171,6181.61,0.962,-1,1,1622,998,0,0
6172,6182.61,0.999,-1,2,1622,998,0,0
6173,6183.61,1.0,-1,1,1622,998,0,0
6174,6184.61,1.001,-1,1,1620,999,-2,1
6175,6185.61,0.999,-1,2,1620,999,0,0
6176,6186.61,0.999,-1,1,1620,999,0,0
6177,6187.67,1.061,0,2,1620,999,0,0
6178,6188.63,0.954,-1,1,1620,999,0,0
6179,6189.61,0.988,-1,2,1620,999,0,0
6180,6190.63,1.014,-1,1,1620,1001,0,2
6181,6191.63,0.997,-1,2,1620,1001,0,0
6182,6192.61,0.987,-1,1,1620,1001,0,0
6183,6193.61,0.999,-1,1,1620,1001,0,0
6184,6194.61,0.999,-1,2,1620,1001,0,0
6185,6195.61,1.0,-1,1,1620,1002,0,1
6186,6196.63,1.017,-1,2,1619,1004,-1,2
6187,6197.63,1.005,-1,1,1619,1004,0,0
6188,6198.61,0.982,-1,1,1619,1004,0,0
6189,6199.61,0.998,-1,2,1619,1004,0,0
6190,6200.61,0.999,-1,1,1619,1004,0,0
6191,6201.61,0.999,-1,2,1619,1005,0,1
6192,6202.65,1.043,-1,1,1617,1007,-2,2
6193,6203.63,0.973,-1,2,1617,1007,0,0
6194,6204.61,0.986,-1,1,1617,1007,0,0
6195,6205.61,0.998,0,1,1617,1007,0,0
6196,6206.61,1.0,-1,2,1617,1007,0,0
6197,6207.61,1.0,-1,1,1617,1007,0,0
6198,6208.61,1.0,-1,1,1616,1008,-1,1
6199,6209.63,1.018,-1,2,1616,1008,0,0
6200,6210.62,0.987,-1,1,1616,1008,0,0
6201,6211.61,0.997,-1,2,1616,1008,0,0
6202,6212.61,0.999,-1,1,1616,1008,0,0
6203,6213.61,1.003,-2,1,1616,1010,0,2
6204,6214.63,1.013,-1,2,1614,1011,-2,1
6205,6215.61,0.987,-1,1,1614,1011,0,0
6206,6216.61,0.998,-1,1,1614,1011,0,0
6207,6217.61,0.999,-1,2,1614,1011,0,0
6208,6218.61,1.0,-1,1,1614,1011,0,0
6209,6219.61,1.0,-1,1,1614,1013,0,2
6210,6220.63,1.017,-1,2,1613,1014,-1,1
6211,6221.72,1.094,-1,1,1613,1014,0,0
6212,6222.62,0.894,-1,2,1613,1014,0,0
6213,6223.61,0.997,-1,1,1613,1014,0,0
6214,6224.61,0.999,-1,1,1613,1014,0,0
6215,6225.61,1.0,-1,1,1613,1014,0,0
6216,6226.61,1.001,-1,2,1611,1016,-2,2
6217,6227.61,1.001,-1,1,1611,1016,0,0
6218,6228.61,0.998,-1,1,1611,1016,0,0
6219,6229.61,1.0,-1,2,1611,1016,0,0
6220,6230.61,1.001,-1,1,1611,1016,0,0
6221,6231.65,1.04,-2,1,1611,1016,0,0
6222,6232.61,0.961,-1,2,1610,1017,-1,1
6223,6233.63,1.018,-1,1,1610,1017,0,0
6224,6234.61,0.983,-1,1,1610,1017,0,0
6225,6235.63,1.019,-1,2,1610,1017,0,0
6226,6236.63,0.996,-1,1,1610,1017,0,0
6227,6237.61,0.984,-1,1,1610,1017,0,0
6228,6238.68,1.066,-1,1,1608,1019,-2,2
6229,6239.63,0.947,-1,2,1608,1019,0,0
6230,6240.61,0.987,-2,1,1608,1019,0,0
6231,6241.63,1.016,-1,1,1608,1019,0,0
6232,6242.61,0.983,-1,2,1608,1019,0,0
6233,6243.61,1.0,-1,1,1608,1019,0,0
6234,6244.61,0.999,-1,1,1607,1020,-1,1
6235,6245.61,1.001,-1,1,1607,1020,0,0
6236,6246.61,0.999,-1,2,1607,1020,0,0
6237,6247.61,1.0,-2,1,1607,1020,0,0
6238,6248.63,1.021,-1,1,1607,1020,0,0
6239,6249.61,0.982,-1,1,1605,1020,-2,0
6240,6250.63,1.014,-1,2,1604,1022,-1,2
6241,6251.63,1.0,-1,1,1604,1022,0,0
6242,6252.61,0.987,-1,1,1604,1022,0,0
6243,6253.61,0.999,-2,1,1604,1022,0,0
6244,6254.61,0.999,-1,2,1604,1022,0,0
6245,6255.61,0.999,-1,1,1604,1023,0,1
6246,6256.61,1.001,-1,1,1602,1025,-2,2
6247,6257.61,1.0,-1,1,1602,1025,0,0
6248,6258.61,1.0,-2,1,1602,1025,0,0
6249,6259.61,1.0,-1,2,1602,1025,0,0
6250,6260.61,1.001,-1,1,1602,1025,0,0
6251,6261.61,1.0,-1,1,1602,1025,0,0
6252,6262.61,1.0,-1,1,1601,1026,-1,1
6253,6263.61,1.001,-2,1,1601,1026,0,0
6254,6264.61,1.0,-1,2,1601,1026,0,0
6255,6265.61,1.0,-1,1,1601,1026,0,0
6256,6266.61,0.999,-1,1,1601,1026,0,0
6257,6267.61,1.0,-2,1,1599,1026,-2,0
6258,6268.63,1.017,-1,1,1598,1028,-1,2
6259,6269.63,1.0,-1,1,1598,1028,0,0
6260,6270.61,0.987,-1,2,1598,1028,0,0
6261,6271.61,0.997,-1,1,1598,1028,0,0
6262,6272.61,1.0,-2,1,1598,1028,0,0
6263,6273.61,1.0,-1,1,1598,1029,0,1
6264,6274.61,1.001,-1,1,1596,1031,-2,2
6265,6275.61,1.0,-2,1,1596,1031,0,0
6266,6276.61,0.999,-1,2,1596,1031,0,0
6267,6277.61,1.002,-1,1,1596,1031,0,0
6268,6278.61,0.999,-1,1,1596,1031,0,0
6269,6279.61,1.0,-2,1,1596,1032,0,1
6270,6280.63,1.019,-1,1,1596,1032,0,0
6271,6281.67,1.037,-1,1,1595,1034,-1,2
6272,6282.63,0.959,-1,1,1595,1034,0,0
6273,6283.61,0.987,-2,1,1595,1034,0,0
6274,6284.61,0.998,-1,1,1595,1034,0,0
6275,6285.63,1.019,-1,2,1595,1035,0,1
6276,6286.61,0.982,-2,1,1595,1035,0,0
6277,6287.61,0.997,-1,1,1593,1037,-2,2
6278,6288.63,1.02,-1,1,1593,1037,0,0
6279,6289.65,1.02,-2,1,1593,1037,0,0
6280,6290.63,0.976,-1,1,1593,1037,0,0
6281,6291.61,0.987,-1,1,1593,1037,0,0
6282,6292.63,1.017,-2,1,1593,1037,0,0
6283,6293.61,0.982,-1,1,1592,1038,-1,1
6284,6294.63,1.019,-1,1,1592,1038,0,0
6285,6295.61,0.984,-1,1,1592,1038,0,0
6286,6296.61,0.998,-2,1,1592,1038,0,0
6287,6297.62,1.003,-1,2,1592,1038,0,0
6288,6298.61,0.996,-2,1,1592,1038,0,0
6289,6299.61,1.0,-1,1,1590,1040,-2,2
6290,6300.61,1.0,-1,1,1590,1040,0,0
6291,6301.61,0.999,-2,1,1590,1040,0,0
6292,6302.61,1.0,-1,1,1590,1040,0,0
6293,6303.61,1.0,-1,1,1590,1040,0,0
6294,6304.61,1.0,-2,1,1590,1040,0,0
6295,6305.61,1.001,-1,1,1589,1041,-1,1
6296,6306.63,1.016,-1,1,1589,1041,0,0
6297,6307.61,0.986,-2,1,1589,1041,0,0
6298,6308.61,0.998,-1,1,1589,1041,0,0
6299,6309.61,1.0,-1,1,1589,1041,0,0
6300,6310.67,1.062,-2,1,1589,1041,0,0
6301,6311.61,0.941,-1,1,1587,1043,-2,2
6302,6312.62,1.004,-2,1,1587,1043,0,0
6303,6313.61,0.994,-1,1,1587,1043,0,0
6304,6314.61,0.999,-1,1,1587,1043,0,0
6305,6315.61,1.0,-2,1,1587,1043,0,0
6306,6316.61,1.0,-1,1,1587,1043,0,0
6307,6317.61,1.0,-2,1,1586,1044,-1,1
6308,6318.63,1.021,-1,1,1586,1044,0,0
6309,6319.61,0.983,-1,1,1586,1044,0,0
6310,6320.61,0.997,-2,1,1586,1044,0,0
6311,6321.61,0.999,-1,1,1584,1044,-2,0
6312,6322.63,1.023,-2,1,1584,1044,0,0
6313,6323.61,0.98,-1,0,1583,1046,-1,2
6314,6324.63,1.013,-2,1,1583,1046,0,0
6315,6325.61,0.986,-1,1,1583,1046,0,0
6316,6326.66,1.043,-1,1,1583,1046,0,0
6317,6327.61,0.958,-2,1,1583,1046,0,0
6318,6328.61,0.998,-1,1,1583,1046,0,0
6319,6329.61,0.999,-2,1,1581,1047,-2,1
6320,6330.63,1.019,-1,1,1581,1047,0,0
6321,6331.62,0.988,-2,1,1581,1047,0,0
6322,6332.66,1.039,-1,1,1581,1047,0,0
6323,6333.61,0.957,-1,1,1580,1047,-1,0
6324,6334.71,1.091,-2,1,1580,1047,0,0
6325,6335.61,0.907,-1,0,1578,1049,-2,2
6326,6336.63,1.017,-2,1,1578,1049,0,0
6327,6337.61,0.984,-1,1,1578,1049,0,0
6328,6338.63,1.021,-2,1,1578,1049,0,0
6329,6339.62,0.981,-1,1,1578,1049,0,0
6330,6340.65,1.03,-2,1,1578,1049,0,0
6331,6341.63,0.98,-1,1,1577,1050,-1,1
6332,6342.63,1.006,-2,1,1577,1050,0,0
6333,6343.61,0.982,-1,0,1577,1050,0,0
6334,6344.61,0.997,-2,1,1577,1050,0,0
6335,6345.61,1.001,-1,1,1577,1050,0,0
6336,6346.61,0.999,-2,1,1575,1050,-2,0
6337,6347.63,1.016,-1,1,1574,1052,-1,2
6338,6348.62,0.988,-2,1,1574,1052,0,0
6339,6349.61,0.997,-1,0,1574,1052,0,0
6340,6350.61,0.999,-1,1,1574,1052,0,0
6341,6351.61,1.0,-2,1,1574,1052,0,0
6342,6352.61,1.0,-1,1,1572,1052,-2,0
6343,6353.61,1.001,-2,1,1571,1053,-1,1
6344,6354.61,1.001,-2,0,1571,1053,0,0
6345,6355.61,0.998,-1,1,1571,1053,0,0
6346,6356.61,1.001,-2,1,1571,1053,0,0
6347,6357.61,1.001,-1,1,1571,1053,0,0
6348,6358.61,0.998,-2,1,1569,1053,-2,0
6349,6359.61,1.0,-1,0,1568,1055,-1,2
6350,6360.61,1.0,-2,1,1568,1055,0,0
6351,6361.61,0.999,-1,1,1568,1055,0,0
6352,6362.61,1.0,-2,1,1568,1055,0,0
6353,6363.63,1.022,-1,0,1568,1055,0,0
6354,6364.62,0.982,-2,1,1566,1055,-2,0
6355,6365.61,0.997,-1,1,1565,1055,-1,0
6356,6366.63,1.015,-2,1,1565,1055,0,0
6357,6367.61,0.986,-1,0,1565,1055,0,0
6358,6368.61,0.999,-2,1,1565,1055,0,0
6359,6369.61,0.999,-1,1,1565,1055,0,0
6360,6370.61,1.0,-2,1,1565,1055,0,0
6361,6371.61,0.999,-1,0,1563,1056,-2,1
6362,6372.61,1.002,-2,1,1563,1056,0,0
6363,6373.62,1.006,-2,1,1563,1056,0,0
6364,6374.63,1.008,-1,0,1563,1056,0,0
6365,6375.61,0.987,-2,1,1564,1056,1,0
6366,6376.63,1.014,-1,1,1563,1056,-1,0
6367,6377.63,1.0,-2,0,1563,1056,0,0
6368,6378.61,0.987,-1,1,1562,1058,-1,2
6369,6379.63,1.013,-2,1,1562,1057,0,-1
6370,6380.62,0.993,-1,1,1563,1057,1,0
6371,6381.61,0.994,-2,0,1563,1057,0,0
6372,6382.65,1.036,-2,1,1563,1057,0,0
6373,6383.61,0.964,-1,1,1563,1057,0,0
6374,6384.61,0.999,-2,0,1562,1058,-1,1
6375,6385.61,1.0,-1,1,1563,1058,1,0
6376,6386.64,1.026,-2,0,1566,1058,3,0
6377,6387.63,0.989,-1,1,1566,1058,0,0
6378,6388.64,1.012,-2,1,1565,1058,-1,0
6379,6389.63,0.99,-2,0,1565,1058,0,0
6380,6390.66,1.029,-1,1,1566,1058,1,0
6381,6391.63,0.968,-2,1,1565,1059,-1,1
6382,6392.63,1.005,-1,0,1566,1059,1,0
6383,6393.63,0.999,-2,1,1575,1058,9,-1
6384,6394.63,0.998,-2,0,1576,1058,1,0
6385,6395.63,1.0,-1,1,1576,1058,0,0
6386,6396.61,0.987,-2,1,1576,1058,0,0
6387,6397.62,1.001,-1,0,1584,1057,8,-1
6388,6398.63,1.012,-2,1,1583,1057,-1,0
6389,6399.61,0.987,-2,0,1587,1057,4,0
6390,6400.61,0.997,-1,1,1590,1057,3,0
6391,6401.61,0.999,-2,1,1590,1057,0,0
6392,6402.61,0.999,-1,0,1590,1057,0,0
6393,6403.61,1.0,-2,1,1593,1055,3,-2
6394,6404.61,1.002,-2,0,1593,1055,0,0
6395,6405.65,1.038,-1,1,1592,1056,-1,1
6396,6406.63,0.98,-2,0,1606,1055,14,-1
6397,6407.63,0.997,-1,1,1609,1055,3,0
6398,6408.62,0.989,-2,0,1609,1055,0,0
6399,6409.61,0.997,-2,1,1609,1055,0,0
6400,6410.61,0.999,-1,0,1627,1054,18,-1
6401,6411.61,1.0,-2,1,1626,1055,-1,1
6402,6412.63,1.015,-2,0,1636,1055,10,0
6403,6413.63,1.005,-1,1,1645,1054,9,-1
6404,6414.63,0.996,-2,0,1645,1054,0,0
6405,6415.61,0.986,-1,1,1660,1054,15,0
6406,6416.61,0.999,-2,0,1660,1054,0,0
6407,6417.61,0.998,-2,1,1660,1054,0,0
6408,6418.61,1.0,-1,0,1659,1055,-1,1
6409,6419.61,1.001,-2,1,1678,1055,19,0
6410,6420.61,1.0,-2,0,1689,1055,11,0
6411,6421.63,1.019,-1,1,1689,1055,0,0
6412,6422.61,0.983,-2,0,1699,1055,10,0
6413,6423.61,0.999,-2,1,1699,1055,0,0
6414,6424.61,1.0,-1,0,1698,1055,-1,0
6415,6425.63,1.015,-2,1,1697,1055,-1,0
6416,6426.62,0.992,-1,0,1719,1055,22,0
6417,6427.61,0.993,-2,1,1744,1055,25,0
6418,6428.63,1.015,-2,0,1744,1055,0,0
6419,6429.61,0.986,-1,0,1752,1055,8,0
6420,6430.63,1.014,-2,1,1752,1055,0,0
6421,6431.62,0.988,-2,0,1752,1055,0,0
6422,6432.61,0.998,-1,1,1751,1056,-1,1
6423,6433.66,1.042,-2,0,1773,1056,22,0
6424,6434.63,0.971,-2,0,1806,1058,33,2
6425,6435.63,1.002,-1,1,1806,1058,0,0
6426,6436.61,0.986,-2,0,1815,1059,9,1
6427,6437.63,1.018,-2,1,1815,1059,0,0
6428,6438.62,0.982,-1,0,1815,1059,0,0
6429,6439.61,0.997,-2,0,1814,1059,-1,0
6430,6440.63,1.015,-2,1,1843,1061,29,2
6431,6441.65,1.02,-1,0,1872,1062,29,1
6432,6442.62,0.973,-2,0,1871,1062,-1,0
6433,6443.63,1.015,-2,1,1871,1062,0,0
6434,6444.62,0.981,-1,0,1876,1062,5,0
6435,6445.61,0.999,-2,1,1875,1062,-1,0
6436,6446.61,0.999,-2,0,1906,1065,31,3
6437,6447.62,1.002,-1,0,1906,1065,0,0
6438,6448.61,0.997,-2,1,1936,1067,30,2
6439,6449.63,1.015,-2,0,1935,1067,-1,0
6440,6450.62,0.988,-1,0,1935,1067,0,0
6441,6451.61,0.996,-2,0,1941,1068,6,1
6442,6452.61,1.001,-2,1,1940,1070,-1,2
6443,6453.63,1.021,-1,0,1974,1071,34,1
6444,6454.63,0.995,-2,0,1974,1071,0,0
6445,6455.63,1.005,-2,1,1974,1071,0,0
6446,6456.61,0.982,-1,0,1987,1071,13,0
6447,6457.63,1.013,-2,0,1987,1071,0,0
6448,6458.61,0.986,-2,1,1987,1071,0,0
6449,6459.61,0.998,-1,0,1986,1071,-1,0
6450,6460.67,1.057,-2,0,1992,1073,6,2
6451,6461.63,0.957,-2,0,2032,1073,40,0
6452,6462.62,0.99,-2,1,2032,1073,0,0
6453,6463.63,1.011,-1,0,2037,1073,5,0
6454,6464.62,0.992,-2,0,2037,1073,0,0
6455,6465.61,0.993,-2,0,2037,1073,0,0
6456,6466.61,0.998,-1,1,2036,1074,-1,1
6457,6467.63,1.017,-2,0,2065,1076,29,2
6458,6468.63,1.004,-2,0,2079,1076,14,0
6459,6469.63,0.996,-1,0,2079,1076,0,0
6460,6470.61,0.986,-2,0,2083,1076,4,0
6461,6471.61,1.0,-2,1,2083,1076,0,0
6462,6472.61,0.998,-1,0,2082,1076,-1,0
6463,6473.61,1.0,-2,0,2097,1075,15,-1
6464,6474.61,1.0,-2,0,2109,1075,12,0
6465,6475.61,1.0,-2,0,2109,1075,0,0
6466,6476.61,0.999,-1,1,2108,1075,-1,0
6467,6477.61,1.001,-2,0,2108,1075,0,0
6468,6478.61,0.999,-2,0,2110,1073,2,-2
6469,6479.61,1.0,-1,0,2109,1073,-1,0
6470,6480.61,1.0,-2,0,2112,1073,3,0
6471,6481.61,1.001,-2,0,2121,1070,9,-3
6472,6482.63,1.016,-1,1,2121,1070,0,0
6473,6483.61,0.985,-2,0,2120,1070,-1,0
6474,6484.63,1.021,-2,0,2121,1069,1,-1
6475,6485.64,1.01,-1,0,2121,1069,0,0
6476,6486.62,0.972,-2,0,2120,1069,-1,0
6477,6487.63,1.012,-2,0,2122,1067,2,-2
6478,6488.63,1.004,-2,0,2122,1066,0,-1
6479,6489.63,0.996,-1,0,2121,1066,-1,0
6480,6490.64,1.008,-2,1,2121,1066,0,0
6481,6491.61,0.978,-2,0,2122,1064,1,-2
6482,6492.64,1.031,-1,0,2121,1064,-1,0
6483,6493.63,0.984,-2,0,2121,1063,0,-1
6484,6494.64,1.008,-2,0,2121,1063,0,0
6485,6495.62,0.979,-1,0,2121,1063,0,0
6486,6496.61,0.998,-2,0,2120,1061,-1,-2
6487,6497.63,1.016,-2,0,2120,1061,0,0
6488,6498.61,0.986,-2,0,2120,1061,0,0
6489,6499.63,1.015,-1,0,2118,1061,-2,0
6490,6500.61,0.984,-2,0,2118,1060,0,-1
6491,6501.61,0.998,-2,0,2118,1060,0,0
6492,6502.61,0.999,-1,0,2118,1060,0,0
6493,6503.61,1.001,-2,0,2115,1060,-3,0
6494,6504.61,1.0,-2,0,2115,1060,0,0
6495,6505.63,1.02,-2,0,2115,1060,0,0
6496,6506.61,0.982,-1,0,2114,1060,-1,0
6497,6507.61,0.999,-2,0,2114,1058,0,-2
6498,6508.61,0.999,-2,0,2114,1057,0,-1
6499,6509.63,1.015,-1,0,2114,1057,0,0
6500,6510.61,0.986,-2,0,2111,1057,-3,0
6501,6511.61,0.998,-2,0,2111,1057,0,0
6502,6512.61,1.0,-1,0,2111,1057,0,0
6503,6513.61,1.001,-2,0,2109,1057,-2,0
6504,6514.63,1.014,-2,0,2109,1055,0,-2
6505,6515.63,1.005,-2,0,2109,1054,0,-1
6506,6516.61,0.982,-1,0,2109,1054,0,0
6507,6517.61,0.997,-2,0,2108,1054,-1,0
6508,6518.63,1.016,-2,0,2108,1052,0,-2
6509,6519.61,0.987,-1,0,2106,1052,-2,0
6510,6520.61,0.999,-2,0,2105,1052,-1,0
6511,6521.63,1.014,-2,0,2105,1051,0,-1
6512,6522.62,0.992,-2,0,2105,1051,0,0
6513,6523.61,0.994,-1,0,2105,1051,0,0
6514,6524.61,1.0,-2,0,2103,1049,-2,-2
6515,6525.61,1.0,-2,0,2103,1049,0,0
6516,6526.61,0.999,-1,0,2102,1049,-1,0
6517,6527.61,1.0,-2,0,2100,1049,-2,0
6518,6528.61,1.001,-2,0,2100,1049,0,0
6519,6529.61,1.0,-1,-1,2100,1049,0,0
6520,6530.63,1.016,-2,0,2099,1048,-1,-1
6521,6531.66,1.026,-2,0,2099,1048,0,0
6522,6532.64,0.982,-2,0,2099,1048,0,0
6523,6533.61,0.977,-1,0,2097,1048,-2,0
6524,6534.61,1.0,-2,0,2097,1046,0,-2
6525,6535.64,1.029,-2,0,2097,1046,0,0
6526,6536.64,0.995,-1,0,2097,1046,0,0
6527,6537.62,0.98,-2,-1,2097,1046,0,0
6528,6538.68,1.06,-2,0,2097,1046,0,0
6529,6539.63,0.955,-1,0,2096,1046,-1,0
6530,6540.63,0.995,-2,0,2094,1046,-2,0
6531,6541.62,0.988,-2,0,2094,1046,0,0
6532,6542.61,0.998,-1,0,2094,1046,0,0
6533,6543.64,1.026,-2,-1,2093,1046,-1,0
6534,6544.64,0.997,-2,0,2093,1046,0,0
6535,6545.61,0.977,-2,0,2093,1046,0,0
6536,6546.61,0.998,-1,0,2091,1046,-2,0
6537,6547.63,1.019,-2,0,2091,1045,0,-1
6538,6548.63,0.997,-2,-1,2091,1045,0,0
6539,6549.61,0.986,-1,0,2091,1045,0,0
6540,6550.61,0.998,-2,0,2091,1045,0,0
6541,6551.61,1.0,-2,0,2090,1045,-1,0
6542,6552.61,1.0,-1,0,2088,1045,-2,0
6543,6553.63,1.016,-2,-1,2088,1045,0,0
6544,6554.61,0.987,-2,0,2088,1045,0,0
6545,6555.61,0.997,-1,0,2088,1045,0,0
6546,6556.61,1.0,-2,0,2088,1045,0,0
6547,6557.61,1.0,-2,-1,2087,1045,-1,0
6548,6558.63,1.016,-2,0,2085,1045,-2,0
6549,6559.63,1.001,-1,0,2085,1045,0,0
6550,6560.62,0.988,-2,0,2085,1045,0,0
6551,6561.61,0.997,-2,-1,2085,1045,0,0
6552,6562.61,0.999,-1,0,2085,1045,0,0
6553,6563.62,1.004,-2,0,2084,1045,-1,0
6554,6564.61,0.997,-2,-1,2084,1045,0,0
6555,6565.61,0.998,-1,0,2082,1045,-2,0
6556,6566.63,1.016,-2,0,2082,1045,0,0
6557,6567.61,0.987,-2,-1,2082,1045,0,0
6558,6568.61,0.998,-1,0,2082,1045,0,0
6559,6569.61,0.998,-2,0,2082,1045,0,0
6560,6570.61,1.001,-2,0,2081,1045,-1,0
6561,6571.61,1.0,-1,-1,2079,1045,-2,0
6562,6572.63,1.018,-2,0,2079,1045,0,0
6563,6573.62,0.986,-2,0,2079,1045,0,0
6564,6574.61,0.997,-1,-1,2079,1045,0,0
6565,6575.61,0.999,-2,0,2079,1045,0,0
6566,6576.61,1.0,-2,-1,2078,1045,-1,0
6567,6577.63,1.016,-1,0,2076,1045,-2,0
6568,6578.66,1.029,-2,0,2076,1045,0,0
6569,6579.61,0.958,-2,-1,2076,1045,0,0
6570,6580.63,1.017,-1,0,2076,1045,0,0
6571,6581.61,0.983,-2,0,2076,1045,0,0
6572,6582.61,0.998,-2,-1,2075,1045,-1,0
6573,6583.61,1.0,-1,0,2073,1045,-2,0
6574,6584.61,1.0,-2,-1,2073,1045,0,0
6575,6585.61,0.999,-2,0,2073,1045,0,0
6576,6586.65,1.038,-1,0,2073,1045,0,0
6577,6587.61,0.964,-2,-1,2073,1045,0,0
6578,6588.63,1.016,-2,0,2072,1045,-1,0
6579,6589.64,1.01,-1,-1,2070,1045,-2,0
6580,6590.62,0.979,-2,0,2070,1045,0,0
6581,6591.61,0.996,-2,0,2070,1045,0,0
6582,6592.61,0.999,-1,-1,2070,1045,0,0
6583,6593.66,1.048,-2,0,2070,1045,0,0
6584,6594.63,0.969,-2,-1,2069,1045,-1,0
6585,6595.61,0.986,-1,0,2067,1043,-2,-2
6586,6596.61,0.998,-2,-1,2067,1043,0,0
6587,6597.61,1.0,-1,0,2067,1043,0,0
6588,6598.61,0.999,-2,-1,2067,1043,0,0
6589,6599.61,1.0,-2,0,2067,1043,0,0
6590,6600.61,1.001,-1,-1,2066,1043,-1,0
6591,6601.61,0.999,-2,0,2064,1043,-2,0
6592,6602.61,1.0,-2,-1,2064,1043,0,0
6593,6603.61,0.999,-1,0,2064,1043,0,0
6594,6604.61,1.0,-2,-1,2064,1043,0,0
6595,6605.61,1.0,-1,0,2064,1043,0,0
6596,6606.61,1.0,-2,-1,2063,1043,-1,0
6597,6607.61,1.0,-2,0,2061,1042,-2,-1
6598,6608.63,1.016,-1,-1,2061,1042,0,0
6599,6609.64,1.011,-2,0,2061,1042,0,0
6600,6610.68,1.042,-2,-1,2061,1042,0,0
6601,6611.61,0.933,-1,0,2061,1042,0,0
6602,6612.61,0.999,-2,-1,2060,1042,-1,0
6603,6613.63,1.018,-1,0,2058,1040,-2,-2
6604,6614.63,0.999,-2,-1,2058,1040,0,0
6605,6615.61,0.985,-2,0,2058,1040,0,0
6606,6616.61,0.999,-1,-1,2058,1040,0,0
6607,6617.61,0.999,-2,0,2058,1040,0,0
6608,6618.61,1.0,-2,-1,2057,1040,-1,0
6609,6619.63,1.018,-1,-1,2055,1040,-2,0
6610,6620.62,0.985,-2,0,2055,1040,0,0
6611,6621.63,1.015,-1,-1,2055,1040,0,0
6612,6622.63,1.001,-2,0,2055,1040,0,0
6613,6623.61,0.984,-2,-1,2055,1040,0,0
6614,6624.63,1.018,-1,-1,2054,1040,-1,0
6615,6625.63,0.995,-2,0,2052,1040,-2,0
6616,6626.63,1.003,-1,-1,2052,1040,0,0
6617,6627.61,0.984,-2,0,2052,1040,0,0
6618,6628.61,0.998,-1,-1,2052,1040,0,0
6619,6629.61,0.999,-2,-1,2052,1040,0,0
6620,6630.63,1.02,-2,0,2052,1040,0,0
6621,6631.63,0.996,-1,-1,2051,1039,-1,-1
6622,6632.63,1.003,-2,-1,2051,1039,0,0
6623,6633.61,0.984,-1,0,2051,1039,0,0
6624,6634.61,0.997,-2,-1,2051,1039,0,0
6625,6635.61,1.0,-2,0,2051,1039,0,0
6626,6636.61,1.0,-1,-1,2049,1039,-2,0
6627,6637.67,1.059,-2,-1,2048,1039,-1,0
6628,6638.63,0.956,-1,0,2048,1039,0,0
6629,6639.62,0.989,-2,-1,2048,1039,0,0
6630,6640.66,1.044,-1,-1,2048,1039,0,0
6631,6641.61,0.955,-2,-1,2048,1039,0,0
6632,6642.61,0.998,-1,0,2048,1039,0,0
6633,6643.65,1.037,-2,-1,2046,1039,-2,0
6634,6644.64,0.99,-2,-1,2046,1039,0,0
6635,6645.62,0.98,-1,0,2046,1039,0,0
6636,6646.61,0.993,-2,-1,2046,1039,0,0
6637,6647.61,1.0,-1,-1,2046,1039,0,0
6638,6648.61,0.999,-2,0,2045,1039,-1,0
6639,6649.63,1.017,-1,-1,2043,1037,-2,-2
6640,6650.61,0.987,-2,-1,2043,1037,0,0
6641,6651.61,0.997,-1,-1,2043,1037,0,0
6642,6652.61,1.0,-2,0,2043,1037,0,0
6643,6653.61,1.0,-1,-1,2043,1037,0,0
6644,6654.61,1.0,-2,-1,2043,1037,0,0
6645,6655.63,1.02,-2,-1,2042,1037,-1,0
6646,6656.62,0.986,-1,0,2042,1037,0,0
6647,6657.61,0.996,-2,-1,2042,1037,0,0
6648,6658.63,1.016,-1,-1,2042,1037,0,0
6649,6659.61,0.984,-2,-1,2042,1037,0,0
6650,6660.61,0.998,-1,0,2042,1037,0,0
6651,6661.61,0.999,-2,-1,2040,1036,-2,-1
6652,6662.61,1.001,-1,-1,2040,1036,0,0
6653,6663.63,1.018,-2,-1,2040,1036,0,0
6654,6664.62,0.986,-1,-1,2040,1036,0,0
6655,6665.63,1.015,-2,0,2040,1036,0,0
6656,6666.61,0.983,-1,-1,2039,1036,-1,0
6657,6667.63,1.019,-2,-1,2037,1034,-2,-2
6658,6668.61,0.981,-1,-1,2037,1034,0,0
6659,6669.61,0.998,-2,-1,2037,1034,0,0
6660,6670.61,1.0,-1,0,2037,1034,0,0
6661,6671.61,1.0,-2,-1,2037,1034,0,0
6662,6672.63,1.019,-1,-1,2036,1034,-1,0
6663,6673.63,0.997,-2,-1,2034,1033,-2,-1
6664,6674.61,0.988,-1,-1,2034,1033,0,0
6665,6675.61,0.998,-2,-1,2034,1033,0,0
6666,6676.61,0.999,-1,0,2034,1033,0,0
6667,6677.61,1.0,-2,-1,2034,1033,0,0
6668,6678.61,1.0,-1,-1,2033,1033,-1,0
6669,6679.61,1.0,-2,-1,2031,1031,-2,-2
6670,6680.61,1.001,-1,-1,2031,1031,0,0
6671,6681.61,0.999,-1,-1,2031,1031,0,0
6672,6682.61,1.0,-2,-1,2031,1031,0,0
6673,6683.61,1.0,-1,-1,2031,1031,0,0
6674,6684.61,1.0,-2,0,2030,1031,-1,0
6675,6685.63,1.018,-1,-1,2028,1030,-2,-1
6676,6686.63,0.998,-2,-1,2028,1030,0,0
6677,6687.62,0.989,-1,-1,2028,1030,0,0
6678,6688.61,0.998,-2,-1,2028,1030,0,0
6679,6689.61,0.999,-1,-1,2028,1030,0,0
6680,6690.64,1.029,-1,-1,2028,1030,0,0
6681,6691.62,0.974,-2,-1,2027,1028,-1,-2
6682,6692.62,1.007,-1,-1,2027,1028,0,0
6683,6693.61,0.988,-2,-1,2027,1028,0,0
6684,6694.61,1.001,-1,-1,2027,1028,0,0
6685,6695.64,1.03,-2,-1,2027,1028,0,0
6686,6696.61,0.969,-1,0,2027,1028,0,0
6687,6697.63,1.018,-1,-1,2025,1027,-2,-1
6688,6698.62,0.986,-2,-1,2025,1027,0,0
6689,6699.63,1.016,-1,-1,2025,1027,0,0
6690,6700.61,0.982,-2,-1,2025,1027,0,0
6691,6701.61,0.998,-1,-1,2025,1027,0,0
6692,6702.61,1.0,-1,-1,2024,1027,-1,0
6693,6703.63,1.016,-2,-1,2022,1025,-2,-2
6694,6704.62,0.989,-1,-1,2022,1025,0,0
6695,6705.63,1.014,-2,-1,2022,1025,0,0
6696,6706.61,0.984,-1,-1,2022,1025,0,0
6697,6707.61,0.998,-1,-1,2022,1025,0,0
6698,6708.61,0.999,-2,-1,2022,1025,0,0
6699,6709.61,1.0,-1,-1,2021,1024,-1,-1
6700,6710.61,1.003,-2,-1,2021,1024,0,0
6701,6711.61,0.997,-1,-1,2021,1024,0,0
6702,6712.61,1.001,-1,-1,2021,1024,0,0
6703,6713.64,1.027,-2,-1,2021,1024,0,0
6704,6714.61,0.975,-1,-1,2019,1024,-2,0
6705,6715.63,1.013,-1,-1,2018,1022,-1,-2
6706,6716.63,1.003,-2,-1,2018,1022,0,0
6707,6717.61,0.984,-1,-1,2018,1022,0,0
6708,6718.65,1.04,-2,-1,2018,1022,0,0
6709,6719.61,0.96,-1,-1,2018,1022,0,0
6710,6720.61,0.998,-1,-1,2018,1022,0,0
6711,6721.61,0.999,-2,-1,2016,1021,-2,-1
6712,6722.63,1.021,-1,-2,2016,1021,0,0
6713,6723.61,0.982,-1,-1,2016,1021,0,0
6714,6724.61,0.998,-2,-1,2016,1021,0,0
6715,6725.61,0.999,-1,-1,2016,1021,0,0
6716,6726.61,0.999,-1,-1,2016,1021,0,0
6717,6727.61,1.0,-2,-1,2016,1021,0,0
6718,6728.61,0.999,-1,-1,2015,1019,-1,-2
6719,6729.61,1.003,-1,-1,2015,1019,0,0
6720,6730.61,0.998,-1,-1,2015,1019,0,0
6721,6731.61,1.0,-2,-1,2015,1019,0,0
6722,6732.61,1.0,-1,-1,2015,1019,0,0
6723,6733.61,1.0,-1,-1,2015,1019,0,0
6724,6734.66,1.051,-2,-2,2013,1018,-2,-1
6725,6735.63,0.965,-1,-1,2013,1018,0,0
6726,6736.61,0.986,-1,-1,2013,1018,0,0
6727,6737.61,0.998,-2,-1,2013,1018,0,0
6728,6738.67,1.055,-1,-1,2013,1018,0,0
6729,6739.63,0.964,-1,-1,2013,1018,0,0
6730,6740.61,0.983,-1,-1,2012,1016,-1,-2
6731,6741.64,1.03,-2,-1,2012,1016,0,0
6732,6742.63,0.982,-1,-1,2012,1016,0,0
6733,6743.62,0.99,-1,-2,2012,1016,0,0
6734,6744.61,0.996,-1,-1,2010,1015,-2,-1
6735,6745.63,1.017,-2,-1,2010,1015,0,0
6736,6746.64,1.015,-1,-1,2009,1013,-1,-2
6737,6747.63,0.982,-1,-1,2009,1013,0,0
6738,6748.61,0.989,-1,-1,2009,1013,0,0
6739,6749.63,1.016,-2,-2,2009,1013,0,0
6740,6750.63,1.001,-1,-1,2007,1013,-2,0
6741,6751.63,0.996,-1,-1,2007,1013,0,0
6742,6752.61,0.986,-1,-1,2006,1012,-1,-1
6743,6753.61,0.999,-2,-1,2006,1012,0,0
6744,6754.61,0.998,-1,-1,2006,1012,0,0
6745,6755.63,1.019,-1,-2,2006,1012,0,0
6746,6756.63,1.0,-1,-1,2006,1012,0,0
6747,6757.61,0.984,-2,-1,2006,1012,0,0
6748,6758.61,0.998,-1,-1,2004,1010,-2,-2
6749,6759.61,1.001,-1,-1,2004,1010,0,0
6750,6760.68,1.064,-1,-2,2004,1010,0,0
6751,6761.61,0.938,-1,-1,2004,1010,0,0
6752,6762.61,0.998,-2,-1,2004,1010,0,0
6753,6763.61,0.999,-1,-1,2003,1010,-1,0
6754,6764.61,1.002,-1,-1,2001,1009,-2,-1
6755,6765.63,1.019,-1,-2,2001,1009,0,0
6756,6766.61,0.982,-1,-1,2001,1009,0,0
6757,6767.61,0.999,-1,-1,2001,1009,0,0
6758,6768.61,0.999,-2,-1,2001,1009,0,0
6759,6769.61,1.0,-1,-2,2001,1009,0,0
6760,6770.61,1.0,-1,-1,2000,1007,-1,-2
6761,6771.61,1.001,-1,-1,2000,1007,0,0
6762,6772.61,0.999,-1,-1,2000,1007,0,0
6763,6773.61,1.001,-1,-2,2000,1007,0,0
6764,6774.61,1.0,-2,-1,2000,1007,0,0
6765,6775.61,0.999,-1,-1,2000,1006,0,-1
6766,6776.61,1.001,-1,-1,1998,1004,-2,-2
6767,6777.63,1.018,-1,-2,1998,1004,0,0
6768,6778.62,0.985,-1,-1,1998,1004,0,0
6769,6779.61,0.997,-1,-1,1998,1004,0,0
6770,6780.63,1.018,-1,-2,1998,1004,0,0
6771,6781.62,0.985,-2,-1,1998,1004,0,0
6772,6782.61,0.997,-1,-1,1997,1003,-1,-1
6773,6783.63,1.018,-1,-1,1997,1003,0,0
6774,6784.61,0.984,-1,-2,1997,1003,0,0
6775,6785.61,0.998,-1,-1,1997,1003,0,0
6776,6786.61,0.999,-1,-1,1997,1003,0,0
6777,6787.61,1.0,-1,-2,1997,1001,0,-2
6778,6788.64,1.033,-1,-1,1995,1000,-2,-1
6779,6789.63,0.984,-1,-1,1995,1000,0,0
6780,6790.61,0.986,-1,-2,1995,1000,0,0
6781,6791.61,0.998,-2,-1,1995,1000,0,0
6782,6792.65,1.04,-1,-1,1995,1000,0,0
6783,6793.61,0.961,-1,-2,1995,1000,0,0
6784,6794.61,0.998,-1,-1,1994,998,-1,-2
6785,6795.61,1.001,-1,-1,1994,998,0,0
6786,6796.64,1.031,-1,-1,1994,998,0,0
6787,6797.63,0.985,-1,-2,1994,998,0,0
6788,6798.61,0.986,-1,-1,1994,998,0,0
6789,6799.61,0.997,-1,-2,1994,998,0,0
6790,6800.61,0.999,-1,-1,1992,997,-2,-1
6791,6801.61,1.001,-1,-1,1992,997,0,0
6792,6802.61,0.999,-1,-2,1992,997,0,0
6793,6803.61,1.0,-1,-1,1992,997,0,0
6794,6804.61,1.0,-1,-1,1992,997,0,0
6795,6805.61,1.0,-1,-2,1992,997,0,0
6796,6806.61,1.0,-1,-1,1991,995,-1,-2
6797,6807.63,1.017,-1,-1,1991,995,0,0
6798,6808.61,0.987,-1,-2,1991,995,0,0
6799,6809.61,0.997,-1,-1,1991,995,0,0
6800,6810.61,1.0,-1,-2,1991,995,0,0
6801,6811.61,1.0,-1,-1,1991,994,0,-1
6802,6812.66,1.047,-1,-1,1989,992,-2,-2
6803,6813.63,0.969,-1,-2,1989,992,0,0
6804,6814.61,0.987,-1,-1,1989,992,0,0
6805,6815.61,0.997,-1,-1,1989,992,0,0
6806,6816.61,1.0,-1,-2,1989,992,0,0
6807,6817.61,0.999,-1,-1,1989,991,0,-1
6808,6818.66,1.048,-1,-2,1988,989,-1,-2
6809,6819.63,0.969,-1,-1,1988,989,0,0
6810,6820.61,0.987,-1,-2,1988,989,0,0
6811,6821.63,1.016,-1,-1,1988,989,0,0
6812,6822.63,1.001,-1,-1,1988,989,0,0
6813,6823.61,0.982,-1,-2,1988,988,0,-1
6814,6824.61,0.998,-1,-1,1986,986,-2,-2
6815,6825.61,1.0,-1,-2,1986,986,0,0
6816,6826.61,0.999,-1,-1,1986,986,0,0
6817,6827.64,1.025,-1,-1,1986,986,0,0
6818,6828.61,0.978,0,-2,1986,986,0,0
6819,6829.61,0.997,-1,-1,1986,986,0,0
6820,6830.63,1.018,-1,-2,1985,985,-1,-1
6821,6831.62,0.984,-1,-1,1985,985,0,0
6822,6832.61,0.996,-1,-2,1985,985,0,0
6823,6833.61,1.0,-1,-1,1985,985,0,0
6824,6834.61,1.0,-1,-2,1985,985,0,0
6825,6835.61,1.0,-1,-1,1985,985,0,0
6826,6836.61,1.0,-1,-1,1983,983,-2,-2
6827,6837.61,1.001,-1,-2,1983,983,0,0
6828,6838.61,1.0,0,-1,1983,983,0,0
6829,6839.63,1.016,-1,-2,1983,983,0,0
6830,6840.61,0.985,-1,-1,1983,983,0,0
6831,6841.61,0.999,-1,-2,1983,982,0,-1
6832,6842.61,1.0,-1,-1,1982,980,-1,-2
6833,6843.68,1.067,-1,-2,1982,980,0,0
6834,6844.63,0.948,-1,-1,1982,980,0,0
6835,6845.61,0.987,0,-2,1982,980,0,0
6836,6846.64,1.024,-1,-1,1982,980,0,0
6837,6847.61,0.976,-1,-2,1982,980,0,0
6838,6848.61,0.999,-1,-1,1982,979,0,-1
6839,6849.62,1.005,-1,-2,1982,979,0,0
6840,6850.61,0.996,-1,-1,1982,979,0,0
6841,6851.61,1.0,0,-2,1982,979,0,0
6842,6852.61,1.0,-1,-1,1982,979,0,0
6843,6853.61,1.0,-1,-2,1982,979,0,0
6844,6854.61,1.0,-1,-1,1980,977,-2,-2
6845,6855.61,1.001,-1,-2,1980,977,0,0
6846,6856.61,0.999,0,-1,1980,977,0,0
6847,6857.61,1.0,-1,-2,1980,977,0,0
6848,6858.61,0.999,-1,-1,1980,977,0,0
6849,6859.66,1.045,-1,-2,1980,977,0,0
6850,6860.61,0.959,0,-1,1979,976,-1,-1
6851,6861.63,1.016,-1,-2,1979,976,0,0
6852,6862.62,0.985,-1,-1,1979,976,0,0
6853,6863.63,1.015,-1,-2,1979,976,0,0
6854,6864.61,0.984,-1,-1,1979,976,0,0
6855,6865.61,0.998,0,-2,1979,976,0,0
6856,6866.61,0.999,-1,-1,1979,974,0,-2
6857,6867.61,1.001,-1,-2,1979,974,0,0
6858,6868.61,0.999,0,-2,1979,974,0,0
6859,6869.61,1.002,-1,-1,1979,974,0,0
6860,6870.61,0.998,-1,-2,1979,974,0,0
6861,6871.63,1.019,-1,-1,1979,974,0,0
6862,6872.62,0.987,0,-2,1977,973,-2,-1
6863,6873.63,1.01,-1,-1,1977,973,0,0
6864,6874.63,1.005,-1,-2,1977,973,0,0
6865,6875.61,0.982,0,-1,1977,973,0,0
6866,6876.61,0.998,-1,-2,1977,973,0,0
6867,6877.61,0.999,-1,-1,1977,971,0,-2
6868,6878.63,1.016,-1,-2,1977,970,0,-1
6869,6879.63,1.0,0,-2,1977,970,0,0
6870,6880.62,0.991,-1,-1,1977,970,0,0
6871,6881.61,0.994,-1,-2,1977,970,0,0
6872,6882.61,0.999,0,-1,1977,970,0,0
6873,6883.61,0.999,-1,-2,1977,968,0,-2
6874,6884.61,1.002,-1,-1,1976,967,-1,-1
6875,6885.63,1.017,0,-2,1976,967,0,0
6876,6886.61,0.984,-1,-2,1976,967,0,0
6877,6887.61,0.999,0,-1,1976,967,0,0
6878,6888.61,0.999,-1,-2,1976,967,0,0
6879,6889.61,0.999,-1,-1,1976,965,0,-2
6880,6890.65,1.035,0,-2,1976,964,0,-1
6881,6891.62,0.969,-1,-1,1976,964,0,0
6882,6892.61,0.997,-1,-2,1976,964,0,0
6883,6893.61,0.999,0,-2,1976,964,0,0
6884,6894.65,1.038,-1,-1,1976,964,0,0
6885,6895.61,0.963,0,-2,1976,962,0,-2
6886,6896.61,0.999,-1,-1,1976,961,0,-1
6887,6897.61,1.002,-1,-2,1976,961,0,0
6888,6898.61,0.999,0,-2,1976,961,0,0
6889,6899.64,1.031,-1,-1,1976,961,0,0
6890,6900.61,0.969,0,-2,1976,961,0,0
6891,6901.61,0.999,-1,-1,1976,961,0,0
6892,6902.61,1.0,0,-2,1974,959,-2,-2
6893,6903.61,1.001,-1,-2,1974,959,0,0
6894,6904.61,0.999,-1,-1,1974,959,0,0
6895,6905.64,1.027,0,-2,1974,959,0,0
6896,6906.62,0.978,-1,-2,1974,959,0,0
6897,6907.61,0.997,0,-1,1974,958,0,-1
6898,6908.61,0.998,-1,-2,1973,956,-1,-2
6899,6909.63,1.017,0,-1,1973,956,0,0
6900,6910.68,1.048,-1,-2,1973,956,0,0
6901,6911.61,0.939,0,-2,1973,956,0,0
6902,6912.61,0.998,-1,-1,1973,956,0,0
6903,6913.65,1.043,0,-2,1973,955,0,-1
6904,6914.63,0.973,-1,-2,1971,953,-2,-2
6905,6915.61,0.987,0,-1,1971,953,0,0
6906,6916.61,0.997,-1,-2,1971,953,0,0
6907,6917.61,1.0,0,-1,1971,953,0,0
6908,6918.61,0.999,-1,-2,1971,953,0,0
6909,6919.61,1.001,0,-2,1971,953,0,0
6910,6920.61,1.0,-1,-1,1971,952,0,-1
6911,6921.64,1.03,0,-2,1971,952,0,0
6912,6922.63,0.987,-1,-2,1971,952,0,0
6913,6923.61,0.986,0,-1,1971,952,0,0
6914,6924.61,0.998,-1,-2,1971,952,0,0
6915,6925.61,1.0,0,-2,1971,952,0,0
6916,6926.61,0.999,-1,-1,1971,950,0,-2
6917,6927.63,1.017,0,-2,1971,950,0,0
6918,6928.62,0.99,0,-1,1971,950,0,0
6919,6929.63,1.013,-1,-2,1971,950,0,0
6920,6930.61,0.982,0,-2,1971,949,0,-1
6921,6931.61,0.998,-1,-1,1971,949,0,0
6922,6932.61,0.999,0,-2,1971,947,0,-2
6923,6933.61,1.001,0,-2,1971,947,0,0
6924,6934.61,0.999,-1,-1,1971,947,0,0
6925,6935.61,1.0,0,-2,1971,947,0,0
6926,6936.61,0.999,-1,-2,1971,946,0,-1
6927,6937.63,1.021,0,-1,1971,946,0,0
6928,6938.61,0.982,0,-2,1971,944,0,-2
6929,6939.63,1.014,-1,-2,1971,944,0,0
6930,6940.62,0.989,0,-1,1971,944,0,0
6931,6941.63,1.011,-1,-2,1971,944,0,0
6932,6942.61,0.984,0,-2,1971,943,0,-1
6933,6943.61,1.0,0,-1,1971,943,0,0
6934,6944.61,1.0,-1,-2,1971,941,0,-2
6935,6945.67,1.054,0,-2,1971,941,0,0
6936,6946.63,0.963,0,-1,1971,941,0,0
6937,6947.63,0.999,-1,-2,1971,941,0,0
6938,6948.61,0.987,0,-2,1971,940,0,-1
6939,6949.63,1.013,0,-1,1971,940,0,0
6940,6950.66,1.033,-1,-2,1970,938,-1,-2
6941,6951.64,0.975,0,-2,1970,938,0,0
6942,6952.61,0.978,0,-1,1970,938,0,0
6943,6953.63,1.02,0,-2,1970,938,0,0
6944,6954.61,0.981,-1,-2,1970,938,0,0
6945,6955.63,1.016,0,-1,1970,937,0,-1
6946,6956.63,0.997,0,-2,1970,935,0,-2
6947,6957.63,1.001,-1,-2,1970,935,0,0
6948,6958.63,0.999,0,-1,1970,935,0,0
6949,6959.61,0.986,0,-2,1970,935,0,0
6950,6960.61,0.998,0,-2,1970,934,0,-1
6951,6961.61,1.001,-1,-2,1970,934,0,0
6952,6962.61,0.999,0,-1,1970,932,0,-2
6953,6963.63,1.019,0,-2,1970,932,0,0
6954,6964.63,1.001,0,-2,1970,932,0,0
6955,6965.61,0.983,-1,-1,1970,932,0,0
6956,6966.61,0.997,0,-2,1970,931,0,-1
6957,6967.61,1.0,0,-2,1970,931,0,0
6958,6968.65,1.042,0,-1,1968,929,-2,-2
6959,6969.63,0.975,-1,-2,1968,929,0,0
6960,6970.61,0.986,0,-2,1968,929,0,0
6961,6971.61,0.998,0,-1,1968,929,0,0
6962,6972.61,0.999,0,-2,1968,928,0,-1
6963,6973.63,1.017,0,-2,1968,928,0,0
6964,6974.61,0.985,-1,-1,1968,926,0,-2
6965,6975.61,1.0,0,-2,1968,926,0,0
6966,6976.61,0.998,0,-2,1968,926,0,0
6967,6977.61,1.0,0,-2,1968,926,0,0
6968,6978.66,1.053,0,-1,1968,925,0,-1
6969,6979.61,0.948,0,-2,1968,925,0,0
6970,6980.61,0.998,-1,-2,1967,923,-1,-2
6971,6981.61,1.0,0,-1,1967,923,0,0
6972,6982.61,1.0,0,-2,1967,923,0,0
6973,6983.64,1.031,0,-2,1967,923,0,0
6974,6984.62,0.974,0,-1,1967,922,0,-1
6975,6985.63,1.013,0,-2,1967,922,0,0
6976,6986.61,0.985,0,-2,1967,920,0,-2
6977,6987.61,0.999,-1,-2,1967,920,0,0
6978,6988.63,1.017,0,-1,1967,920,0,0
6979,6989.63,1.001,0,-2,1967,920,0,0
6980,6990.61,0.982,0,-2,1967,920,0,0
6981,6991.61,0.998,0,-1,1967,920,0,0
6982,6992.63,1.018,0,-2,1967,919,0,-1
6983,6993.61,0.982,0,-2,1967,917,0,-2
6984,6994.61,0.999,0,-1,1967,917,0,0
6985,6995.65,1.038,0,-2,1967,917,0,0
6986,6996.61,0.963,0,-2,1967,917,0,0
6987,6997.63,1.016,0,-2,1967,916,0,-1
6988,6998.62,0.988,-1,-1,1965,914,-2,-2
6989,6999.63,1.011,0,-2,1965,913,0,-1
6990,7000.64,1.01,0,-2,1965,913,0,0
6991,7001.64,1.001,0,-1,1965,913,0,0
6992,7002.61,0.975,0,-2,1965,913,0,0
6993,7003.61,0.999,0,-2,1965,911,0,-2
6994,7004.61,1.0,0,-2,1965,911,0,0
6995,7005.63,1.016,0,-1,1965,910,0,-1
6996,7006.63,0.999,0,-2,1966,908,1,-2
6997,7007.61,0.987,0,-2,1966,908,0,0
6998,7008.61,0.997,0,-1,1966,908,0,0
6999,7009.61,1.0,0,-2,1966,908,0,0
7000,7010.61,1.0,0,-2,1966,907,0,-1
7001,7011.61,1.001,0,-1,1966,905,0,-2
7002,7012.61,1.0,0,-2,1968,905,2,0
7003,7013.61,1.0,0,-2,1969,905,1,0
7004,7014.61,1.001,0,-2,1969,905,0,0
7005,7015.66,1.043,0,-1,1971,905,2,0
7006,7016.61,0.958,0,-2,1971,904,0,-1
7007,7017.61,0.998,0,-2,1971,904,0,0
7008,7018.61,0.999,0,-1,1971,902,0,-2
7009,7019.63,1.02,0,-2,1972,902,1,0
7010,7020.61,0.984,0,-2,1974,901,2,-1
7011,7021.61,0.998,1,-1,1974,901,0,0
7012,7022.61,0.999,0,-2,1975,899,1,-2
7013,7023.61,1.001,0,-2,1975,899,0,0
7014,7024.61,1.001,0,-2,1975,898,0,-1
7015,7025.61,0.999,0,-1,1977,898,2,0
7016,7026.61,1.0,0,-2,1980,898,3,0
7017,7027.63,1.016,0,-2,1980,898,0,0
7018,7028.61,0.986,0,-1,1980,898,0,0
7019,7029.61,0.998,0,-2,1980,898,0,0
7020,7030.66,1.046,0,-2,1980,896,0,-2
7021,7031.63,0.975,0,-1,1983,895,3,-1
7022,7032.63,0.994,1,-2,1986,893,3,-2
7023,7033.62,0.988,0,-2,1986,893,0,0
7024,7034.61,0.996,0,-2,1986,893,0,0
7025,7035.61,1.0,0,-1,1995,892,9,-1
7026,7036.61,1.001,0,-2,1995,892,0,0
7027,7037.61,1.0,0,-2,1995,892,0,0
7028,7038.63,1.018,0,-1,1995,890,0,-2
7029,7039.63,0.997,1,-2,1998,889,3,-1
7030,7040.62,0.988,0,-2,2010,887,12,-2
7031,7041.61,0.997,0,-1,2010,886,0,-1
7032,7042.61,1.0,0,-2,2010,886,0,0
7033,7043.64,1.024,0,-2,2016,886,6,0
7034,7044.63,0.992,0,-2,2017,884,1,-2
7035,7045.62,0.991,1,-1,2028,883,11,-1
7036,7046.61,0.994,0,-2,2028,883,0,0
7037,7047.67,1.061,0,-2,2041,881,13,-2
7038,7048.63,0.954,0,-1,2041,880,0,-1
7039,7049.62,0.989,0,-2,2041,880,0,0
7040,7050.61,0.996,1,-2,2047,880,6,0
7041,7051.63,1.016,0,-1,2047,878,0,-2
7042,7052.65,1.026,0,-2,2067,875,20,-3
7043,7053.62,0.966,0,-2,2067,875,0,0
7044,7054.61,0.993,1,-1,2067,875,0,0
7045,7055.61,0.999,0,-2,2070,874,3,-1
7046,7056.61,1.0,0,-2,2070,874,0,0
7047,7057.61,1.0,0,-2,2070,874,0,0
7048,7058.61,1.0,1,-1,2070,872,0,-2
7049,7059.62,1.005,0,-2,2079,872,9,0
7050,7060.71,1.098,0,-2,2112,869,33,-3
7051,7061.63,0.913,0,-1,2112,869,0,0
7052,7062.61,0.987,1,-2,2118,869,6,0
7053,7063.63,1.011,0,-2,2118,869,0,0
7054,7064.61,0.988,0,-1,2118,868,0,-1
7055,7065.61,0.999,1,-2,2149,866,31,-2
7056,7066.61,1.0,0,-2,2175,866,26,0
7057,7067.61,1.0,0,-1,2175,866,0,0
7058,7068.61,0.999,0,-2,2175,866,0,0
7059,7069.61,1.0,1,-2,2175,866,0,0
7060,7070.61,1.002,0,-1,2175,865,0,-1
7061,7071.61,0.998,0,-2,2184,863,9,-2
7062,7072.63,1.016,1,-2,2193,863,9,0
7063,7073.63,1.0,0,-1,2193,863,0,0
7064,7074.61,0.986,0,-2,2193,863,0,0
7065,7075.61,0.998,1,-2,2230,863,37,0
7066,7076.61,1.002,0,-1,2230,862,0,-1
7067,7077.63,1.016,0,-2,2230,862,0,0
7068,7078.63,1.001,1,-2,2230,860,0,-2
7069,7079.63,0.996,0,-1,2239,860,9,0
7070,7080.63,1.002,1,-2,2287,864,48,4
7071,7081.63,1.003,0,-2,2287,864,0,0
7072,7082.61,0.982,0,-1,2295,864,8,0
7073,7083.63,1.017,1,-2,2295,864,0,0
7074,7084.61,0.983,0,-2,2295,864,0,0
7075,7085.63,1.017,1,-1,2296,863,1,-1
7076,7086.63,0.996,0,-2,2316,864,20,1
7077,7087.62,0.988,0,-2,2340,867,24,3
7078,7088.63,1.016,1,-1,2340,867,0,0
7079,7089.63,0.999,0,-2,2340,867,0,0
7080,7090.61,0.984,1,-2,2344,869,4,2
7081,7091.61,0.998,0,-1,2344,868,0,-1
7082,7092.61,1.001,0,-2,2352,868,8,0
7083,7093.65,1.036,1,-2,2380,872,28,4
7084,7094.62,0.966,0,-1,2380,872,0,0
7085,7095.61,0.997,1,-2,2380,872,0,0
7086,7096.61,0.998,0,-1,2386,872,6,0
7087,7097.63,1.017,1,-2,2386,872,0,0
7088,7098.62,0.988,0,-2,2386,871,0,-1
7089,7099.63,1.011,1,-1,2404,872,18,1
7090,7100.63,1.003,0,-2,2407,873,3,1
7091,7101.62,0.987,1,-2,2407,873,0,0
7092,7102.61,0.996,0,-1,2407,873,0,0
7093,7103.66,1.051,1,-2,2412,872,5,-1
7094,7104.63,0.963,0,-2,2412,872,0,0
7095,7105.63,1.008,1,-1,2413,871,1,-1
7096,7106.61,0.979,0,-2,2422,871,9,0
7097,7107.61,0.998,1,-1,2424,871,2,0
7098,7108.63,1.016,0,-2,2424,869,0,-2
7099,7109.62,0.986,1,-2,2424,869,0,0
7100,7110.63,1.015,0,-1,2427,869,3,0
7101,7111.62,0.985,1,-2,2427,868,0,-1
7102,7112.62,0.999,0,-2,2428,866,1,-2
7103,7113.61,0.997,1,-1,2428,865,0,-1
7104,7114.63,1.02,0,-2,2428,865,0,0
7105,7115.62,0.983,1,-1,2428,863,0,-2
7106,7116.63,1.013,1,-2,2427,863,-1,0
7107,7117.62,0.989,0,-2,2427,863,0,0
7108,7118.63,1.013,1,-1,2427,862,0,-1
7109,7119.63,0.998,0,-2,2426,862,-1,0
7110,7120.62,0.988,1,-1,2424,860,-2,-2
7111,7121.61,0.996,0,-2,2424,860,0,0
7112,7122.63,1.016,1,-2,2424,860,0,0
7113,7123.61,0.984,1,-1,2423,860,-1,0
7114,7124.63,1.016,0,-2,2423,860,0,0
7115,7125.63,1.001,1,-1,2424,859,1,-1
7116,7126.63,0.999,0,-2,2423,857,-1,-2
7117,7127.63,1.0,1,-2,2421,857,-2,0
7118,7128.62,0.986,1,-1,2421,857,0,0
7119,7129.63,1.015,0,-2,2421,857,0,0
7120,7130.66,1.025,1,-1,2420,856,-1,-1
7121,7131.63,0.977,1,-2,2421,854,1,-2
7122,7132.63,1.0,0,-1,2420,854,-1,0
7123,7133.63,0.999,1,-2,2418,853,-2,-1
7124,7134.63,1.0,0,-2,2418,853,0,0
7125,7135.64,1.004,1,-1,2418,851,0,-2
7126,7136.63,0.997,1,-2,2418,851,0,0
7127,7137.62,0.985,0,-1,2415,850,-3,-1
7128,7138.63,1.014,1,-2,2415,848,0,-2
7129,7139.69,1.059,1,-1,2411,847,-4,-1
7130,7140.63,0.94,0,-2,2409,845,-2,-2
7131,7141.63,1.002,1,-2,2409,845,0,0
7132,7142.61,0.983,1,-1,2409,844,0,-1
7133,7143.61,1.0,1,-2,2408,844,-1,0
7134,7144.61,0.999,0,-1,2408,844,0,0
7135,7145.61,0.999,1,-2,2409,842,1,-2
7136,7146.61,1.001,1,-1,2405,841,-4,-1
7137,7147.61,0.998,0,-2,2403,839,-2,-2
7138,7148.61,1.0,1,-1,2403,839,0,0
7139,7149.66,1.045,1,-2,2397,836,-6,-3
7140,7150.63,0.973,1,-2,2397,836,0,0
7141,7151.66,1.025,0,-1,2397,836,0,0
7142,7152.63,0.976,1,-2,2397,835,0,-1
7143,7153.64,1.004,1,-1,2393,833,-4,-2
7144,7154.65,1.014,0,-2,2391,833,-2,0
7145,7155.63,0.983,1,-1,2391,833,0,0
7146,7156.63,0.998,1,-2,2390,833,-1,0
7147,7157.61,0.984,1,-1,2390,832,0,-1
7148,7158.63,1.014,1,-2,2391,830,1,-2
7149,7159.7,1.074,0,-1,2387,829,-4,-1
7150,7160.63,0.925,1,-2,2381,829,-6,0
7151,7161.63,1.002,1,-1,2381,829,0,0
7152,7162.61,0.985,1,-2,2381,829,0,0
7153,7163.63,1.016,0,-1,2381,829,0,0
7154,7164.61,0.983,1,-2,2379,829,-2,0
7155,7165.61,0.998,1,-1,2380,827,1,-2
7156,7166.61,1.0,1,-2,2379,827,-1,0
7157,7167.61,1.0,1,-1,2375,827,-4,0
7158,7168.63,1.018,0,-2,2375,827,0,0
7159,7169.62,0.986,1,-1,2375,827,0,0
7160,7170.61,0.996,1,-2,2373,826,-2,-1
7161,7171.63,1.017,1,-1,2373,826,0,0
7162,7172.61,0.985,1,-2,2374,824,1,-2
7163,7173.61,0.998,1,-1,2373,824,-1,0
7164,7174.61,1.0,0,-2,2373,824,0,0
7165,7175.61,0.999,1,-1,2373,824,0,0
7166,7176.61,1.0,1,-2,2373,824,0,0
7167,7177.63,1.022,1,-1,2373,824,0,0
7168,7178.61,0.981,1,-2,2374,823,1,-1
7169,7179.63,1.018,1,-1,2374,823,0,0
7170,7180.63,0.999,1,-2,2374,823,0,0
7171,7181.7,1.068,0,-1,2374,823,0,0
7172,7182.63,0.933,1,-2,2374,823,0,0
7173,7183.61,0.983,1,-1,2374,823,0,0
7174,7184.61,0.997,1,-1,2374,823,0,0
7175,7185.64,1.028,1,-2,2376,821,2,-2
7176,7186.61,0.974,1,-1,2376,821,0,0
7177,7187.61,0.999,1,-2,2376,821,0,0
7178,7188.61,0.998,1,-1,2376,821,0,0
7179,7189.61,1.0,1,-2,2376,820,0,-1
7180,7190.63,1.019,1,-1,2376,820,0,0
7181,7191.61,0.984,0,-2,2377,818,1,-2
7182,7192.61,0.998,1,-1,2377,818,0,0
7183,7193.63,1.022,1,-1,2377,818,0,0
7184,7194.61,0.98,1,-2,2377,818,0,0
7185,7195.61,0.998,1,-1,2377,818,0,0
7186,7196.61,1.001,1,-2,2377,818,0,0
7187,7197.65,1.035,1,-1,2379,817,2,-1
7188,7198.63,0.978,1,-2,2379,817,0,0
7189,7199.67,1.041,1,-1,2379,817,0,0
7190,7200.63,0.962,1,-1,2379,817,0,0
7191,7201.61,0.986,1,-2,2379,817,0,0
7192,7202.61,0.999,1,-1,2379,817,0,0
7193,7203.61,1.0,1,-2,2380,815,1,-2
7194,7204.66,1.045,1,-1,2380,815,0,0
7195,7205.63,0.971,1,-1,2380,815,0,0
7196,7206.63,1.001,1,-2,2380,815,0,0
7197,7207.61,0.984,1,-1,2380,815,0,0
7198,7208.61,0.997,1,-2,2380,815,0,0
7199,7209.61,0.999,1,-1,2382,814,2,-1
7200,7214.78,5.171,1,-1,2382,814,0,0
7201,7214.82,0.039,1,-2,2382,814,0,0
7202,7216.82,1.997,1,-1,2383,812,1,-2
7203,7217.82,0.999,1,-1,2383,812,0,0
7204,7218.84,1.022,1,-2,2383,812,0,0
7205,7219.82,0.981,1,-1,2383,812,0,0
7206,7220.82,0.997,1,-1,2383,812,0,0
7207,7221.82,1.0,1,-2,2383,812,0,0
7208,7222.82,0.999,1,-1,2385,811,2,-1
7209,7223.82,1.0,1,-2,2385,811,0,0
7210,7224.82,1.0,1,-1,2385,811,0,0
7211,7225.82,1.001,1,-1,2385,811,0,0
7212,7226.82,1.0,1,-2,2385,811,0,0
7213,7227.82,0.999,1,-1,2385,811,0,0
7214,7228.82,1.0,1,-1,2386,809,1,-2
7215,7229.82,1.0,1,-2,2386,809,0,0
7216,7230.82,0.999,1,-1,2386,809,0,0
7217,7231.82,1.0,1,-1,2386,809,0,0
7218,7232.82,1.0,2,-2,2386,808,0,-1
7219,7233.84,1.023,1,-1,2386,808,0,0
7220,7234.84,1.0,1,-1,2388,806,2,-2
7221,7235.84,0.995,1,-1,2388,806,0,0
7222,7236.82,0.986,1,-2,2388,806,0,0
7223,7237.82,0.998,1,-1,2388,806,0,0
7224,7238.93,1.108,1,-1,2388,805,0,-1
7225,7239.82,0.896,1,-2,2388,805,0,0
7226,7240.82,0.996,1,-1,2389,803,1,-2
7227,7241.82,0.999,1,-1,2389,803,0,0
7228,7242.82,1.0,2,-2,2389,803,0,0
7229,7243.82,1.0,1,-1,2389,803,0,0
7230,7244.82,1.0,1,-1,2389,803,0,0
7231,7245.82,1.0,1,-1,2389,803,0,0
7232,7246.84,1.02,1,-2,2391,802,2,-1
7233,7247.85,1.016,1,-1,2391,802,0,0
7234,7248.84,0.983,1,-1,2391,802,0,0
7235,7249.86,1.027,2,-1,2391,802,0,0
7236,7250.82,0.956,1,-2,2391,802,0,0
7237,7251.82,0.998,1,-1,2391,802,0,0
7238,7252.82,0.999,1,-1,2392,800,1,-2
7239,7253.82,1.002,1,-1,2392,800,0,0
7240,7254.83,1.016,1,-2,2392,800,0,0
7241,7255.86,1.03,2,-1,2392,800,0,0
7242,7256.83,0.968,1,-1,2392,800,0,0
7243,7257.82,0.987,1,-1,2392,800,0,0
7244,7258.82,0.999,1,-2,2394,799,2,-1
7245,7259.82,0.999,1,-1,2394,799,0,0
7246,7260.82,1.0,1,-1,2394,799,0,0
7247,7261.82,1.0,2,-1,2394,799,0,0
7248,7262.82,1.0,1,-1,2394,799,0,0
7249,7263.82,1.0,1,-2,2394,799,0,0
7250,7264.82,1.0,1,-1,2395,797,1,-2
7251,7265.82,1.001,1,-1,2395,797,0,0
7252,7266.82,0.999,2,-1,2395,797,0,0
7253,7267.82,1.0,1,-1,2395,797,0,0
7254,7268.82,1.0,1,-2,2395,797,0,0
7255,7269.82,1.0,1,-1,2395,797,0,0
7256,7270.82,0.999,2,-1,2397,796,2,-1
7257,7271.82,1.001,1,-1,2397,796,0,0
7258,7272.82,0.999,1,-1,2397,796,0,0
7259,7273.82,1.001,1,-1,2397,796,0,0
7260,7274.82,1.0,2,-2,2397,796,0,0
7261,7275.82,1.0,1,-1,2397,796,0,0
7262,7276.82,0.999,1,-1,2398,794,1,-2
7263,7277.86,1.046,1,-1,2398,794,0,0
7264,7278.84,0.974,2,-1,2398,794,0,0
7265,7279.82,0.984,1,-1,2398,794,0,0
7266,7280.84,1.015,1,-2,2398,794,0,0
7267,7281.84,1.002,1,-1,2398,794,0,0
7268,7282.82,0.982,2,-1,2400,793,2,-1
7269,7283.82,0.998,1,-1,2400,793,0,0
7270,7284.82,1.0,1,-1,2400,793,0,0
7271,7285.82,1.0,1,-1,2400,793,0,0
7272,7286.82,1.001,2,-1,2400,793,0,0
7273,7287.82,0.999,1,-1,2400,793,0,0
7274,7288.94,1.12,1,-2,2401,791,1,-2
7275,7289.82,0.884,2,-1,2401,791,0,0
7276,7290.84,1.016,1,-1,2401,791,0,0
7277,7291.82,0.982,1,-1,2401,791,0,0
7278,7292.82,0.998,2,-1,2401,791,0,0
7279,7293.82,1.0,1,-1,2401,791,0,0
7280,7294.82,1.0,1,-1,2403,790,2,-1
7281,7295.82,1.0,1,-1,2403,790,0,0
7282,7296.84,1.02,2,-1,2403,790,0,0
7283,7297.84,0.999,1,-1,2403,790,0,0
7284,7298.84,1.005,1,-1,2403,790,0,0
7285,7299.82,0.977,2,-1,2404,790,1,0
7286,7300.86,1.044,1,-2,2406,788,2,-2
7287,7301.83,0.971,1,-1,2406,788,0,0
7288,7302.82,0.986,2,-1,2406,788,0,0
7289,7303.82,0.999,1,-1,2406,788,0,0
7290,7304.84,1.017,1,-1,2406,788,0,0
7291,7305.82,0.983,2,-1,2406,788,0,0
7292,7306.87,1.05,1,-1,2407,787,1,-1
7293,7307.83,0.964,2,-1,2407,787,0,0
7294,7308.82,0.986,1,-1,2407,787,0,0
7295,7309.82,0.998,1,-1,2407,787,0,0
7296,7310.82,1.0,2,-1,2407,787,0,0
7297,7311.82,1.001,1,-1,2407,787,0,0
7298,7312.82,0.999,1,-1,2409,785,2,-2
7299,7313.82,1.001,2,-1,2409,785,0,0
7300,7314.82,0.999,1,-1,2409,785,0,0
7301,7315.82,1.0,2,-1,2409,785,0,0
7302,7316.82,1.001,1,-1,2409,785,0,0
7303,7317.82,0.998,1,-1,2410,785,1,0
7304,7318.84,1.021,2,-1,2412,784,2,-1
7305,7319.84,1.0,1,-1,2412,784,0,0
7306,7320.82,0.982,2,-1,2412,784,0,0
7307,7321.82,0.998,1,-1,2412,784,0,0
7308,7322.86,1.045,1,-1,2412,784,0,0
7309,7323.82,0.957,2,-1,2413,784,1,0
7310,7324.82,0.998,1,-1,2415,782,2,-2
7311,7325.82,0.999,2,-1,2415,782,0,0
7312,7326.82,1.0,1,-1,2415,782,0,0
7313,7327.84,1.022,1,-1,2415,782,0,0
7314,7328.82,0.982,2,0,2415,782,0,0
7315,7329.82,0.997,1,-1,2415,782,0,0
7316,7330.84,1.021,2,-1,2416,781,1,-1
7317,7331.83,0.995,1,-1,2416,781,0,0
7318,7332.82,0.986,2,-1,2416,781,0,0
7319,7333.82,0.998,1,-1,2416,781,0,0
7320,7334.82,0.999,1,-1,2416,781,0,0
7321,7335.82,0.999,2,-1,2418,781,2,0
7322,7336.82,1.0,1,-1,2419,779,1,-2
7323,7337.82,1.0,2,-1,2419,779,0,0
7324,7338.94,1.123,1,-1,2419,779,0,0
7325,7339.84,0.899,2,0,2419,779,0,0
7326,7340.82,0.981,1,-1,2419,779,0,0
7327,7341.82,0.998,2,-1,2419,779,0,0
7328,7342.82,0.999,1,-1,2421,778,2,-1
7329,7343.84,1.021,1,-1,2421,778,0,0
7330,7344.82,0.982,2,-1,2421,778,0,0
7331,7345.82,0.998,1,-1,2421,778,0,0
7332,7346.82,1.0,2,-1,2421,778,0,0
7333,7347.82,1.0,1,0,2421,778,0,0
7334,7348.82,1.0,2,-1,2422,776,1,-2
7335,7349.84,1.022,1,-1,2422,776,0,0
7336,7350.84,0.997,2,-1,2422,776,0,0
7337,7351.82,0.984,1,-1,2422,776,0,0
7338,7352.86,1.04,2,-1,2422,776,0,0
7339,7353.82,0.959,1,0,2424,776,2,0
7340,7354.82,0.999,2,-1,2425,775,1,-1
7341,7355.82,1.001,1,-1,2425,775,0,0
7342,7356.82,1.0,2,-1,2425,775,0,0
7343,7357.85,1.03,1,-1,2425,775,0,0
7344,7358.82,0.97,2,0,2425,775,0,0
7345,7359.87,1.051,1,-1,2427,775,2,0
7346,7360.83,0.96,2,-1,2427,775,0,0
7347,7361.82,0.989,1,-1,2428,773,1,-2
7348,7362.82,1.0,2,-1,2428,773,0,0
7349,7363.84,1.019,1,0,2428,773,0,0
7350,7364.95,1.108,2,-1,2428,773,0,0
7351,7365.82,0.875,1,-1,2430,773,2,0
7352,7366.82,0.998,2,-1,2430,773,0,0
7353,7367.82,0.999,1,0,2431,772,1,-1
7354,7368.86,1.046,2,-1,2431,772,0,0
7355,7369.82,0.957,2,-1,2431,772,0,0
7356,7370.82,0.997,1,-1,2431,772,0,0
7357,7371.82,0.999,2,0,2433,772,2,0
7358,7372.86,1.042,1,-1,2433,772,0,0
7359,7373.82,0.96,2,-1,2434,770,1,-2
7360,7374.82,0.998,1,-1,2434,770,0,0
7361,7375.82,1.0,2,0,2434,770,0,0
7362,7376.84,1.022,1,-1,2434,770,0,0
7363,7377.82,0.981,2,-1,2436,770,2,0
7364,7378.82,0.998,1,0,2436,770,0,0
7365,7379.82,0.999,2,-1,2437,769,1,-1
7366,7380.84,1.02,2,-1,2437,769,0,0
7367,7381.82,0.984,1,-1,2437,769,0,0
7368,7382.82,0.997,2,0,2437,769,0,0
7369,7383.82,0.999,1,-1,2437,769,0,0
7370,7384.82,0.999,2,-1,2437,769,0,0
7371,7385.82,1.0,1,0,2439,767,2,-2
7372,7386.82,1.0,2,-1,2439,767,0,0
7373,7387.82,1.0,1,-1,2439,767,0,0
7374,7388.82,1.0,2,0,2439,767,0,0
7375,7389.82,1.0,2,-1,2440,767,1,0
7376,7390.83,1.017,1,-1,2440,767,0,0
7377,7391.82,0.986,2,0,2442,766,2,-1
7378,7392.82,0.998,1,-1,2442,766,0,0
7379,7393.82,1.0,2,0,2442,766,0,0
7380,7394.82,1.0,2,-1,2442,766,0,0
7381,7395.82,1.0,1,-1,2443,766,1,0
7382,7396.82,1.001,2,0,2443,766,0,0
7383,7397.82,1.0,1,-1,2445,764,2,-2
7384,7398.82,1.0,2,-1,2445,764,0,0
7385,7399.84,1.02,1,0,2445,764,0,0
7386,7400.82,0.982,2,-1,2445,764,0,0
7387,7401.86,1.043,2,0,2445,764,0,0
7388,7402.82,0.961,1,-1,2445,764,0,0
7389,7403.88,1.054,2,0,2446,763,1,-1
7390,7404.83,0.957,1,-1,2446,763,0,0
7391,7405.84,1.005,2,-1,2446,763,0,0
7392,7406.84,1.001,2,0,2446,763,0,0
7393,7407.82,0.982,1,-1,2448,763,2,0
7394,7408.87,1.052,2,0,2448,763,0,0
7395,7409.83,0.96,2,-1,2449,761,1,-2
7396,7410.82,0.987,1,0,2449,761,0,0
7397,7411.82,0.999,2,-1,2449,761,0,0
7398,7412.82,1.0,1,0,2449,761,0,0
7399,7413.84,1.022,2,-1,2449,761,0,0
7400,7414.84,0.996,2,0,2449,761,0,0
7401,7415.82,0.985,1,-1,2451,760,2,-1
7402,7416.82,0.998,2,-1,2451,760,0,0
7403,7417.82,0.999,2,0,2451,760,0,0
7404,7418.82,1.0,1,-1,2451,760,0,0
7405,7419.82,1.0,2,0,2451,760,0,0
7406,7420.82,1.0,1,-1,2451,760,0,0
7407,7421.82,1.0,2,0,2452,760,1,0
7408,7422.84,1.021,2,-1,2452,760,0,0
7409,7423.82,0.983,1,0,2452,760,0,0
7410,7424.82,0.997,2,0,2452,760,0,0
7411,7425.82,0.999,2,-1,2452,760,0,0
7412,7426.84,1.02,1,0,2454,760,2,0
7413,7427.82,0.983,2,-1,2455,758,1,-2
7414,7428.82,0.998,1,0,2455,758,0,0
7415,7429.82,0.999,2,-1,2455,758,0,0
7416,7430.82,1.0,2,0,2455,758,0,0
7417,7431.82,1.001,1,-1,2455,758,0,0
7418,7432.82,1.0,2,0,2457,758,2,0
7419,7433.82,1.0,2,0,2458,757,1,-1
7420,7434.82,1.0,1,-1,2458,757,0,0
7421,7435.82,1.0,2,0,2458,757,0,0
7422,7436.82,1.0,2,-1,2458,757,0,0
7423,7437.84,1.021,1,0,2458,757,0,0
7424,7438.82,0.982,2,-1,2458,757,0,0
7425,7439.82,0.998,2,0,2460,757,2,0
7426,7440.82,0.999,1,0,2460,757,0,0
7427,7441.82,1.0,2,-1,2460,757,0,0
7428,7442.82,1.0,2,0,2460,757,0,0
7429,7443.82,1.0,1,0,2460,757,0,0
7430,7444.82,1.0,2,-1,2460,757,0,0
7431,7445.82,1.0,2,0,2461,755,1,-2
7432,7446.82,1.0,1,-1,2461,755,0,0
7433,7447.84,1.02,2,0,2461,755,0,0
7434,7448.82,0.984,2,0,2461,755,0,0
7435,7449.84,1.016,1,-1,2461,755,0,0
7436,7450.84,0.998,2,0,2461,755,0,0
7437,7451.84,1.0,2,0,2463,755,2,0
7438,7452.83,0.998,1,-1,2463,755,0,0
7439,7453.84,1.005,2,0,2463,755,0,0
7440,7454.87,1.036,2,0,2463,755,0,0
7441,7455.84,0.961,1,-1,2463,755,0,0
7442,7456.83,0.991,2,0,2463,755,0,0
7443,7457.84,1.011,2,0,2464,754,1,-1
7444,7458.82,0.984,1,0,2464,754,0,0
7445,7459.82,1.0,2,-1,2464,754,0,0
7446,7460.82,1.0,2,0,2464,754,0,0
7447,7461.86,1.037,1,0,2464,754,0,0
7448,7462.82,0.963,2,-1,2464,754,0,0
7449,7463.84,1.016,2,0,2466,752,2,-2
7450,7464.84,1.003,1,0,2466,752,0,0
7451,7465.82,0.982,2,0,2466,752,0,0
7452,7466.82,0.998,2,-1,2466,752,0,0
7453,7467.82,1.0,2,0,2466,752,0,0
7454,7468.82,1.0,1,0,2466,752,0,0
7455,7469.84,1.018,2,0,2467,752,1,0
7456,7470.82,0.986,2,-1,2467,752,0,0
7457,7471.82,0.997,1,0,2467,752,0,0
7458,7472.82,1.001,2,0,2467,752,0,0
7459,7473.82,0.998,2,0,2467,752,0,0
7460,7474.82,1.0,1,0,2467,752,0,0
7461,7475.82,1.0,2,-1,2469,752,2,0
7462,7476.82,1.0,2,0,2469,752,0,0
7463,7477.82,1.0,1,0,2469,752,0,0
7464,7478.82,1.0,2,0,2469,752,0,0
7465,7479.82,1.0,2,0,2469,752,0,0
7466,7480.82,1.001,2,-1,2470,752,1,0
7467,7481.83,1.015,1,0,2472,751,2,-1
7468,7482.82,0.986,2,0,2472,751,0,0
7469,7483.82,0.998,2,0,2472,751,0,0
7470,7484.82,0.999,1,0,2472,751,0,0
7471,7485.82,1.0,2,0,2472,751,0,0
7472,7486.82,1.001,2,-1,2473,751,1,0
7473,7487.82,0.999,1,0,2475,751,2,0
7474,7488.82,1.001,2,0,2475,751,0,0
7475,7489.86,1.044,2,0,2475,751,0,0
7476,7490.82,0.958,1,0,2475,751,0,0
7477,7491.82,0.997,2,0,2475,751,0,0
7478,7492.82,0.999,2,0,2476,751,1,0
7479,7493.82,1.0,2,0,2478,751,2,0
7480,7494.82,1.001,1,-1,2478,751,0,0
7481,7495.82,1.0,2,0,2478,751,0,0
7482,7496.84,1.02,2,0,2478,751,0,0
7483,7497.82,0.983,1,0,2478,751,0,0
7484,7498.82,0.998,2,0,2479,751,1,0
7485,7499.82,1.0,2,0,2481,751,2,0
7486,7500.85,1.032,1,0,2481,751,0,0
7487,7501.82,0.975,2,0,2481,751,0,0
7488,7502.82,0.995,2,0,2481,751,0,0
7489,7503.82,1.0,2,0,2481,751,0,0
7490,7504.82,0.999,1,0,2481,751,0,0
7491,7505.87,1.055,2,0,2482,749,1,-2
7492,7506.84,0.963,2,0,2482,749,0,0
7493,7507.82,0.984,1,0,2482,749,0,0
7494,7508.82,0.998,2,0,2482,749,0,0
7495,7509.82,0.999,2,0,2482,749,0,0
7496,7510.82,1.001,2,-1,2482,749,0,0
7497,7511.82,1.001,1,0,2484,749,2,0
7498,7512.87,1.049,2,0,2484,749,0,0
7499,7513.83,0.966,2,0,2484,749,0,0
7500,7514.88,1.051,1,0,2484,749,0,0
7501,7515.82,0.937,2,0,2484,749,0,0
7502,7516.82,0.997,2,0,2485,749,1,0
7503,7517.83,1.015,1,1,2487,749,2,0
7504,7518.82,0.986,2,0,2487,749,0,0
7505,7519.82,0.998,2,0,2487,749,0,0
7506,7520.82,0.999,2,0,2487,749,0,0
7507,7521.82,1.0,1,0,2487,749,0,0
7508,7522.82,1.0,2,0,2488,749,1,0
7509,7523.82,1.0,2,0,2490,749,2,0
7510,7524.82,1.001,1,0,2490,749,0,0
7511,7525.82,1.0,2,0,2490,749,0,0
7512,7526.82,1.0,2,0,2490,749,0,0
7513,7527.82,1.0,2,0,2490,749,0,0
7514,7528.82,1.0,1,0,2491,749,1,0
7515,7529.82,1.0,2,0,2493,749,2,0
7516,7530.84,1.021,2,0,2493,749,0,0
7517,7531.84,1.0,1,0,2493,749,0,0
7518,7532.82,0.982,2,0,2493,749,0,0
7519,7533.82,0.998,2,1,2493,749,0,0
7520,7534.82,1.0,1,0,2493,749,0,0
7521,7535.82,0.999,2,0,2494,749,1,0
7522,7536.82,1.0,2,0,2494,749,0,0
7523,7537.82,1.001,2,0,2494,749,0,0
7524,7538.84,1.022,1,0,2494,749,0,0
7525,7539.89,1.05,2,0,2494,749,0,0
7526,7540.82,0.935,2,0,2496,749,2,0
7527,7541.82,0.995,1,1,2497,749,1,0
7528,7542.82,0.999,2,0,2497,749,0,0
7529,7543.86,1.042,2,0,2497,749,0,0
7530,7544.82,0.958,1,0,2497,749,0,0
7531,7545.82,1.0,2,0,2497,749,0,0
7532,7546.82,1.0,2,0,2499,749,2,0
7533,7547.84,1.021,1,1,2500,749,1,0
7534,7548.82,0.982,2,0,2500,749,0,0
7535,7549.82,0.997,2,0,2500,749,0,0
7536,7550.82,1.0,2,0,2500,749,0,0
7537,7551.82,1.002,1,0,2500,749,0,0
7538,7552.84,1.02,2,1,2502,749,2,0
7539,7553.82,0.979,2,0,2503,749,1,0
7540,7554.82,0.999,1,0,2503,749,0,0
7541,7555.86,1.041,2,0,2503,749,0,0
7542,7556.83,0.975,2,0,2503,749,0,0
7543,7557.82,0.986,1,1,2503,749,0,0
7544,7558.82,0.998,2,0,2505,749,2,0
7545,7559.89,1.076,2,0,2506,749,1,0
7546,7560.82,0.928,1,0,2506,749,0,0
7547,7561.82,0.998,2,1,2506,749,0,0
7548,7562.82,0.999,2,0,2506,749,0,0
7549,7563.86,1.045,2,0,2506,749,0,0
7550,7564.82,0.959,1,0,2506,749,0,0
7551,7565.82,0.996,2,1,2508,749,2,0
7552,7566.82,1.0,2,0,2508,749,0,0
7553,7567.82,1.0,1,0,2508,749,0,0
7554,7568.82,1.003,2,1,2508,749,0,0
7555,7569.82,0.998,2,0,2508,749,0,0
7556,7570.82,1.001,1,0,2508,749,0,0
7557,7571.82,1.0,2,0,2509,749,1,0
7558,7572.82,1.0,2,1,2509,749,0,0
7559,7573.82,1.001,1,0,2509,749,0,0
7560,7574.82,0.998,2,0,2509,749,0,0
7561,7575.82,1.0,2,1,2509,749,0,0
7562,7576.82,1.0,1,0,2511,749,2,0
7563,7577.82,1.001,2,0,2512,749,1,0
7564,7578.84,1.019,2,1,2512,749,0,0
7565,7579.82,0.983,1,0,2512,749,0,0
7566,7580.84,1.019,2,0,2512,749,0,0
7567,7581.82,0.979,2,1,2512,749,0,0
7568,7582.82,0.997,1,0,2514,749,2,0
7569,7583.82,0.999,2,1,2515,750,1,1
7570,7584.82,1.0,2,0,2515,750,0,0
7571,7585.84,1.02,1,0,2515,750,0,0
7572,7586.82,0.983,2,1,2515,750,0,0
7573,7587.82,0.997,2,0,2515,750,0,0
7574,7588.86,1.043,1,0,2517,750,2,0
7575,7589.82,0.959,2,1,2518,752,1,2
7576,7590.82,0.998,2,0,2518,752,0,0
7577,7591.82,1.0,1,1,2518,752,0,0
7578,7592.82,0.999,2,0,2518,752,0,0
7579,7593.82,1.0,2,1,2518,752,0,0
7580,7594.84,1.02,1,0,2520,752,2,0
7581,7595.82,0.983,2,0,2521,752,1,0
7582,7596.82,0.998,2,1,2521,752,0,0
7583,7597.82,0.999,1,0,2521,752,0,0
7584,7598.82,1.0,2,1,2521,752,0,0
7585,7599.82,1.0,1,0,2521,752,0,0
7586,7600.82,1.0,2,1,2523,752,2,0
7587,7601.82,1.001,2,0,2524,752,1,0
7588,7602.82,1.002,1,1,2524,752,0,0
7589,7603.82,0.999,2,0,2524,752,0,0
7590,7604.82,1.0,2,0,2524,752,0,0
7591,7605.82,1.0,1,1,2524,752,0,0
7592,7606.87,1.055,2,0,2526,752,2,0
7593,7607.83,0.959,2,1,2527,753,1,1
7594,7608.82,0.988,1,0,2526,753,-1,0
7595,7609.9,1.085,2,1,2526,753,0,0
7596,7610.84,0.935,1,0,2526,753,0,0
7597,7611.82,0.981,2,1,2526,753,0,0
7598,7612.82,0.998,2,1,2526,753,0,0
7599,7613.84,1.019,1,0,2526,753,0,0
7600,7614.86,1.026,2,1,2527,755,1,2
7601,7615.82,0.957,2,0,2526,755,-1,0
7602,7616.82,0.997,1,1,2525,755,-1,0
7603,7617.82,1.0,2,0,2525,755,0,0
7604,7618.86,1.045,1,1,2523,755,-2,0
7605,7619.82,0.958,2,0,2524,755,1,0
7606,7620.82,0.998,2,1,2524,755,0,0
7607,7621.84,1.018,1,0,2526,756,2,1
7608,7622.82,0.986,2,1,2525,756,-1,0
7609,7623.82,0.996,1,1,2523,756,-2,0
7610,7624.84,1.024,2,0,2523,756,0,0
7611,7625.82,0.977,2,1,2523,756,0,0
7612,7626.82,0.997,1,0,2523,756,0,0
7613,7627.82,1.0,2,1,2524,756,1,0
7614,7628.82,1.0,1,0,2523,756,-1,0
7615,7629.82,1.0,2,1,2519,756,-4,0
7616,7630.84,1.023,2,1,2519,756,0,0
7617,7631.82,0.98,1,0,2520,756,1,0
7618,7632.82,0.998,2,1,2520,756,0,0
7619,7633.82,0.999,1,1,2519,758,-1,2
7620,7634.93,1.113,2,0,2520,759,1,1
7621,7635.82,0.891,2,1,2519,759,-1,0
7622,7636.82,0.997,1,0,2510,761,-9,2
7623,7637.82,1.0,2,1,2510,761,0,0
7624,7638.82,0.999,1,1,2510,761,0,0
7625,7639.82,1.001,2,0,2508,761,-2,0
7626,7640.82,0.999,1,1,2508,761,0,0
7627,7641.82,1.002,2,1,2509,762,1,1
7628,7642.83,1.015,2,0,2501,764,-8,2
7629,7643.82,0.985,1,1,2501,764,0,0
7630,7644.82,0.998,2,1,2498,764,-3,0
7631,7645.82,1.0,1,0,2498,764,0,0
7632,7646.82,1.0,2,1,2498,764,0,0
7633,7647.82,1.0,1,1,2499,764,1,0
7634,7648.82,1.0,2,1,2492,765,-7,1
7635,7649.82,1.0,1,0,2475,767,-17,2
7636,7650.82,1.001,2,1,2475,767,0,0
7637,7651.89,1.068,2,1,2476,767,1,0
7638,7652.84,0.95,1,0,2476,767,0,0
7639,7653.82,0.985,2,1,2471,768,-5,1
7640,7654.82,0.997,1,1,2472,768,1,0
7641,7655.85,1.036,2,1,2468,768,-4,0
7642,7656.82,0.967,1,0,2444,771,-24,3
7643,7657.88,1.056,2,1,2439,773,-5,2
7644,7658.83,0.956,1,1,2439,773,0,0
7645,7659.82,0.988,2,1,2439,773,0,0
7646,7660.82,0.997,1,0,2423,774,-16,1
7647,7661.82,0.999,2,1,2424,774,1,0
7648,7662.82,1.0,1,1,2418,776,-6,2
7649,7663.84,1.019,2,1,2412,776,-6,0
7650,7664.9,1.065,1,0,2412,776,0,0
7651,7665.82,0.919,2,1,2412,776,0,0
7652,7666.82,0.998,1,1,2409,776,-3,0
7653,7667.82,0.999,2,1,2409,776,0,0
7654,7668.82,1.0,1,1,2410,776,1,0
7655,7669.82,0.999,2,0,2382,779,-28,3
7656,7670.82,1.0,2,1,2376,780,-6,1
7657,7671.82,1.001,1,1,2376,780,0,0
7658,7672.82,0.999,2,1,2376,780,0,0
7659,7673.82,1.0,1,1,2360,782,-16,2
7660,7674.82,1.001,1,0,2361,783,1,1
7661,7675.82,1.0,2,1,2336,785,-25,2
7662,7676.83,1.016,1,1,2336,785,0,0
7663,7677.84,1.003,2,1,2333,785,-3,0
7664,7678.83,0.988,1,1,2334,785,1,0
7665,7679.82,0.995,2,1,2334,785,0,0
7666,7680.82,0.997,1,0,2313,786,-21,1
7667,7681.84,1.019,2,1,2314,786,1,0
7668,7682.82,0.986,1,1,2289,788,-25,2
7669,7683.82,0.997,2,1,2289,788,0,0
7670,7684.82,1.0,1,1,2289,788,0,0
7671,7685.82,0.999,2,1,2277,789,-12,1
7672,7686.84,1.019,1,1,2277,789,0,0
7673,7687.84,1.002,2,1,2277,789,0,0
7674,7688.82,0.983,1,0,2278,791,1,2
7675,7689.82,1.002,2,1,2271,791,-7,0
7676,7690.82,0.996,1,1,2232,792,-39,1
7677,7691.82,0.998,1,1,2232,792,0,0
7678,7692.82,1.0,2,1,2223,792,-9,0
7679,7693.85,1.03,1,1,2224,792,1,0
7680,7694.82,0.974,2,1,2224,792,0,0
7681,7695.82,0.997,1,1,2226,794,2,2
7682,7696.82,0.999,2,1,2192,794,-34,0
7683,7697.86,1.044,1,1,2169,794,-23,0
7684,7698.82,0.959,1,1,2169,794,0,0
7685,7699.82,0.998,2,0,2162,794,-7,0
7686,7700.82,0.998,1,1,2162,794,0,0
7687,7701.84,1.02,2,1,2163,795,1,1
7688,7702.83,0.991,1,1,2154,795,-9,0
7689,7703.84,1.011,2,1,2117,795,-37,0
7690,7704.83,0.997,1,1,2117,795,0,0
7691,7705.84,1.001,1,1,2118,795,1,0
7692,7706.82,0.989,2,1,2118,795,0,0
7693,7707.82,0.996,1,1,2109,795,-9,0
7694,7708.87,1.047,2,1,2110,797,1,2
7695,7709.83,0.965,1,1,2099,797,-11,0
7696,7710.82,0.987,1,1,2063,797,-36,0
7697,7711.84,1.015,2,1,2063,797,0,0
7698,7712.82,0.985,1,1,2064,797,1,0
7699,7713.84,1.016,2,1,2058,797,-6,0
7700,7714.83,0.99,1,1,2058,797,0,0
7701,7715.86,1.032,1,1,2059,798,1,1
7702,7716.82,0.961,2,1,2042,800,-17,2
7703,7717.82,0.998,1,1,2031,800,-11,0
7704,7718.84,1.02,1,1,2031,800,0,0
7705,7719.82,0.983,2,1,2031,800,0,0
7706,7720.82,0.998,1,1,2013,800,-18,0
7707,7721.82,0.999,1,1,2013,800,0,0
7708,7722.84,1.021,2,1,2014,801,1,1
7709,7723.84,1.0,1,1,1997,803,-17,2
7710,7724.82,0.983,1,1,1992,803,-5,0
7711,7725.82,0.997,2,1,1993,803,1,0
7712,7726.84,1.019,1,1,1993,803,0,0
7713,7727.82,0.984,2,2,1980,804,-13,1
7714,7728.82,0.998,1,1,1981,806,1,2
7715,7729.82,0.999,1,1,1965,807,-16,1
7716,7730.87,1.052,1,1,1961,807,-4,0
7717,7731.83,0.959,2,1,1961,807,0,0
7718,7732.82,0.993,1,1,1961,807,0,0
7719,7733.82,0.997,1,1,1961,807,0,0
7720,7734.82,1.0,2,1,1952,809,-9,2
7721,7735.86,1.04,1,1,1953,810,1,1
7722,7736.83,0.977,1,1,1943,812,-10,2
7723,7737.82,0.986,2,1,1940,812,-3,0
7724,7738.82,0.998,1,1,1940,812,0,0
7725,7739.84,1.021,1,2,1940,812,0,0
7726,7740.84,0.997,2,1,1937,813,-3,1
7727,7741.82,0.984,1,1,1937,813,0,0
7728,7742.82,0.999,1,1,1938,815,1,2
7729,7743.92,1.1,1,1,1929,816,-9,1
7730,7744.83,0.915,2,1,1926,816,-3,0
7731,7745.82,0.986,1,1,1926,816,0,0
7732,7746.82,0.998,1,1,1926,816,0,0
7733,7747.86,1.046,1,2,1922,819,-4,3
7734,7748.84,0.973,2,1,1922,819,0,0
7735,7749.82,0.987,1,1,1923,821,1,2
7736,7750.82,0.994,1,1,1920,822,-3,1
7737,7751.82,0.999,2,1,1919,822,-1,0
7738,7752.84,1.017,1,1,1919,822,0,0
7739,7753.82,0.986,1,2,1919,822,0,0
7740,7754.82,0.997,1,1,1917,824,-2,2
7741,7755.87,1.054,1,1,1918,825,1,1
7742,7756.82,0.95,2,1,1917,825,-1,0
7743,7757.82,0.997,1,1,1917,825,0,0
7744,7758.82,1.001,1,1,1917,825,0,0
7745,7760.01,1.194,1,2,1917,825,0,0
7746,7760.83,0.82,2,1,1917,825,0,0
7747,7761.84,1.004,1,1,1917,825,0,0
7748,7762.82,0.982,1,1,1918,827,1,2
7749,7763.83,1.013,1,1,1918,827,0,0
7750,7764.84,1.004,1,2,1918,827,0,0
7751,7765.82,0.982,2,1,1918,827,0,0
7752,7766.86,1.041,1,1,1918,827,0,0
7753,7767.83,0.971,1,1,1918,827,0,0
7754,7768.82,0.987,1,1,1920,828,2,1
7755,7769.82,1.0,1,2,1920,828,0,0
7756,7770.82,0.998,2,1,1920,828,0,0
7757,7771.82,1.0,1,1,1920,828,0,0
7758,7772.86,1.043,1,1,1920,828,0,0
7759,7773.82,0.96,1,2,1920,828,0,0
7760,7774.82,0.999,1,1,1920,828,0,0
7761,7775.82,1.0,1,1,1921,830,1,2
7762,7776.85,1.029,2,1,1921,830,0,0
7763,7777.82,0.975,1,2,1921,830,0,0
7764,7778.82,0.996,1,1,1921,830,0,0
7765,7779.82,1.0,1,1,1923,830,2,0
7766,7780.82,0.999,1,1,1923,830,0,0
7767,7781.84,1.021,1,2,1924,831,1,1
7768,7782.82,0.984,1,1,1924,831,0,0
7769,7783.82,0.996,2,1,1924,831,0,0
7770,7784.82,1.0,1,1,1924,831,0,0
7771,7785.82,1.0,1,2,1924,831,0,0
7772,7786.82,0.999,1,1,1926,831,2,0
7773,7787.82,1.0,1,1,1927,833,1,2
7774,7788.84,1.022,1,2,1927,833,0,0
7775,7789.84,1.0,1,1,1927,833,0,0
7776,7790.84,0.999,1,1,1927,833,0,0
7777,7791.82,0.983,1,2,1927,833,0,0
7778,7792.82,0.997,2,1,1927,833,0,0
7779,7793.82,1.0,1,1,1929,834,2,1
7780,7794.82,1.001,1,1,1929,834,0,0
7781,7795.84,1.02,1,2,1929,834,0,0
7782,7796.82,0.982,1,1,1929,834,0,0
7783,7797.82,0.998,1,1,1929,834,0,0
7784,7798.82,0.999,1,2,1929,836,0,2
7785,7799.82,1.0,1,1,1930,837,1,1
7786,7800.82,1.0,1,1,1930,837,0,0
7787,7801.82,0.999,1,2,1930,837,0,0
7788,7802.82,1.0,1,1,1930,837,0,0
7789,7803.82,1.0,1,1,1930,837,0,0
7790,7804.82,1.0,1,2,1930,837,0,0
7791,7805.85,1.034,1,1,1932,839,2,2
7792,7806.83,0.984,1,2,1932,839,0,0
7793,7807.82,0.988,1,1,1932,839,0,0
7794,7808.82,0.996,1,1,1932,839,0,0
7795,7809.84,1.018,1,2,1932,839,0,0
7796,7810.82,0.984,2,1,1932,839,0,0
7797,7811.89,1.068,1,1,1933,840,1,1
7798,7812.83,0.945,1,2,1933,840,0,0
7799,7813.82,0.987,1,1,1933,840,0,0
7800,7814.89,1.066,1,1,1933,840,0,0
7801,7815.82,0.934,1,2,1933,840,0,0
7802,7816.82,0.997,1,1,1933,842,0,2
7803,7817.86,1.043,1,2,1935,843,2,1
7804,7818.84,0.975,0,1,1935,843,0,0
7805,7819.82,0.987,1,1,1935,843,0,0
7806,7820.84,1.013,1,2,1935,843,0,0
7807,7821.82,0.983,1,1,1935,843,0,0
7808,7822.84,1.018,1,2,1935,845,0,2
7809,7823.86,1.019,1,1,1936,846,1,1
7810,7824.84,0.981,1,1,1936,846,0,0
7811,7825.82,0.983,1,2,1936,846,0,0
7812,7826.82,0.998,1,1,1936,846,0,0
7813,7827.84,1.018,1,2,1936,846,0,0
7814,7828.82,0.986,1,1,1936,846,0,0
7815,7829.84,1.014,1,2,1938,848,2,2
7816,7830.88,1.046,1,1,1938,848,0,0
7817,7831.82,0.938,1,1,1938,848,0,0
7818,7832.82,0.998,1,2,1938,848,0,0
7819,7833.82,0.999,1,1,1938,848,0,0
7820,7834.82,0.999,1,2,1938,849,0,1
7821,7835.84,1.021,1,1,1939,851,1,2
7822,7836.83,0.996,0,2,1939,851,0,0
7823,7837.82,0.986,1,1,1939,851,0,0
7824,7838.84,1.019,1,2,1939,851,0,0
7825,7839.82,0.981,1,1,1939,851,0,0
7826,7840.82,0.998,1,1,1939,851,0,0
7827,7841.82,0.999,1,2,1941,852,2,1
7828,7842.86,1.04,1,1,1941,852,0,0
7829,7843.82,0.963,1,2,1941,852,0,0
7830,7844.82,0.998,0,1,1941,852,0,0
7831,7845.82,0.999,1,2,1941,852,0,0
7832,7846.82,1.0,1,1,1941,852,0,0
7833,7847.84,1.021,1,2,1941,852,0,0
7834,7848.84,1.0,1,1,1942,854,1,2
7835,7849.84,1.003,1,2,1942,854,0,0
7836,7850.82,0.978,1,1,1942,854,0,0
7837,7851.82,0.998,0,2,1942,854,0,0
7838,7852.82,0.999,1,1,1942,855,0,1
7839,7853.82,1.0,1,2,1942,855,0,0
7840,7854.82,1.0,1,1,1944,857,2,2
7841,7855.82,1.0,1,2,1944,857,0,0
7842,7856.84,1.021,0,1,1944,857,0,0
7843,7857.82,0.983,1,2,1944,857,0,0
7844,7858.83,1.013,1,1,1944,858,0,1
7845,7859.82,0.986,1,2,1944,858,0,0
7846,7860.82,0.997,1,1,1945,860,1,2
7847,7861.84,1.017,0,2,1945,860,0,0
7848,7862.87,1.034,1,1,1945,860,0,0
7849,7863.83,0.963,1,2,1945,860,0,0
7850,7864.84,1.006,1,1,1945,861,0,1
7851,7865.83,0.997,1,2,1945,861,0,0
7852,7866.84,1.001,0,1,1947,863,2,2
7853,7867.86,1.027,1,2,1947,863,0,0
7854,7868.82,0.957,1,1,1947,863,0,0
7855,7869.82,1.0,1,2,1947,863,0,0
7856,7870.82,0.997,0,1,1947,864,0,1
7857,7871.82,1.0,1,2,1947,864,0,0
7858,7872.84,1.022,1,1,1947,866,0,2
7859,7873.84,0.999,1,2,1947,866,0,0
7860,7874.84,0.999,0,2,1947,866,0,0
7861,7875.83,0.997,1,1,1947,866,0,0
7862,7876.82,0.985,1,2,1947,867,0,1
7863,7877.82,0.998,0,1,1947,867,0,0
7864,7878.82,0.999,1,2,1948,869,1,2
7865,7879.82,1.0,1,1,1948,869,0,0
7866,7880.91,1.088,0,2,1948,869,0,0
7867,7881.84,0.932,1,1,1948,869,0,0
7868,7882.82,0.983,1,2,1948,870,0,1
7869,7883.82,0.998,1,2,1948,870,0,0
7870,7884.82,1.0,0,1,1950,872,2,2
7871,7885.82,1.0,1,2,1950,872,0,0
7872,7886.82,1.0,1,1,1950,872,0,0
7873,7887.82,1.0,0,2,1950,872,0,0
7874,7888.84,1.021,1,1,1950,872,0,0
7875,7889.84,1.0,1,2,1950,872,0,0
7876,7890.82,0.982,0,2,1951,873,1,1
7877,7891.82,0.998,1,1,1951,873,0,0
7878,7892.82,0.999,0,2,1951,873,0,0
7879,7893.82,1.0,1,1,1951,873,0,0
7880,7894.82,1.0,1,2,1951,873,0,0
7881,7895.82,1.0,0,1,1951,875,0,2
7882,7896.82,1.0,1,2,1953,876,2,1
7883,7897.82,0.999,1,2,1953,876,0,0
7884,7898.82,1.001,0,1,1953,876,0,0
7885,7899.82,1.0,1,2,1953,876,0,0
7886,7900.82,1.0,0,1,1953,876,0,0
7887,7901.86,1.045,1,2,1953,876,0,0
7888,7902.84,0.977,0,2,1954,878,1,2
7889,7903.82,0.983,1,1,1954,878,0,0
7890,7904.84,1.014,1,2,1954,878,0,0
7891,7905.82,0.985,0,1,1954,878,0,0
7892,7906.84,1.016,1,2,1954,878,0,0
7893,7907.82,0.983,0,2,1954,879,0,1
7894,7908.82,0.997,1,1,1956,881,2,2
7895,7909.82,1.0,0,2,1956,881,0,0
7896,7910.82,0.999,1,1,1956,881,0,0
7897,7911.82,1.0,1,2,1956,881,0,0
7898,7912.87,1.049,0,2,1956,881,0,0
7899,7913.83,0.967,1,1,1956,881,0,0
7900,7914.82,0.99,0,2,1957,882,1,1
7901,7915.84,1.013,1,2,1957,882,0,0
7902,7916.82,0.984,0,1,1957,882,0,0
7903,7917.82,0.998,1,2,1957,882,0,0
7904,7918.82,1.0,0,1,1957,882,0,0
7905,7919.86,1.039,1,2,1957,884,0,2
7906,7920.84,0.984,0,2,1957,885,0,1
7907,7921.84,0.998,1,1,1957,885,0,0
7908,7922.82,0.981,0,2,1957,885,0,0
7909,7923.82,0.998,1,2,1957,885,0,0
7910,7924.82,1.0,0,1,1957,885,0,0
7911,7925.82,1.0,1,2,1957,887,0,2
7912,7926.84,1.021,0,2,1959,888,2,1
7913,7927.82,0.982,0,1,1959,888,0,0
7914,7928.82,0.998,1,2,1959,888,0,0
7915,7929.82,1.0,0,1,1959,888,0,0
7916,7930.93,1.115,1,2,1959,888,0,0
7917,7931.83,0.893,0,2,1959,888,0,0
7918,7932.84,1.013,1,1,1960,890,1,2
7919,7933.82,0.983,0,2,1960,890,0,0
7920,7934.82,0.997,1,2,1960,890,0,0
7921,7935.82,0.999,0,1,1960,890,0,0
7922,7936.82,1.0,0,2,1960,890,0,0
7923,7937.82,1.0,1,2,1960,891,0,1
7924,7938.82,1.0,0,1,1962,893,2,2
7925,7939.82,1.0,1,2,1962,893,0,0
7926,7940.82,1.0,0,2,1962,893,0,0
7927,7941.82,1.0,0,1,1962,893,0,0
7928,7942.82,1.0,1,2,1962,893,0,0
7929,7943.88,1.064,0,2,1962,894,0,1
7930,7944.82,0.942,0,1,1963,896,1,2
7931,7945.82,0.995,1,2,1963,896,0,0
7932,7946.82,0.999,0,2,1963,896,0,0
7933,7947.86,1.046,1,1,1963,896,0,0
7934,7948.84,0.973,0,2,1963,896,0,0
7935,7949.82,0.986,0,2,1963,897,0,1
7936,7950.84,1.014,1,1,1963,899,0,2
7937,7951.82,0.984,0,2,1963,899,0,0
7938,7952.83,1.014,0,2,1963,899,0,0
7939,7953.82,0.986,1,1,1963,899,0,0
7940,7954.82,0.998,0,2,1963,899,0,0
7941,7955.94,1.119,0,2,1963,900,0,1
7942,7956.82,0.886,0,1,1963,902,0,2
7943,7957.84,1.014,1,2,1963,902,0,0
7944,7958.82,0.984,0,2,1963,902,0,0
7945,7959.82,0.998,0,1,1963,902,0,0
7946,7960.86,1.043,1,2,1963,902,0,0
7947,7961.82,0.959,0,2,1963,903,0,1
7948,7962.82,0.998,0,1,1963,903,0,0
7949,7963.87,1.051,0,2,1963,905,0,2
7950,7964.89,1.017,1,2,1963,905,0,0
7951,7965.82,0.935,0,1,1963,905,0,0
7952,7966.82,0.997,0,2,1963,905,0,0
7953,7967.82,0.999,0,2,1963,906,0,1
7954,7968.82,1.0,1,2,1963,906,0,0
7955,7969.82,1.001,0,1,1963,908,0,2
7956,7970.87,1.049,0,2,1963,908,0,0
7957,7971.83,0.966,0,2,1963,908,0,0
7958,7972.87,1.039,1,1,1963,908,0,0
7959,7973.82,0.953,0,2,1963,909,0,1
7960,7974.84,1.012,0,2,1963,909,0,0
7961,7975.82,0.983,0,1,1965,911,2,2
7962,7976.82,0.998,0,2,1965,911,0,0
7963,7977.82,1.0,1,2,1965,911,0,0
7964,7978.82,1.0,0,1,1965,911,0,0
7965,7979.82,1.0,0,2,1965,912,0,1
7966,7980.82,1.0,0,2,1965,912,0,0
7967,7981.86,1.044,0,2,1965,914,0,2
7968,7982.83,0.972,1,1,1965,914,0,0
7969,7983.84,1.002,0,2,1965,914,0,0
7970,7984.82,0.984,0,2,1965,914,0,0
7971,7985.82,0.998,0,1,1965,915,0,1
7972,7986.84,1.019,0,2,1965,915,0,0
7973,7987.82,0.984,0,2,1965,917,0,2
7974,7988.82,0.997,0,1,1965,917,0,0
7975,7989.83,1.016,1,2,1965,917,0,0
7976,7990.84,1.004,0,2,1965,917,0,0
7977,7991.82,0.982,0,2,1965,917,0,0
7978,7992.82,0.998,0,1,1965,917,0,0
7979,7993.82,0.999,0,2,1966,918,1,1
7980,7994.82,1.001,0,2,1966,918,0,0
7981,7995.82,1.0,0,1,1966,918,0,0
7982,7996.82,1.0,0,2,1966,918,0,0
7983,7997.84,1.019,0,2,1966,918,0,0
7984,7998.82,0.984,1,1,1966,918,0,0
7985,7999.84,1.018,0,2,1966,920,0,2
7986,8000.82,0.982,0,2,1966,920,0,0
7987,8001.82,0.998,0,2,1966,920,0,0
7988,8002.82,0.999,0,1,1966,920,0,0
7989,8003.82,1.0,0,2,1966,921,0,1
7990,8004.82,1.001,0,2,1966,921,0,0
7991,8005.86,1.04,0,1,1966,923,0,2
7992,8006.83,0.968,0,2,1966,923,0,0
7993,8007.82,0.993,0,2,1966,923,0,0
7994,8008.82,0.999,0,1,1966,923,0,0
7995,8009.82,1.0,0,2,1966,924,0,1
7996,8010.82,0.999,0,2,1966,924,0,0
7997,8011.82,1.001,0,2,1966,926,0,2
7998,8012.82,1.001,0,1,1966,926,0,0
7999,8013.84,1.019,0,2,1966,926,0,0
8000,8014.89,1.049,0,2,1966,926,0,0
8001,8015.83,0.945,0,1,1966,927,0,1
8002,8016.82,0.988,0,2,1966,927,0,0
8003,8017.82,0.999,0,2,1966,929,0,2
8004,8018.82,0.999,0,1,1966,929,0,0
8005,8019.82,1.0,0,2,1966,929,0,0
8006,8020.82,1.0,0,2,1966,929,0,0
8007,8021.85,1.032,0,2,1966,929,0,0
8008,8022.82,0.968,0,1,1966,929,0,0
8009,8023.82,0.999,0,2,1966,930,0,1
8010,8024.82,1.0,0,2,1966,930,0,0
8011,8025.82,1.0,0,1,1966,930,0,0
8012,8026.86,1.043,0,2,1966,930,0,0
8013,8027.82,0.959,0,2,1966,930,0,0
8014,8028.82,0.998,0,2,1966,930,0,0
8015,8029.82,1.0,-1,1,1966,932,0,2
8016,8030.82,1.0,0,2,1966,932,0,0
8017,8031.84,1.02,0,2,1966,932,0,0
8018,8032.82,0.982,0,1,1966,932,0,0
8019,8033.82,0.997,0,2,1966,933,0,1
8020,8034.82,1.0,0,2,1966,933,0,0
8021,8035.82,1.0,0,1,1966,935,0,2
8022,8036.82,1.0,0,2,1966,935,0,0
8023,8037.82,1.0,0,2,1966,935,0,0
8024,8038.84,1.019,-1,2,1966,935,0,0
8025,8039.83,0.993,0,1,1966,936,0,1
8026,8040.84,1.006,0,2,1966,936,0,0
8027,8041.82,0.985,0,2,1966,938,0,2
8028,8042.82,0.998,0,1,1966,938,0,0
8029,8043.82,0.999,0,2,1966,938,0,0
8030,8044.82,1.0,0,2,1966,938,0,0
8031,8045.82,1.0,-1,1,1966,939,0,1
8032,8046.87,1.052,0,2,1966,939,0,0
8033,8047.83,0.965,0,2,1966,941,0,2
8034,8048.82,0.985,0,2,1966,941,0,0
8035,8049.82,0.998,0,1,1966,941,0,0
8036,8050.82,1.0,-1,2,1966,941,0,0
8037,8051.82,0.999,0,2,1966,941,0,0
8038,8052.82,1.0,0,1,1966,941,0,0
8039,8053.82,1.0,0,2,1966,942,0,1
8040,8054.84,1.024,0,2,1966,942,0,0
8041,8055.82,0.98,-1,1,1966,942,0,0
8042,8056.82,0.996,0,2,1966,942,0,0
8043,8057.82,1.0,0,2,1966,942,0,0
8044,8058.82,0.999,0,1,1966,944,0,2
8045,8059.82,1.001,-1,2,1966,945,0,1
8046,8060.82,0.999,0,2,1966,945,0,0
8047,8061.82,1.001,0,1,1966,945,0,0
8048,8062.86,1.043,0,2,1966,945,0,0
8049,8063.82,0.959,-1,2,1966,945,0,0
8050,8064.82,0.998,0,2,1966,947,0,2
8051,8065.88,1.064,0,1,1966,948,0,1
8052,8066.83,0.95,0,2,1966,948,0,0
8053,8067.82,0.988,-1,2,1966,948,0,0
8054,8068.86,1.041,0,1,1966,948,0,0
8055,8069.82,0.96,0,2,1966,948,0,0
8056,8070.82,0.998,-1,2,1966,950,0,2
8057,8071.82,0.999,0,1,1966,951,0,1
8058,8072.89,1.069,0,2,1966,951,0,0
8059,8073.82,0.935,0,2,1966,951,0,0
8060,8074.82,0.997,-1,1,1966,951,0,0
8061,8075.82,0.999,0,2,1966,951,0,0
8062,8076.86,1.041,0,2,1966,953,0,2
8063,8077.84,0.978,-1,1,1966,954,0,1
8064,8078.83,0.997,0,2,1966,954,0,0
8065,8079.82,0.986,0,2,1966,954,0,0
8066,8080.82,0.998,-1,1,1966,954,0,0
8067,8081.84,1.02,0,2,1966,954,0,0
8068,8082.82,0.982,-1,2,1966,956,0,2
8069,8083.82,0.997,0,1,1966,957,0,1
8070,8084.82,0.999,0,2,1966,957,0,0
8071,8085.82,1.0,-1,2,1966,957,0,0
8072,8086.82,1.001,0,1,1966,957,0,0
8073,8087.82,1.0,0,2,1966,957,0,0
8074,8088.82,1.0,-1,2,1966,959,0,2
8075,8089.82,1.0,0,1,1966,960,0,1
8076,8090.83,1.017,-1,2,1966,960,0,0
8077,8091.82,0.986,0,2,1966,960,0,0
8078,8092.82,0.999,0,1,1966,960,0,0
8079,8093.86,1.042,-1,2,1966,960,0,0
8080,8094.82,0.959,0,2,1966,962,0,2
8081,8095.82,0.998,-1,1,1966,963,0,1
8082,8096.82,0.999,0,2,1966,963,0,0
8083,8097.84,1.02,-1,1,1966,963,0,0
8084,8098.82,0.983,0,2,1966,963,0,0
8085,8099.82,0.999,-1,2,1966,963,0,0
8086,8100.82,0.999,0,1,1966,965,0,2
8087,8101.84,1.022,0,2,1965,966,-1,1
8088,8102.83,0.994,-1,2,1965,966,0,0
8089,8103.82,0.986,0,1,1965,966,0,0
8090,8104.82,0.998,-1,2,1965,966,0,0
8091,8105.82,1.0,0,2,1965,966,0,0
8092,8106.82,1.0,-1,1,1965,968,0,2
8093,8107.82,1.001,0,2,1965,969,0,1
8094,8108.82,1.0,-1,1,1965,969,0,0
8095,8109.84,1.021,0,2,1965,969,0,0
8096,8110.82,0.983,-1,2,1965,969,0,0
8097,8111.82,0.998,0,1,1965,969,0,0
8098,8112.82,0.999,-1,2,1965,971,0,2
8099,8113.82,1.0,0,2,1964,972,-1,1
8100,8114.92,1.102,-1,1,1964,972,0,0
8101,8115.82,0.903,0,2,1964,972,0,0
8102,8116.87,1.046,-1,1,1964,972,0,0
8103,8117.83,0.965,-1,2,1964,972,0,0
8104,8118.84,1.006,0,2,1964,972,0,0
8105,8119.82,0.986,-1,1,1962,974,-2,2
8106,8120.84,1.012,0,2,1962,974,0,0
8107,8121.82,0.984,-1,2,1962,974,0,0
8108,8122.9,1.081,0,1,1962,974,0,0
8109,8123.84,0.933,-1,2,1962,974,0,0
8110,8124.82,0.985,-1,1,1962,974,0,0
8111,8125.84,1.017,0,2,1961,975,-1,1
8112,8126.82,0.984,-1,2,1961,975,0,0
8113,8127.82,0.997,0,1,1961,975,0,0
8114,8128.82,1.0,-1,2,1961,975,0,0
8115,8129.82,1.0,0,1,1961,975,0,0
8116,8130.84,1.021,-1,2,1961,977,0,2
8117,8131.84,1.001,-1,2,1959,978,-2,1
8118,8132.84,1.0,0,1,1959,978,0,0
8119,8133.82,0.982,-1,2,1959,978,0,0
8120,8134.82,0.997,-1,1,1959,978,0,0
8121,8135.82,0.999,0,2,1959,978,0,0
8122,8136.82,1.0,-1,1,1959,978,0,0
8123,8137.82,1.0,0,2,1959,980,0,2
8124,8138.84,1.021,-1,2,1959,980,0,0
8125,8139.82,0.984,-1,1,1959,980,0,0
8126,8140.84,1.013,0,2,1959,980,0,0
8127,8141.82,0.985,-1,1,1959,980,0,0
8128,8142.82,0.997,-1,2,1959,981,0,1
8129,8143.86,1.044,0,1,1959,981,0,0
8130,8144.82,0.959,-1,2,1958,983,-1,2
8131,8145.82,0.997,-1,2,1958,983,0,0
8132,8146.82,0.999,-1,1,1958,983,0,0
8133,8147.82,1.0,0,2,1958,983,0,0
8134,8148.82,1.0,-1,1,1958,983,0,0
8135,8149.82,1.0,-1,2,1958,983,0,0
8136,8150.82,0.999,0,1,1956,984,-2,1
8137,8151.87,1.054,-1,2,1956,984,0,0
8138,8152.85,0.983,-1,1,1956,984,0,0
8139,8153.84,0.984,0,2,1956,984,0,0
8140,8154.82,0.983,-1,1,1956,986,0,2
8141,8155.82,0.997,-1,2,1956,986,0,0
8142,8156.84,1.021,-1,2,1955,987,-1,1
8143,8157.83,0.995,0,1,1955,987,0,0
8144,8158.82,0.986,-1,2,1955,987,0,0
8145,8159.82,0.998,-1,1,1955,987,0,0
8146,8160.82,0.999,-1,2,1955,989,0,2
8147,8161.84,1.018,0,1,1955,989,0,0
8148,8162.82,0.984,-1,2,1953,990,-2,1
8149,8163.84,1.016,-1,1,1953,990,0,0
8150,8164.82,0.984,-1,2,1953,990,0,0
8151,8165.82,0.998,-1,1,1953,990,0,0
8152,8166.82,1.0,0,2,1953,990,0,0
8153,8167.87,1.047,-1,1,1953,990,0,0
8154,8168.84,0.973,-1,2,1953,992,0,2
8155,8169.82,0.983,-1,1,1953,992,0,0
8156,8170.82,0.997,-1,2,1953,992,0,0
8157,8171.86,1.044,0,1,1953,992,0,0
8158,8172.82,0.959,-1,2,1953,992,0,0
8159,8173.9,1.08,-1,1,1953,992,0,0
8160,8174.84,0.935,-1,2,1952,993,-1,1
8161,8175.82,0.985,-1,1,1952,993,0,0
8162,8176.82,0.997,0,2,1952,993,0,0
8163,8177.84,1.021,-1,1,1952,993,0,0
8164,8178.82,0.982,-1,2,1952,993,0,0
8165,8179.82,0.998,-1,1,1952,993,0,0
8166,8180.84,1.018,-1,2,1950,995,-2,2
8167,8181.82,0.983,-1,1,1950,995,0,0
8168,8182.82,0.998,-1,2,1950,995,0,0
8169,8183.82,0.999,0,1,1950,995,0,0
8170,8184.82,1.0,-1,2,1950,995,0,0
8171,8185.82,1.0,-1,1,1950,995,0,0
8172,8186.82,1.0,-1,2,1949,996,-1,1
8173,8187.84,1.021,-1,1,1949,996,0,0
8174,8188.82,0.982,-1,1,1949,996,0,0
8175,8189.82,0.998,-1,2,1949,996,0,0
8176,8190.82,1.0,-1,1,1949,996,0,0
8177,8191.82,1.0,0,2,1949,996,0,0
8178,8192.82,1.0,-1,1,1947,998,-2,2
8179,8193.83,1.016,-1,2,1947,998,0,0
8180,8194.82,0.987,-1,1,1947,998,0,0
8181,8195.82,0.998,-1,2,1947,998,0,0
8182,8196.82,1.0,-1,1,1947,998,0,0
8183,8197.82,0.999,-1,1,1947,998,0,0
8184,8198.84,1.02,-1,2,1946,999,-1,1
8185,8199.82,0.984,-1,1,1946,999,0,0
8186,8200.82,0.997,-1,2,1946,999,0,0
8187,8201.82,0.999,-1,1,1946,999,0,0
8188,8202.84,1.021,-1,1,1946,999,0,0
8189,8203.83,0.996,-1,2,1946,1001,0,2
8190,8204.83,1.0,-1,1,1944,1002,-2,1
8191,8205.83,0.998,-1,2,1944,1002,0,0
8192,8206.82,0.987,-1,1,1944,1002,0,0
8193,8207.82,0.998,-1,2,1944,1002,0,0
8194,8208.82,1.0,-1,1,1944,1002,0,0
8195,8209.82,1.0,0,1,1944,1002,0,0
8196,8210.82,0.999,-1,2,1943,1004,-1,2
8197,8211.84,1.018,-1,1,1943,1004,0,0
8198,8212.82,0.984,-1,1,1943,1004,0,0
8199,8213.82,0.998,-1,2,1943,1004,0,0
8200,8214.82,0.999,-1,1,1943,1004,0,0
8201,8215.82,1.0,-1,2,1943,1005,0,1
8202,8216.82,1.0,-1,1,1941,1007,-2,2
8203,8217.82,1.0,-2,1,1941,1007,0,0
8204,8218.9,1.083,-1,2,1941,1007,0,0
8205,8219.84,0.937,-1,1,1941,1007,0,0
8206,8220.82,0.983,-1,1,1941,1007,0,0
8207,8221.84,1.016,-1,2,1941,1007,0,0
8208,8222.85,1.01,-1,1,1940,1008,-1,1
8209,8223.82,0.974,-1,1,1940,1008,0,0
8210,8224.85,1.033,-1,2,1940,1008,0,0
8211,8225.83,0.979,-1,1,1940,1008,0,0
8212,8226.9,1.062,-1,2,1940,1008,0,0
8213,8227.82,0.928,-1,1,1938,1008,-2,0
8214,8228.83,1.01,-1,1,1937,1010,-1,2
8215,8229.82,0.987,-1,1,1937,1010,0,0
8216,8230.82,0.998,-1,2,1937,1010,0,0
8217,8231.82,0.999,-1,1,1937,1010,0,0
8218,8232.82,1.001,-1,1,1937,1010,0,0
8219,8233.84,1.02,-1,2,1937,1010,0,0
8220,8234.82,0.982,-1,1,1935,1011,-2,1
8221,8235.84,1.018,-2,1,1935,1011,0,0
8222,8236.82,0.982,-1,2,1935,1011,0,0
8223,8237.82,0.998,-1,1,1935,1011,0,0
8224,8238.82,0.999,-1,1,1935,1011,0,0
8225,8239.84,1.021,-1,2,1935,1011,0,0
8226,8240.82,0.982,-1,1,1934,1013,-1,2
8227,8241.82,0.999,-1,1,1934,1013,0,0
8228,8242.82,0.998,-1,1,1934,1013,0,0
8229,8243.82,1.0,-1,2,1934,1013,0,0
8230,8244.82,1.0,-2,1,1934,1013,0,0
8231,8245.82,1.0,-1,1,1934,1014,0,1
8232,8246.82,1.0,-1,2,1932,1016,-2,2
8233,8247.84,1.023,-1,1,1932,1016,0,0
8234,8248.84,0.998,-1,1,1932,1016,0,0
8235,8249.82,0.983,-1,1,1932,1016,0,0
8236,8250.82,0.997,-1,2,1932,1016,0,0
8237,8251.82,0.999,-2,1,1932,1016,0,0
8238,8252.82,1.0,-1,1,1931,1017,-1,1
8239,8253.84,1.018,-1,1,1931,1017,0,0
8240,8254.82,0.986,-1,2,1931,1017,0,0
8241,8255.82,0.997,-1,1,1931,1017,0,0
8242,8256.82,1.005,-1,1,1931,1017,0,0
8243,8257.82,0.996,-2,1,1931,1017,0,0
8244,8258.82,0.999,-1,2,1929,1019,-2,2
8245,8259.82,1.001,-1,1,1929,1019,0,0
8246,8260.82,1.003,-1,1,1929,1019,0,0
8247,8261.82,0.998,-1,1,1929,1019,0,0
8248,8262.82,0.999,-2,1,1929,1019,0,0
8249,8263.82,1.001,-1,2,1929,1020,0,1
8250,8264.89,1.066,-1,1,1929,1020,0,0
8251,8265.83,0.948,-1,1,1928,1022,-1,2
8252,8266.82,0.986,-1,1,1928,1022,0,0
8253,8267.82,0.998,-2,1,1928,1022,0,0
8254,8268.82,1.0,-1,2,1928,1022,0,0
8255,8269.82,1.001,-1,1,1928,1022,0,0
8256,8270.87,1.049,-1,1,1928,1022,0,0
8257,8271.83,0.964,-2,1,1926,1023,-2,1
8258,8272.82,0.987,-1,1,1926,1023,0,0
8259,8273.82,0.998,-1,1,1926,1023,0,0
8260,8274.83,1.017,-1,2,1926,1023,0,0
8261,8275.84,1.001,-1,1,1926,1023,0,0
8262,8276.96,1.124,-2,1,1926,1023,0,0
8263,8277.84,0.876,-1,1,1925,1025,-1,2
8264,8278.82,0.985,-1,1,1923,1025,-2,0
8265,8279.82,0.998,-2,1,1922,1025,-1,0
8266,8280.82,1.0,-1,2,1922,1025,0,0
8267,8281.84,1.02,-1,1,1919,1025,-3,0
8268,8282.84,0.996,-1,1,1919,1025,0,0
8269,8283.82,0.986,-2,1,1917,1026,-2,1
8270,8284.82,0.998,-1,1,1916,1026,-1,0
8271,8285.84,1.02,-1,1,1913,1025,-3,-1
8272,8286.84,0.999,-1,1,1913,1025,0,0
8273,8287.82,0.983,-2,1,1913,1025,0,0
8274,8288.82,0.998,-1,1,1913,1025,0,0
8275,8289.82,0.999,-1,2,1911,1025,-2,0
8276,8290.83,1.017,-2,1,1910,1026,-1,1
8277,8291.82,0.986,-1,1,1907,1026,-3,0
8278,8292.82,0.998,-1,1,1895,1025,-12,-1
8279,8293.82,1.0,-2,1,1895,1025,0,0
8280,8294.82,1.0,-1,1,1895,1025,0,0
8281,8295.84,1.02,-1,1,1890,1025,-5,0
8282,8296.84,0.998,-2,1,1890,1025,0,0
8283,8297.84,1.005,-1,1,1889,1026,-1,1
8284,8298.84,0.997,-1,1,1871,1025,-18,-1
8285,8299.83,0.997,-1,1,1866,1025,-5,0
8286,8300.82,0.986,-2,1,1862,1025,-4,0
8287,8301.82,0.998,-1,2,1862,1025,0,0
8288,8302.84,1.02,-2,1,1839,1024,-23,-1
8289,8303.82,0.983,-1,1,1839,1024,0,0
8290,8304.82,0.997,-1,1,1838,1025,-1,1
8291,8305.84,1.019,-2,1,1832,1025,-6,0
8292,8306.82,0.983,-1,1,1827,1025,-5,0
8293,8307.82,0.999,-1,1,1818,1025,-9,0
8294,8308.82,0.998,-2,1,1818,1025,0,0
8295,8309.82,1.001,-1,1,1818,1025,0,0
8296,8310.82,1.0,-1,1,1818,1025,0,0
8297,8311.84,1.021,-2,1,1785,1024,-33,-1
8298,8312.82,0.982,-1,1,1778,1024,-7,0
8299,8313.82,0.998,-1,1,1778,1024,0,0
8300,8314.82,0.999,-2,1,1778,1024,0,0
8301,8315.82,1.0,-1,1,1778,1024,0,0
8302,8316.82,1.0,-2,1,1778,1024,0,0
8303,8317.82,1.0,-1,1,1776,1025,-2,1
8304,8318.84,1.021,-1,1,1766,1025,-10,0
8305,8319.84,0.997,-2,1,1757,1025,-9,0
8306,8320.84,1.0,-1,1,1757,1025,0,0
8307,8321.87,1.033,-2,1,1701,1021,-56,-4
8308,8322.84,0.971,-1,1,1701,1021,0,0
8309,8323.82,0.981,-1,1,1701,1021,0,0
8310,8324.82,0.998,-2,1,1700,1022,-1,1
8311,8325.84,1.019,-1,1,1692,1022,-8,0
8312,8327.08,1.242,-2,1,1626,1016,-66,-6
8313,8327.84,0.76,-1,0,1626,1016,0,0
8314,8328.82,0.982,-2,1,1625,1016,-1,0
8315,8329.83,1.014,-1,1,1625,1016,0,0
8316,8330.84,1.005,-1,1,1616,1015,-9,-1
8317,8331.84,0.999,-2,1,1614,1016,-2,1
8318,8332.84,0.998,-1,1,1604,1016,-10,0
8319,8333.82,0.984,-2,1,1548,1010,-56,-6
8320,8334.82,0.998,-1,1,1538,1010,-10,0
8321,8335.82,1.0,-2,1,1536,1010,-2,0
8322,8336.82,1.001,-1,1,1536,1010,0,0
8323,8337.82,0.999,-1,1,1506,1007,-30,-3
8324,8338.84,1.021,-2,1,1505,1008,-1,1
8325,8339.82,0.984,-1,0,1497,1007,-8,-1
8326,8340.82,1.0,-2,1,1487,1007,-10,0
8327,8341.84,1.014,-1,1,1487,1007,0,0
8328,8342.82,0.986,-2,1,1485,1007,-2,0
8329,8343.84,1.016,-1,1,1476,1006,-9,-1
8330,8344.84,1.0,-2,1,1476,1006,0,0
8331,8345.82,0.982,-1,1,1475,1007,-1,1
8332,8346.82,1.001,-2,1,1439,1004,-36,-3
8333,8347.82,0.997,-1,0,1424,1004,-15,0
8334,8348.84,1.02,-2,1,1422,1004,-2,0
8335,8349.82,0.983,-1,1,1422,1004,0,0
8336,8350.82,0.996,-2,1,1397,1001,-25,-3
8337,8351.82,1.0,-1,1,1397,1001,0,0
8338,8352.84,1.021,-2,1,1395,1002,-2,1
8339,8353.82,0.982,-1,0,1371,1001,-24,-1
8340,8354.82,0.997,-1,1,1362,1001,-9,0
8341,8355.82,0.999,-2,1,1361,1001,-1,0
8342,8356.83,1.017,-1,1,1361,1001,0,0
8343,8357.82,0.985,-2,1,1343,1000,-18,-1
8344,8358.84,1.018,-2,0,1341,1001,-2,1
8345,8359.82,0.982,-1,1,1323,1000,-18,-1
8346,8360.84,1.017,-2,1,1319,1000,-4,0
8347,8361.83,0.997,-1,1,1319,1000,0,0
8348,8362.82,0.986,-2,1,1319,1000,0,0
8349,8363.82,0.998,-1,0,1319,1000,0,0
8350,8364.82,0.999,-2,1,1307,998,-12,-2
8351,8365.82,1.0,-1,1,1305,998,-2,0
8352,8366.82,1.0,-2,1,1290,997,-15,-1
8353,8367.82,1.0,-1,0,1290,997,0,0
8354,8368.82,1.0,-2,1,1290,997,0,0
8355,8369.82,1.001,-1,1,1287,995,-3,-2
8356,8370.82,0.999,-2,1,1287,995,0,0
8357,8371.82,1.002,-1,0,1287,995,0,0
8358,8372.97,1.154,-2,1,1286,996,-1,1
8359,8373.83,0.861,-1,1,1283,996,-3,0
8360,8374.83,0.998,-2,1,1271,994,-12,-2
8361,8375.84,1.01,-1,0,1271,994,0,0
8362,8376.83,0.991,-2,1,1266,992,-5,-2
8363,8377.82,0.989,-2,1,1266,992,0,0
8364,8384.19,6.374,-1,0,1257,988,-9,-4
8365,8384.92,0.729,-2,1,1257,988,0,0
8366,8386.25,1.332,-1,1,1256,989,-1,1
8367,8387.23,0.98,-2,0,1256,989,0,0
8368,8388.23,0.998,-1,1,1256,989,0,0
8369,8389.23,0.998,-2,1,1256,989,0,0
8370,8390.27,1.037,-1,1,1256,989,0,0
8371,8391.25,0.985,-2,0,1256,989,0,0
8372,8392.23,0.982,-2,1,1256,989,0,0
8373,8393.23,0.997,-1,1,1254,989,-2,0
8374,8394.25,1.022,-2,0,1254,989,0,0
8375,8395.23,0.981,-1,1,1254,989,0,0
8376,8396.23,0.997,-2,0,1254,989,0,0
8377,8397.25,1.019,-1,1,1254,989,0,0
8378,8398.25,0.999,-2,1,1253,989,-1,0
8379,8399.25,1.003,-2,0,1251,989,-2,0
8380,8400.23,0.982,-1,1,1251,989,0,0
8381,8401.23,0.997,-2,1,1251,989,0,0
8382,8402.27,1.039,-1,0,1251,989,0,0
8383,8403.25,0.984,-2,1,1251,989,0,0
8384,8404.26,1.002,-2,0,1250,989,-1,0
8385,8405.24,0.98,-1,1,1248,989,-2,0
8386,8406.26,1.023,-2,1,1248,989,0,0
8387,8407.25,0.992,-1,0,1248,989,0,0
8388,8408.23,0.983,-2,1,1248,989,0,0
8389,8409.23,0.999,-2,0,1248,989,0,0
8390,8410.23,0.998,-1,1,1248,989,0,0
8391,8411.23,1.0,-2,1,1248,989,0,0
8392,8412.23,1.0,-1,0,1247,990,-1,1
8393,8413.23,1.0,-2,1,1247,990,0,0
8394,8414.25,1.021,-2,0,1247,990,0,0
8395,8415.25,0.998,-1,1,1247,990,0,0
8396,8416.23,0.984,-2,0,1245,990,-2,0
8397,8417.23,0.998,-1,1,1245,990,0,0
8398,8418.23,0.999,-2,0,1244,992,-1,2
8399,8419.25,1.021,-2,1,1244,992,0,0
8400,8420.31,1.06,-1,0,1244,992,0,0
8401,8421.23,0.923,-2,1,1244,992,0,0
8402,8422.3,1.07,-2,0,1244,992,0,0
8403,8423.25,0.946,-1,1,1244,992,0,0
8404,8424.24,0.986,-2,0,1242,992,-2,0
8405,8425.23,0.996,-1,1,1242,992,0,0
8406,8426.23,1.001,-2,0,1242,992,0,0
8407,8427.28,1.045,-2,1,1242,992,0,0
8408,8428.23,0.956,-1,0,1241,992,-1,0
8409,8429.23,0.998,-2,1,1241,992,0,0
8410,8430.25,1.021,-2,0,1239,993,-2,1
8411,8431.27,1.022,-1,1,1239,993,0,0
8412,8432.25,0.974,-2,0,1239,993,0,0
8413,8433.23,0.984,-2,1,1239,993,0,0
8414,8434.23,0.998,-1,0,1239,993,0,0
8415,8435.27,1.036,-2,1,1239,993,0,0
8416,8436.25,0.983,-1,0,1238,995,-1,2
8417,8437.24,0.986,-2,1,1238,995,0,0
8418,8438.25,1.015,-2,0,1238,995,0,0
8419,8439.23,0.983,-1,0,1238,995,0,0
8420,8440.23,0.998,-2,1,1238,995,0,0
8421,8441.23,0.999,-2,0,1238,995,0,0
8422,8442.23,1.0,-1,1,1236,996,-2,1
8423,8443.23,1.0,-2,0,1236,996,0,0
8424,8444.25,1.021,-2,0,1236,996,0,0
8425,8445.23,0.983,-1,1,1236,996,0,0
8426,8446.23,0.997,-2,0,1236,996,0,0
8427,8447.23,0.999,-2,1,1235,996,-1,0
8428,8448.25,1.022,-1,0,1233,998,-2,2
8429,8449.25,0.998,-2,0,1233,998,0,0
8430,8450.23,0.984,-2,1,1233,998,0,0
8431,8451.23,0.998,-1,0,1233,998,0,0
8432,8452.24,1.008,-2,0,1233,998,0,0
8433,8453.25,1.009,-2,1,1232,998,-1,0
8434,8454.25,1.001,-1,0,1230,998,-2,0
8435,8455.25,1.0,-2,1,1230,998,0,0
8436,8456.25,1.001,-2,0,1230,998,0,0
8437,8457.23,0.982,-1,0,1230,998,0,0
8438,8458.23,0.998,-2,1,1230,998,0,0
8439,8459.23,0.999,-2,0,1229,998,-1,0
8440,8460.23,1.0,-1,0,1227,998,-2,0
8441,8461.25,1.022,-2,0,1227,998,0,0
8442,8462.23,0.982,-2,1,1227,998,0,0
8443,8463.23,0.998,-1,0,1227,998,0,0
8444,8464.25,1.02,-2,0,1227,998,0,0
8445,8465.26,1.005,-2,1,1226,998,-1,0
8446,8466.25,0.992,-1,0,1224,999,-2,1
8447,8467.23,0.984,-2,0,1224,999,0,0
8448,8468.24,1.01,-2,1,1224,999,0,0
8449,8469.25,1.009,-1,0,1224,999,0,0
8450,8470.23,0.982,-2,0,1224,999,0,0
8451,8471.23,0.997,-2,0,1223,999,-1,0
8452,8472.25,1.019,-2,1,1221,999,-2,0
8453,8473.32,1.066,-1,0,1221,999,0,0
8454,8474.25,0.93,-2,0,1221,999,0,0
8455,8475.23,0.986,-2,0,1221,999,0,0
8456,8476.23,0.999,-1,1,1221,999,0,0
8457,8477.27,1.038,-2,0,1220,999,-1,0
8458,8478.25,0.979,-2,0,1218,999,-2,0
8459,8479.26,1.014,-1,0,1218,999,0,0
8460,8480.24,0.975,-2,0,1218,999,0,0
8461,8481.23,0.996,-2,1,1218,999,0,0
8462,8482.23,0.999,-1,0,1218,999,0,0
8463,8483.23,1.0,-2,0,1218,999,0,0
8464,8484.25,1.022,-2,0,1217,999,-1,0
8465,8485.33,1.078,-2,0,1217,999,0,0
8466,8486.25,0.922,-1,1,1217,999,0,0
8467,8487.23,0.981,-2,0,1217,999,0,0
8468,8488.23,0.997,-2,0,1217,999,0,0
8469,8489.23,1.0,-1,0,1217,999,0,0
8470,8490.25,1.021,-2,0,1215,999,-2,0
8471,8491.23,0.981,-2,0,1215,999,0,0
8472,8492.23,0.998,-1,1,1215,999,0,0
8473,8493.23,0.999,-2,0,1215,999,0,0
8474,8494.23,1.0,-2,0,1215,999,0,0
8475,8495.23,1.0,-1,0,1214,999,-1,0
8476,8496.23,1.0,-2,0,1212,999,-2,0
8477,8497.25,1.023,-2,0,1212,999,0,0
8478,8498.23,0.981,-2,0,1212,999,0,0
8479,8499.23,0.997,-1,0,1212,999,0,0
8480,8500.23,0.999,-2,1,1212,999,0,0
8481,8501.23,1.001,-2,0,1211,999,-1,0
8482,8502.23,1.0,-1,0,1209,999,-2,0
8483,8503.23,1.0,-2,0,1209,999,0,0
8484,8504.23,1.0,-2,0,1209,999,0,0
8485,8505.25,1.02,-1,0,1209,999,0,0
8486,8506.23,0.983,-2,0,1209,999,0,0
8487,8507.23,0.997,-2,0,1208,999,-1,0
8488,8508.23,1.0,-2,0,1206,999,-2,0
8489,8509.23,1.0,-1,0,1206,999,0,0
8490,8510.23,1.0,-2,0,1206,999,0,0
8491,8511.23,0.999,-2,0,1206,999,0,0
8492,8512.23,1.0,-1,0,1206,999,0,0
8493,8513.23,1.0,-2,0,1205,999,-1,0
8494,8514.25,1.021,-2,0,1203,999,-2,0
8495,8515.25,1.0,-2,0,1203,999,0,0
8496,8516.25,1.001,-1,0,1203,999,0,0
8497,8517.23,0.981,-2,0,1203,999,0,0
8498,8518.23,0.998,-2,0,1203,999,0,0
8499,8519.23,0.999,-1,0,1203,999,0,0
8500,8520.23,1.0,-2,0,1202,999,-1,0
8501,8521.23,1.0,-2,0,1202,999,0,0
8502,8522.23,1.0,-1,0,1202,999,0,0
8503,8523.33,1.097,-2,0,1202,999,0,0
8504,8524.25,0.919,-2,0,1202,999,0,0
8505,8525.25,1.006,-2,0,1200,999,-2,0
8506,8526.23,0.982,-1,0,1199,999,-1,0
8507,8527.23,0.997,-2,0,1199,999,0,0
8508,8528.25,1.019,-2,0,1199,999,0,0
8509,8529.25,1.003,-1,0,1199,999,0,0
8510,8530.25,0.996,-2,0,1199,999,0,0
8511,8531.33,1.085,-2,0,1197,999,-2,0
8512,8532.25,0.916,-2,0,1196,999,-1,0
8513,8533.23,0.985,-1,0,1196,999,0,0
8514,8534.23,0.997,-2,0,1196,999,0,0
8515,8535.23,1.001,-2,0,1196,999,0,0
8516,8536.28,1.052,-1,0,1196,999,0,0
8517,8537.25,0.961,-2,0,1194,999,-2,0
8518,8538.25,1.004,-2,0,1194,999,0,0
8519,8539.23,0.984,-1,-1,1193,999,-1,0
8520,8540.26,1.024,-2,0,1193,999,0,0
8521,8541.24,0.978,-2,0,1193,999,0,0
8522,8542.23,0.996,-2,0,1193,999,0,0
8523,8543.23,1.0,-1,0,1193,999,0,0
8524,8544.23,0.999,-2,0,1193,999,0,0
8525,8545.23,1.0,-2,0,1191,999,-2,0
8526,8546.23,1.0,-1,0,1191,999,0,0
8527,8547.25,1.021,-2,-1,1191,999,0,0
8528,8548.25,0.996,-2,0,1191,999,0,0
8529,8549.23,0.987,-1,0,1191,999,0,0
8530,8550.25,1.017,-2,0,1191,999,0,0
8531,8551.23,0.982,-2,0,1190,998,-1,-1
8532,8552.23,0.997,-1,0,1190,998,0,0
8533,8553.23,1.0,-2,-1,1190,998,0,0
8534,8554.23,0.999,-2,0,1190,998,0,0
8535,8555.23,1.0,-2,0,1188,998,-2,0
8536,8556.23,1.001,-1,0,1188,998,0,0
8537,8557.23,0.999,-2,0,1187,998,-1,0
8538,8558.23,1.0,-2,-1,1187,998,0,0
8539,8559.23,1.001,-1,0,1187,998,0,0
8540,8560.23,1.0,-2,0,1187,998,0,0
8541,8561.23,1.0,-2,0,1185,998,-2,0
8542,8562.25,1.022,-1,0,1185,998,0,0
8543,8563.23,0.983,-2,-1,1184,998,-1,0
8544,8564.23,0.997,-2,0,1184,998,0,0
8545,8565.23,0.999,-1,0,1184,998,0,0
8546,8566.23,1.0,-2,0,1184,998,0,0
8547,8567.23,1.0,-2,-1,1182,998,-2,0
8548,8568.23,1.0,-2,0,1182,998,0,0
8549,8569.23,1.0,-1,0,1181,998,-1,0
8550,8570.3,1.073,-2,0,1181,998,0,0
8551,8571.23,0.93,-2,-1,1181,998,0,0
8552,8572.23,0.997,-1,0,1181,998,0,0
8553,8573.31,1.079,-2,0,1179,998,-2,0
8554,8574.26,0.947,-2,-1,1179,998,0,0
8555,8575.24,0.983,-1,0,1178,998,-1,0
8556,8576.23,0.993,-2,0,1178,998,0,0
8557,8577.23,0.998,-2,-1,1178,998,0,0
8558,8578.23,1.0,-1,0,1178,998,0,0
8559,8579.23,1.0,-2,0,1176,998,-2,0
8560,8580.27,1.034,-2,0,1176,998,0,0
8561,8581.25,0.987,-1,-1,1175,998,-1,0
8562,8582.25,1.001,-2,0,1175,998,0,0
8563,8583.23,0.981,-2,0,1175,998,0,0
8564,8584.23,0.998,-1,-1,1175,998,0,0
8565,8585.23,0.999,-2,0,1173,998,-2,0
8566,8586.25,1.022,-2,-1,1173,998,0,0
8567,8587.23,0.982,-1,0,1172,998,-1,0
8568,8588.27,1.032,-2,0,1172,998,0,0
8569,8589.25,0.98,-2,-1,1172,998,0,0
8570,8590.25,1.005,-1,0,1172,998,0,0
8571,8591.23,0.982,-2,0,1170,998,-2,0
8572,8592.23,0.998,-2,-1,1170,998,0,0
8573,8593.23,0.999,-1,0,1169,998,-1,0
8574,8594.23,1.0,-2,-1,1169,998,0,0
8575,8595.23,1.0,-2,0,1169,998,0,0
8576,8596.23,1.001,-1,0,1169,998,0,0
8577,8597.25,1.02,-2,-1,1167,998,-2,0
8578,8598.23,0.982,-2,0,1167,998,0,0
8579,8599.23,0.998,-1,-1,1166,998,-1,0
8580,8600.23,1.001,-2,0,1166,998,0,0
8581,8601.23,0.999,-2,0,1166,998,0,0
8582,8602.23,1.0,-1,-1,1166,998,0,0
8583,8603.23,1.001,-2,0,1166,998,0,0
8584,8604.23,0.999,-2,-1,1164,998,-2,0
8585,8605.23,1.0,-1,0,1163,997,-1,-1
8586,8606.23,1.0,-2,-1,1163,997,0,0
8587,8607.23,1.0,-1,0,1163,997,0,0
8588,8608.23,1.0,-2,-1,1163,997,0,0
8589,8609.23,1.0,-2,0,1163,997,0,0
8590,8610.25,1.02,-1,-1,1161,997,-2,0
8591,8611.25,1.0,-2,0,1160,997,-1,0
8592,8612.23,0.983,-2,-1,1160,997,0,0
8593,8613.23,0.998,-1,0,1160,997,0,0
8594,8614.23,1.0,-2,-1,1160,997,0,0
8595,8615.23,0.999,-1,0,1160,997,0,0
8596,8616.25,1.019,-2,-1,1158,997,-2,0
8597,8617.23,0.984,-2,0,1157,995,-1,-2
8598,8618.23,0.997,-1,-1,1157,995,0,0
8599,8619.23,1.0,-2,0,1157,995,0,0
8600,8620.23,1.0,-2,-1,1157,995,0,0
8601,8621.23,1.0,-1,0,1157,995,0,0
8602,8622.25,1.019,-2,-1,1155,995,-2,0
8603,8623.25,1.003,-1,0,1154,994,-1,-1
8604,8624.3,1.043,-2,-1,1154,994,0,0
8605,8625.25,0.953,-2,0,1154,994,0,0
8606,8626.23,0.985,-1,-1,1154,994,0,0
8607,8627.23,0.998,-2,0,1154,994,0,0
8608,8628.23,1.0,-2,-1,1154,994,0,0
8609,8629.23,0.999,-1,-1,1152,992,-2,-2
8610,8630.25,1.02,-2,0,1152,992,0,0
8611,8631.23,0.983,-1,-1,1152,992,0,0
8612,8632.23,0.997,-2,0,1152,992,0,0
8613,8633.23,1.0,-2,-1,1152,992,0,0
8614,8634.23,1.0,-1,-1,1151,992,-1,0
8615,8635.23,1.0,-2,0,1149,991,-2,-1
8616,8636.23,1.0,-1,-1,1149,991,0,0
8617,8637.23,1.0,-2,0,1149,991,0,0
8618,8638.26,1.026,-1,-1,1149,991,0,0
8619,8639.25,0.99,-2,-1,1149,991,0,0
8620,8640.24,0.99,-2,0,1148,991,-1,0
8621,8641.25,1.015,-1,-1,1146,991,-2,0
8622,8642.23,0.982,-2,-1,1146,991,0,0
8623,8643.23,0.998,-1,0,1146,991,0,0
8624,8644.23,0.999,-2,-1,1146,991,0,0
8625,8645.23,1.0,-2,0,1146,991,0,0
8626,8646.23,1.0,-1,-1,1145,991,-1,0
8627,8647.23,1.0,-2,-1,1143,991,-2,0
8628,8648.23,1.0,-1,0,1143,991,0,0
8629,8649.23,1.0,-2,-1,1143,991,0,0
8630,8650.23,1.0,-1,-1,1143,991,0,0
8631,8651.23,1.0,-2,-1,1143,991,0,0
8632,8652.25,1.023,-1,0,1142,991,-1,0
8633,8653.28,1.023,-2,-1,1140,989,-2,-2
8634,8654.23,0.958,-2,-1,1140,989,0,0
8635,8655.25,1.016,-1,0,1140,989,0,0
8636,8656.25,1.0,-2,-1,1140,989,0,0
8637,8657.25,0.999,-1,-1,1140,989,0,0
8638,8658.23,0.984,-2,0,1140,989,0,0
8639,8659.23,0.998,-1,-1,1139,989,-1,0
8640,8660.23,1.0,-2,-1,1139,989,0,0
8641,8661.23,1.0,-1,-1,1139,989,0,0
8642,8662.23,1.0,-2,0,1139,989,0,0
8643,8663.23,1.0,-1,-1,1139,989,0,0
8644,8664.25,1.02,-2,-1,1137,989,-2,0
8645,8665.23,0.984,-2,-1,1136,988,-1,-1
8646,8666.23,0.998,-1,0,1136,988,0,0
8647,8667.23,0.999,-2,-1,1136,988,0,0
8648,8668.23,1.0,-1,-1,1136,988,0,0
8649,8669.23,1.0,-2,-1,1136,988,0,0
8650,8670.23,1.0,-1,0,1134,988,-2,0
8651,8671.23,1.0,-2,-1,1134,988,0,0
8652,8672.27,1.041,-1,-1,1133,986,-1,-2
8653,8673.23,0.962,-2,-1,1133,986,0,0
8654,8674.23,0.998,-1,-1,1133,986,0,0
8655,8675.23,1.001,-2,0,1133,986,0,0
8656,8676.23,0.999,-1,-1,1133,986,0,0
8657,8677.23,1.0,-2,-1,1133,986,0,0
8658,8678.29,1.059,-1,-1,1131,986,-2,0
8659,8679.25,0.956,-2,-1,1131,986,0,0
8660,8680.23,0.987,-1,0,1131,986,0,0
8661,8681.3,1.064,-2,-1,1131,986,0,0
8662,8682.27,0.97,-1,-1,1131,986,0,0
8663,8683.23,0.966,-2,-1,1131,986,0,0
8664,8684.23,0.999,-1,-1,1130,985,-1,-1
8665,8685.23,1.0,-2,-1,1130,985,0,0
8666,8686.23,1.0,-1,0,1130,985,0,0
8667,8687.23,1.0,-2,-1,1130,985,0,0
8668,8688.23,1.003,-1,-1,1130,985,0,0
8669,8689.27,1.036,-2,-1,1130,985,0,0
8670,8690.25,0.976,-1,-1,1128,983,-2,-2
8671,8691.23,0.987,-1,-1,1128,983,0,0
8672,8692.23,0.999,-2,-1,1128,983,0,0
8673,8693.23,1.0,-1,-1,1128,983,0,0
8674,8694.23,1.0,-2,0,1128,983,0,0
8675,8695.23,1.0,-1,-1,1128,983,0,0
8676,8696.23,1.0,-2,-1,1127,982,-1,-1
8677,8697.25,1.02,-1,-1,1127,982,0,0
8678,8698.25,1.0,-2,-1,1127,982,0,0
8679,8699.23,0.983,-1,-1,1127,982,0,0
8680,8700.23,0.999,-1,-1,1127,982,0,0
8681,8701.23,0.999,-2,-1,1127,982,0,0
8682,8702.23,1.001,-1,-1,1125,980,-2,-2
8683,8703.23,1.0,-2,-1,1125,980,0,0
8684,8704.23,1.0,-1,-1,1125,980,0,0
8685,8705.25,1.018,-2,-1,1125,980,0,0
8686,8706.29,1.041,-1,0,1125,980,0,0
8687,8707.24,0.945,-1,-1,1125,980,0,0
8688,8708.23,0.996,-2,-1,1124,979,-1,-1
8689,8709.25,1.019,-1,-1,1124,979,0,0
8690,8710.23,0.982,-2,-1,1124,979,0,0
8691,8711.23,0.997,-1,-1,1124,979,0,0
8692,8712.23,1.0,-1,-1,1122,979,-2,0
8693,8713.23,1.0,-2,-1,1122,979,0,0
8694,8714.25,1.019,-1,-1,1121,977,-1,-2
8695,8715.25,1.002,-2,-1,1121,977,0,0
8696,8716.23,0.982,-1,-1,1121,977,0,0
8697,8717.23,0.998,-1,-1,1121,977,0,0
8698,8718.29,1.054,-2,-1,1121,977,0,0
8699,8719.23,0.949,-1,-1,1121,977,0,0
8700,8720.3,1.062,-2,-1,1119,976,-2,-1
8701,8721.23,0.939,-1,-1,1119,976,0,0
8702,8722.23,0.997,-1,-1,1119,976,0,0
8703,8723.23,0.999,-2,-1,1119,976,0,0
8704,8724.23,1.0,-1,-1,1119,976,0,0
8705,8725.23,0.999,-1,-1,1118,976,-1,0
8706,8726.23,1.0,-2,-1,1116,974,-2,-2
8707,8727.23,1.001,-1,-1,1117,974,1,0
8708,8728.23,0.999,-2,-1,1119,974,2,0
8709,8729.23,1.002,-1,-1,1119,974,0,0
8710,8730.29,1.056,-1,-1,1120,974,1,0
8711,8731.25,0.959,-2,-1,1120,974,0,0
8712,8732.23,0.987,-1,-2,1120,974,0,0
8713,8733.28,1.043,-1,-1,1119,973,-1,-1
8714,8734.28,1.001,-2,-1,1120,973,1,0
8715,8735.23,0.957,-1,-1,1122,973,2,0
8716,8736.23,1.0,-1,-1,1122,973,0,0
8717,8737.25,1.016,-2,-1,1123,973,1,0
8718,8738.23,0.984,-1,-1,1123,973,0,0
8719,8739.25,1.017,-1,-1,1123,973,0,0
8720,8740.28,1.031,-1,-1,1122,971,-1,-2
8721,8741.25,0.964,-2,-1,1123,971,1,0
8722,8742.23,0.987,-1,-1,1126,971,3,0
8723,8743.23,0.999,-1,-1,1126,971,0,0
8724,8744.25,1.02,-2,-2,1129,971,3,0
8725,8745.23,0.983,-1,-1,1128,971,-1,0
8726,8746.23,0.998,-1,-1,1128,971,0,0
8727,8747.27,1.04,-2,-1,1127,970,-1,-1
8728,8748.23,0.962,-1,-1,1132,970,5,0
8729,8749.25,1.014,-1,-1,1140,970,8,0
8730,8750.23,0.986,-1,-1,1140,970,0,0
8731,8751.23,0.998,-2,-1,1140,968,0,-2
8732,8752.23,0.999,-1,-1,1147,968,7,0
8733,8753.23,1.0,-1,-2,1159,968,12,0
8734,8754.23,1.0,-1,-1,1164,968,5,0
8735,8755.25,1.022,-2,-1,1168,968,4,0
8736,8756.23,0.981,-1,-1,1168,968,0,0
8737,8757.23,0.998,-1,-1,1170,967,2,-1
8738,8758.23,1.0,-1,-1,1170,967,0,0
8739,8759.23,1.0,-2,-2,1177,968,7,1
8740,8760.23,1.0,-1,-1,1180,967,3,-1
8741,8761.23,1.0,-1,-1,1180,967,0,0
8742,8762.23,1.0,-1,-1,1186,967,6,0
8743,8763.23,1.001,-2,-1,1186,967,0,0
8744,8764.25,1.016,-1,-1,1191,967,5,0
8745,8765.25,1.006,-1,-2,1191,967,0,0
8746,8766.23,0.981,-1,-1,1203,968,12,1
8747,8767.23,0.998,-2,-1,1203,968,0,0
8748,8768.23,0.999,-1,-1,1209,968,6,0
8749,8769.23,1.0,-1,-1,1213,968,4,0
8750,8770.23,1.001,-1,-2,1213,968,0,0
8751,8771.23,0.999,-1,-1,1231,971,18,3
8752,8772.23,1.0,-2,-1,1231,971,0,0
8753,8773.3,1.067,-1,-1,1236,970,5,-1
8754,8774.23,0.937,-1,-1,1236,970,0,0
8755,8775.23,0.997,-1,-2,1254,972,18,2
8756,8776.23,0.999,-1,-1,1254,972,0,0
8757,8777.23,0.999,-1,-1,1261,971,7,-1
8758,8778.23,1.0,-2,-1,1264,971,3,0
8759,8779.23,1.0,-1,-2,1264,971,0,0
8760,8780.23,1.001,-1,-1,1264,971,0,0
8761,8781.29,1.054,-1,-1,1263,970,-1,-1
8762,8782.25,0.964,-1,-1,1263,970,0,0
8763,8783.23,0.983,-1,-2,1285,972,22,2
8764,8784.25,1.018,-2,-1,1285,972,0,0
8765,8785.23,0.981,-1,-1,1285,972,0,0
8766,8786.25,1.018,-1,-1,1284,972,-1,0
8767,8787.25,0.997,-1,-2,1284,972,0,0
8768,8788.23,0.985,-1,-1,1283,971,-1,-1
8769,8789.25,1.017,-1,-1,1288,972,5,1
8770,8790.25,1.0,-1,-2,1312,974,24,2
8771,8791.26,1.007,-2,-1,1312,974,0,0
8772,8792.23,0.977,-1,-1,1314,975,2,1
8773,8793.23,0.997,-1,-1,1314,975,0,0
8774,8794.25,1.019,-1,-2,1313,974,-1,-1
8775,8795.23,0.984,-1,-1,1357,978,44,4
8776,8796.25,1.018,-1,-1,1399,983,42,5
8777,8797.25,0.999,-1,-2,1399,983,0,0
8778,8798.27,1.024,-1,-1,1399,983,0,0
8779,8799.23,0.959,-1,-1,1399,983,0,0
8780,8800.23,0.997,-1,-2,1408,984,9,1
8781,8801.23,0.999,-2,-1,1407,983,-1,-1
8782,8802.23,1.0,-1,-1,1417,984,10,1
8783,8803.23,1.0,-1,-2,1456,989,39,5
8784,8804.23,1.001,-1,-1,1456,989,0,0
8785,8805.27,1.042,-1,-1,1456,989,0,0
8786,8806.23,0.96,-1,-1,1465,990,9,1
8787,8807.23,0.998,-1,-2,1465,990,0,0
8788,8808.23,0.999,-1,-1,1464,989,-1,-1
8789,8809.23,1.0,-1,-2,1498,993,34,4
8790,8810.23,1.001,-1,-1,1507,995,9,2
8791,8811.23,1.001,-1,-1,1507,995,0,0
8792,8812.25,1.019,-1,-2,1507,995,0,0
8793,8813.23,0.982,-1,-1,1509,995,2,0
8794,8814.23,0.998,-1,-1,1509,995,0,0
8795,8815.28,1.044,-1,-2,1508,994,-1,-1
8796,8816.23,0.959,-1,-1,1545,998,37,4
8797,8817.23,0.997,-1,-1,1552,999,7,1
8798,8818.23,0.999,-1,-2,1552,998,0,-1
8799,8819.23,1.0,-1,-1,1552,998,0,0
8800,8820.26,1.032,-1,-2,1572,1001,20,3
8801,8821.25,0.988,-1,-1,1571,1000,-1,-1
8802,8822.23,0.984,-1,-1,1588,1002,17,2
8803,8823.25,1.017,-1,-2,1588,1002,0,0
8804,8824.25,1.002,-1,-1,1599,1004,11,2
8805,8825.23,0.981,-1,-1,1599,1004,0,0
8806,8826.23,0.997,-1,-2,1599,1004,0,0
8807,8827.26,1.029,-1,-1,1617,1005,18,1
8808,8828.24,0.978,-1,-2,1616,1004,-1,-1
8809,8829.23,0.993,-1,-1,1633,1007,17,3
8810,8830.25,1.02,-1,-2,1638,1007,5,0
8811,8831.32,1.071,-1,-1,1638,1007,0,0
8812,8832.28,0.953,-1,-1,1638,1006,0,-1
8813,8833.23,0.958,-1,-2,1650,1008,12,2
8814,8838.47,5.233,-1,-1,1666,1008,16,0
8815,8838.53,0.064,-1,-2,1666,1008,0,0
8816,8840.51,1.977,-1,-1,1671,1008,5,0
8817,8841.92,1.411,-1,-1,1670,1007,-1,-1
8818,8842.61,0.695,0,-2,1683,1010,13,3
8819,8843.52,0.907,-1,-1,1683,1010,0,0
8820,8844.51,0.985,-1,-2,1684,1009,1,-1
8821,8845.5,0.998,-1,-1,1684,1009,0,0
8822,8846.5,0.999,-1,-2,1684,1009,0,0
8823,8847.52,1.02,-1,-1,1683,1007,-1,-2
8824,8848.53,1.003,-1,-2,1683,1007,0,0
8825,8849.6,1.072,-1,-1,1699,1010,16,3
8826,8850.52,0.926,-1,-1,1699,1010,0,0
8827,8851.51,0.982,-1,-2,1699,1010,0,0
8828,8852.5,0.997,0,-1,1699,1010,0,0
8829,8853.5,0.999,-1,-2,1701,1009,2,-1
8830,8854.5,1.0,-1,-1,1701,1007,0,-2
8831,8855.5,1.0,-1,-2,1702,1007,1,0
8832,8856.52,1.017,-1,-1,1705,1008,3,1
8833,8857.51,0.986,-1,-2,1707,1010,2,2
8834,8858.52,1.018,-1,-1,1707,1010,0,0
8835,8859.51,0.982,0,-2,1708,1010,1,0
8836,8860.5,0.997,-1,-1,1708,1010,0,0
8837,8861.5,1.0,-1,-2,1707,1009,-1,-1
8838,8862.5,1.0,-1,-1,1707,1009,0,0
8839,8863.52,1.02,-1,-2,1707,1009,0,0
8840,8864.51,0.984,-1,-1,1707,1009,0,0
8841,8865.53,1.019,0,-2,1707,1009,0,0
8842,8866.51,0.981,-1,-1,1707,1009,0,0
8843,8867.5,0.997,-1,-2,1706,1007,-1,-2
8844,8868.5,0.999,-1,-1,1706,1007,0,0
8845,8869.51,1.003,-1,-2,1706,1007,0,0
8846,8870.5,0.998,0,-1,1706,1007,0,0
8847,8871.53,1.03,-1,-2,1706,1006,0,-1
8848,8872.51,0.976,-1,-1,1706,1006,0,0
8849,8873.52,1.015,-1,-2,1706,1006,0,0
8850,8874.58,1.06,0,-1,1704,1004,-2,-2
8851,8875.52,0.936,-1,-2,1704,1004,0,0
8852,8876.51,0.986,-1,-1,1704,1004,0,0
8853,8877.5,0.998,-1,-2,1704,1004,0,0
8854,8878.5,1.0,-1,-1,1704,1003,0,-1
8855,8879.5,1.001,0,-2,1704,1003,0,0
8856,8880.52,1.019,-1,-1,1703,1001,-1,-2
8857,8881.65,1.129,-1,-2,1703,1001,0,0
8858,8882.56,0.91,0,-2,1703,1001,0,0
8859,8883.51,0.946,-1,-1,1703,1001,0,0
8860,8884.51,1.005,-1,-2,1703,1000,0,-1
8861,8885.52,1.007,-1,-1,1703,1000,0,0
8862,8886.51,0.985,0,-2,1701,998,-2,-2
8863,8887.5,0.998,-1,-1,1701,998,0,0
8864,8888.5,0.999,-1,-2,1701,998,0,0
8865,8889.52,1.016,0,-1,1701,998,0,0
8866,8890.53,1.006,-1,-2,1701,998,0,0
8867,8891.51,0.981,-1,-1,1701,997,0,-1
8868,8892.54,1.034,-1,-2,1700,995,-1,-2
8869,8893.52,0.979,0,-2,1700,995,0,0
8870,8894.52,1.005,-1,-1,1700,995,0,0
8871,8895.51,0.982,-1,-2,1700,995,0,0
8872,8896.5,0.998,0,-1,1700,995,0,0
8873,8897.5,0.999,-1,-2,1700,995,0,0
8874,8898.52,1.02,-1,-1,1698,994,-2,-1
8875,8899.51,0.984,0,-2,1698,994,0,0
8876,8900.5,0.997,-1,-2,1698,994,0,0
8877,8901.5,0.999,0,-1,1698,994,0,0
8878,8902.54,1.039,-1,-2,1698,994,0,0
8879,8903.52,0.98,-1,-1,1698,992,0,-2
8880,8904.52,1.0,0,-2,1698,991,0,-1
8881,8905.52,1.001,-1,-1,1698,991,0,0
8882,8906.51,0.982,-1,-2,1698,991,0,0
8883,8907.5,0.997,0,-2,1698,991,0,0
8884,8908.5,1.0,-1,-1,1698,991,0,0
8885,8909.5,1.0,0,-2,1698,989,0,-2
8886,8910.5,1.0,-1,-1,1698,989,0,0
8887,8911.52,1.019,-1,-2,1697,988,-1,-1
8888,8912.52,1.002,0,-2,1697,988,0,0
8889,8913.51,0.987,-1,-1,1697,988,0,0
8890,8914.51,0.998,0,-2,1697,988,0,0
8891,8915.5,0.995,-1,-1,1697,988,0,0
8892,8916.5,0.999,0,-2,1695,985,-2,-3
8893,8917.5,1.0,-1,-2,1695,985,0,0
8894,8918.5,1.0,-1,-1,1695,985,0,0
8895,8919.52,1.019,0,-2,1695,985,0,0
8896,8920.52,0.999,-1,-2,1695,985,0,0
8897,8921.51,0.984,0,-1,1695,983,0,-2
8898,8922.52,1.019,-1,-2,1695,982,0,-1
8899,8923.52,0.995,0,-1,1695,982,0,0
8900,8924.51,0.987,-1,-2,1695,982,0,0
8901,8925.52,1.016,0,-2,1695,982,0,0
8902,8926.51,0.984,-1,-1,1695,982,0,0
8903,8927.5,0.997,0,-2,1695,982,0,0
8904,8928.5,1.0,-1,-2,1694,980,-1,-2
8905,8929.5,1.0,0,-1,1694,980,0,0
8906,8930.5,0.999,-1,-2,1694,980,0,0
8907,8931.5,1.001,0,-1,1694,980,0,0
8908,8932.5,1.0,-1,-2,1694,980,0,0
8909,8933.5,1.0,0,-2,1694,979,0,-1
8910,8934.61,1.108,-1,-1,1692,977,-2,-2
8911,8935.52,0.913,0,-2,1692,977,0,0
8912,8936.52,0.998,-1,-2,1692,977,0,0
8913,8937.51,0.984,0,-1,1692,977,0,0
8914,8938.5,0.998,-1,-2,1692,977,0,0
8915,8939.5,1.0,0,-2,1692,976,0,-1
8916,8940.5,1.0,-1,-1,1691,974,-1,-2
8917,8941.5,1.0,0,-2,1691,974,0,0
8918,8942.5,1.0,0,-1,1691,974,0,0
8919,8943.5,1.001,-1,-2,1691,974,0,0
8920,8944.55,1.046,0,-2,1691,974,0,0
8921,8945.52,0.968,-1,-1,1691,973,0,-1
8922,8946.51,0.988,0,-2,1689,971,-2,-2
8923,8947.5,0.999,0,-2,1689,971,0,0
8924,8948.57,1.063,-1,-1,1689,971,0,0
8925,8949.52,0.953,0,-2,1689,971,0,0
8926,8950.51,0.985,-1,-2,1689,971,0,0
8927,8951.52,1.014,0,-1,1689,971,0,0
8928,8952.5,0.985,0,-2,1689,971,0,0
8929,8953.52,1.018,-1,-2,1689,970,0,-1
8930,8954.51,0.983,0,-1,1689,970,0,0
8931,8955.5,0.998,-1,-2,1689,970,0,0
8932,8956.5,0.999,0,-2,1689,970,0,0
8933,8957.5,1.0,0,-1,1689,970,0,0
8934,8958.5,1.0,-1,-2,1688,968,-1,-2
8935,8959.5,1.0,0,-2,1688,968,0,0
8936,8960.5,1.0,0,-1,1688,968,0,0
8937,8961.5,1.0,-1,-2,1688,968,0,0
8938,8962.5,1.0,0,-2,1688,968,0,0
8939,8963.52,1.021,0,-1,1688,968,0,0
8940,8964.51,0.982,-1,-2,1688,967,0,-1
8941,8965.5,0.998,0,-2,1688,967,0,0
8942,8966.52,1.017,0,-1,1688,967,0,0
8943,8967.51,0.984,0,-2,1688,967,0,0
8944,8968.5,1.0,-1,-2,1688,967,0,0
8945,8969.5,0.999,0,-1,1688,967,0,0
8946,8970.5,0.999,0,-2,1688,965,0,-2
8947,8971.5,1.001,-1,-2,1688,965,0,0
8948,8972.5,0.999,0,-1,1688,965,0,0
8949,8973.5,1.0,0,-2,1688,965,0,0
8950,8974.5,1.0,0,-2,1688,965,0,0
8951,8975.5,1.0,-1,-2,1688,965,0,0
8952,8976.5,1.0,0,-1,1688,964,0,-1
8953,8977.52,1.018,0,-2,1688,964,0,0
8954,8978.51,0.985,0,-2,1688,964,0,0
8955,8979.5,0.997,-1,-1,1688,964,0,0
8956,8980.5,1.0,0,-2,1688,964,0,0
8957,8981.5,0.999,0,-2,1688,964,0,0
8958,8982.52,1.02,0,-1,1688,962,0,-2
8959,8983.52,0.999,-1,-2,1688,962,0,0
8960,8984.51,0.984,0,-2,1688,962,0,0
8961,8985.51,0.999,0,-1,1688,962,0,0
8962,8986.61,1.109,0,-2,1688,962,0,0
8963,8987.52,0.904,0,-2,1688,961,0,-1
8964,8988.51,0.988,-1,-1,1688,961,0,0
8965,8989.53,1.02,0,-2,1688,959,0,-2
8966,8990.52,0.998,0,-2,1688,959,0,0
8967,8991.51,0.982,0,-2,1688,959,0,0
8968,8992.5,0.998,0,-1,1688,959,0,0
8969,8993.5,0.999,0,-2,1688,958,0,-1
8970,8994.54,1.037,-1,-2,1688,958,0,0
8971,8995.5,0.965,0,-1,1688,956,0,-2
8972,8996.5,0.998,0,-2,1688,956,0,0
8973,8997.52,1.017,0,-2,1688,956,0,0
8974,8998.56,1.042,0,-1,1688,956,0,0
8975,8999.52,0.958,0,-2,1688,955,0,-1
8976,9000.5,0.985,0,-2,1688,955,0,0
8977,9001.5,0.998,-1,-2,1688,953,0,-2
8978,9002.5,1.0,0,-1,1688,953,0,0
8979,9003.5,0.999,0,-2,1688,953,0,0
8980,9004.5,1.0,0,-2,1688,953,0,0
8981,9005.52,1.021,0,-1,1688,952,0,-1
8982,9006.51,0.984,0,-2,1688,952,0,0
8983,9007.5,0.996,0,-2,1688,950,0,-2
8984,9008.5,1.0,0,-1,1688,950,0,0
8985,9009.5,1.0,0,-2,1688,950,0,0
8986,9010.5,1.0,0,-2,1688,950,0,0
8987,9011.5,1.0,0,-2,1688,950,0,0
8988,9012.5,1.0,-1,-1,1688,950,0,0
8989,9013.5,1.0,0,-2,1688,949,0,-1
8990,9014.52,1.019,0,-2,1688,949,0,0
8991,9015.52,1.002,0,-1,1688,949,0,0
8992,9016.51,0.982,0,-2,1688,949,0,0
8993,9017.5,0.997,0,-2,1688,949,0,0
8994,9018.5,1.0,0,-2,1688,949,0,0
8995,9019.5,1.0,0,-1,1688,947,0,-2
8996,9020.5,1.002,0,-2,1688,947,0,0
8997,9021.5,0.999,0,-2,1688,947,0,0
8998,9022.5,1.0,0,-1,1688,947,0,0
8999,9023.5,0.999,0,-2,1688,946,0,-1
9000,9024.57,1.064,0,-2,1688,946,0,0
9001,9025.51,0.941,0,-1,1688,944,0,-2
9002,9026.5,0.996,0,-2,1688,944,0,0
9003,9027.5,0.999,0,-2,1688,944,0,0
9004,9028.52,1.017,0,-2,1688,944,0,0
9005,9029.53,1.012,0,-1,1688,943,0,-1
9006,9030.51,0.975,0,-2,1688,943,0,0
9007,9031.54,1.034,0,-2,1688,941,0,-2
9008,9032.52,0.982,0,-1,1688,941,0,0
9009,9033.52,1.001,0,-2,1688,941,0,0
9010,9034.51,0.982,0,-2,1688,941,0,0
9011,9035.5,0.997,1,-1,1688,940,0,-1
9012,9036.59,1.086,0,-2,1688,940,0,0
9013,9037.52,0.929,0,-2,1688,938,0,-2
9014,9038.5,0.987,0,-2,1688,938,0,0
9015,9039.5,0.998,0,-1,1688,938,0,0
9016,9040.5,0.999,0,-2,1688,938,0,0
9017,9041.5,1.0,0,-2,1688,938,0,0
9018,9042.5,1.0,0,-1,1688,938,0,0
9019,9043.5,1.0,0,-2,1688,937,0,-1
9020,9044.55,1.047,0,-2,1688,937,0,0
9021,9045.52,0.968,0,-1,1688,937,0,0
9022,9046.52,1.006,1,-2,1688,937,0,0
9023,9047.51,0.982,0,-2,1688,935,0,-2
9024,9048.5,0.998,0,-2,1688,935,0,0
9025,9049.5,0.999,0,-1,1688,934,0,-1
9026,9050.5,1.001,0,-2,1688,934,0,0
9027,9051.5,1.0,0,-2,1688,934,0,0
9028,9052.5,0.999,0,-1,1688,934,0,0
9029,9053.5,1.0,1,-2,1688,932,0,-2
9030,9054.5,1.0,0,-2,1688,932,0,0
9031,9055.5,1.001,0,-1,1688,931,0,-1
9032,9056.5,0.999,0,-2,1688,931,0,0
9033,9057.5,1.0,0,-2,1688,931,0,0
9034,9058.5,1.0,0,-2,1688,931,0,0
9035,9059.5,1.0,1,-1,1688,929,0,-2
9036,9060.55,1.047,0,-2,1688,929,0,0
9037,9061.51,0.957,0,-2,1688,928,0,-1
9038,9062.5,0.998,0,-1,1688,928,0,0
9039,9063.5,0.999,0,-2,1688,928,0,0
9040,9064.5,1.0,1,-2,1688,928,0,0
9041,9065.5,1.0,0,-1,1688,928,0,0
9042,9066.5,0.999,0,-2,1688,928,0,0
9043,9067.5,1.001,0,-2,1688,925,0,-3
9044,9068.5,1.0,1,-1,1688,925,0,0
9045,9069.5,1.0,0,-2,1688,925,0,0
9046,9070.53,1.029,0,-2,1688,925,0,0
9047,9071.52,0.991,0,-2,1688,925,0,0
9048,9072.52,1.002,1,-1,1688,925,0,0
9049,9073.51,0.981,0,-2,1688,923,0,-2
9050,9074.5,0.999,0,-2,1688,923,0,0
9051,9075.52,1.017,0,-1,1688,923,0,0
9052,9076.51,0.987,1,-2,1688,923,0,0
9053,9077.52,1.015,0,-2,1688,923,0,0
9054,9078.51,0.982,0,-1,1688,923,0,0
9055,9079.5,0.998,1,-2,1688,920,0,-3
9056,9080.52,1.015,0,-2,1688,920,0,0
9057,9081.52,1.002,0,-1,1688,920,0,0
9058,9082.51,0.985,0,-2,1688,920,0,0
9059,9083.5,0.997,1,-2,1688,920,0,0
9060,9084.5,0.999,0,-1,1688,920,0,0
9061,9085.5,1.0,0,-2,1688,919,0,-1
9062,9086.5,0.999,1,-2,1688,919,0,0
9063,9087.56,1.055,0,-1,1688,919,0,0
9064,9088.52,0.961,0,-2,1688,919,0,0
9065,9089.52,1.003,1,-2,1688,919,0,0
9066,9090.52,0.998,0,-1,1688,919,0,0
9067,9091.51,0.99,0,-2,1688,917,0,-2
9068,9092.5,0.994,1,-2,1688,917,0,0
9069,9093.5,0.998,0,-1,1688,917,0,0
9070,9094.5,1.0,1,-2,1688,917,0,0
9071,9095.53,1.031,0,-2,1688,917,0,0
9072,9096.5,0.971,0,-1,1688,917,0,0
9073,9097.5,0.998,1,-2,1688,916,0,-1
9074,9098.5,1.0,0,-2,1688,916,0,0
9075,9099.5,1.0,1,-1,1688,916,0,0
9076,9100.5,1.0,0,-2,1688,916,0,0
9077,9101.5,1.0,0,-2,1688,916,0,0
9078,9102.5,1.0,1,-1,1688,916,0,0
9079,9103.5,0.999,0,-2,1688,914,0,-2
9080,9104.5,1.001,1,-2,1688,914,0,0
9081,9105.5,0.999,0,-1,1688,914,0,0
9082,9106.5,1.0,0,-2,1688,914,0,0
9083,9107.5,1.0,1,-2,1688,914,0,0
9084,9108.5,1.0,0,-1,1688,914,0,0
9085,9109.5,1.001,1,-2,1689,913,1,-1
9086,9110.5,1.0,0,-1,1689,913,0,0
9087,9111.5,1.0,1,-2,1689,913,0,0
9088,9112.5,1.0,0,-2,1689,913,0,0
9089,9113.52,1.019,1,-1,1689,913,0,0
9090,9114.5,0.982,0,-2,1689,913,0,0
9091,9115.5,0.999,1,-2,1689,911,0,-2
9092,9116.5,1.0,0,-1,1689,911,0,0
9093,9117.5,0.999,1,-2,1689,911,0,0
9094,9118.5,1.0,0,-2,1689,911,0,0
9095,9119.5,1.0,1,-1,1689,911,0,0
9096,9120.5,1.0,0,-2,1689,910,0,-1
9097,9121.5,1.001,1,-1,1690,908,1,-2
9098,9122.52,1.02,0,-2,1690,908,0,0
9099,9123.51,0.983,1,-2,1690,908,0,0
9100,9124.5,0.998,0,-1,1690,908,0,0
9101,9125.5,0.999,1,-2,1690,908,0,0
9102,9126.5,0.999,0,-2,1690,907,0,-1
9103,9127.5,1.0,1,-1,1692,905,2,-2
9104,9128.52,1.017,0,-2,1692,905,0,0
9105,9129.52,1.004,1,-1,1692,905,0,0
9106,9130.51,0.987,1,-2,1692,905,0,0
9107,9131.52,1.01,0,-2,1692,905,0,0
9108,9132.51,0.985,1,-1,1692,904,0,-1
9109,9133.5,0.998,0,-2,1693,902,1,-2
9110,9134.5,1.001,1,-1,1693,902,0,0
9111,9135.5,0.998,0,-2,1693,902,0,0
9112,9136.5,1.0,1,-2,1693,902,0,0
9113,9137.55,1.044,1,-1,1693,902,0,0
9114,9138.51,0.961,0,-2,1693,902,0,0
9115,9139.5,0.997,1,-1,1695,901,2,-1
9116,9140.5,0.999,0,-2,1695,901,0,0
9117,9141.5,1.001,1,-2,1695,901,0,0
9118,9142.5,1.0,1,-1,1695,901,0,0
9119,9143.5,0.999,0,-2,1695,901,0,0
9120,9144.5,1.0,1,-1,1695,901,0,0
9121,9145.5,1.0,1,-2,1696,899,1,-2
9122,9146.54,1.034,0,-1,1696,899,0,0
9123,9147.52,0.982,1,-2,1696,899,0,0
9124,9148.52,1.002,0,-2,1696,899,0,0
9125,9149.51,0.985,1,-1,1696,899,0,0
9126,9150.5,0.998,1,-2,1696,898,0,-1
9127,9151.5,1.0,0,-1,1698,896,2,-2
9128,9152.55,1.042,1,-2,1698,896,0,0
9129,9153.51,0.961,1,-1,1698,896,0,0
9130,9154.5,0.997,0,-2,1698,896,0,0
9131,9155.52,1.018,1,-2,1698,896,0,0
9132,9156.52,1.001,1,-1,1698,895,0,-1
9133,9157.52,0.997,1,-2,1699,893,1,-2
9134,9158.52,1.0,0,-1,1699,893,0,0
9135,9159.51,0.986,1,-2,1699,893,0,0
9136,9160.5,0.998,1,-1,1699,893,0,0
9137,9161.5,0.999,0,-2,1699,893,0,0
9138,9162.5,1.0,1,-1,1699,893,0,0
9139,9163.52,1.019,1,-2,1699,893,0,0
9140,9164.51,0.985,1,-2,1701,892,2,-1
9141,9165.51,1.0,0,-1,1701,892,0,0
9142,9166.5,0.997,1,-2,1701,892,0,0
9143,9167.5,1.0,1,-1,1701,892,0,0
9144,9168.52,1.019,0,-2,1701,890,0,-2
9145,9169.51,0.984,1,-1,1701,890,0,0
9146,9170.5,0.997,1,-2,1702,889,1,-1
9147,9171.5,0.999,1,-1,1702,889,0,0
9148,9172.52,1.02,1,-2,1702,889,0,0
9149,9173.5,0.982,0,-1,1702,889,0,0
9150,9174.57,1.062,1,-2,1702,889,0,0
9151,9175.51,0.941,1,-1,1702,889,0,0
9152,9176.5,0.997,1,-2,1702,889,0,0
9153,9177.5,0.999,0,-1,1702,887,0,-2
9154,9178.5,1.0,1,-2,1702,887,0,0
9155,9179.5,1.0,1,-1,1702,887,0,0
9156,9180.5,1.0,1,-2,1702,887,0,0
9157,9181.5,1.0,1,-1,1702,887,0,0
9158,9182.5,1.0,0,-2,1704,886,2,-1
9159,9183.52,1.019,1,-1,1704,886,0,0
9160,9184.52,1.003,1,-2,1704,886,0,0
9161,9185.51,0.981,1,-1,1704,886,0,0
9162,9186.5,0.997,1,-2,1704,886,0,0
9163,9187.5,0.999,1,-1,1704,886,0,0
9164,9188.5,1.0,0,-2,1704,886,0,0
9165,9189.5,1.001,1,-1,1704,884,0,-2
9166,9190.5,1.0,1,-2,1704,884,0,0
9167,9191.51,1.007,1,-1,1704,884,0,0
9168,9192.5,0.992,1,-2,1704,884,0,0
9169,9193.5,0.999,1,-1,1704,884,0,0
9170,9194.5,1.0,1,-2,1705,883,1,-1
9171,9195.52,1.02,0,-1,1705,883,0,0
9172,9196.51,0.983,1,-2,1705,883,0,0
9173,9197.54,1.039,1,-1,1705,883,0,0
9174,9198.55,1.0,1,-1,1705,883,0,0
9175,9199.52,0.978,1,-2,1705,883,0,0
9176,9200.51,0.983,1,-1,1707,881,2,-2
9177,9201.5,0.998,1,-2,1707,881,0,0
9178,9202.5,0.998,1,-1,1707,881,0,0
9179,9203.5,1.0,1,-2,1707,881,0,0
9180,9204.5,1.001,1,-1,1707,881,0,0
9181,9205.5,0.999,0,-2,1707,881,0,0
9182,9206.5,1.0,1,-1,1707,881,0,0
9183,9207.5,1.0,1,-1,1707,880,0,-1
9184,9208.5,1.0,1,-2,1707,880,0,0
9185,9209.5,1.001,1,-1,1707,880,0,0
9186,9210.5,1.0,1,-2,1707,880,0,0
9187,9211.5,0.999,1,-1,1707,878,0,-2
9188,9212.5,1.0,1,-2,1707,878,0,0
9189,9213.5,1.0,1,-1,1708,877,1,-1
9190,9214.54,1.042,1,-1,1708,877,0,0
9191,9215.52,0.974,1,-2,1708,877,0,0
9192,9216.51,0.986,1,-1,1708,877,0,0
9193,9217.5,0.998,1,-2,1708,877,0,0
9194,9218.5,0.999,1,-1,1708,877,0,0
9195,9219.5,1.0,1,-1,1710,875,2,-2
9196,9220.5,1.0,1,-2,1710,875,0,0
9197,9221.5,1.001,1,-1,1710,875,0,0
9198,9222.5,0.999,1,-2,1710,875,0,0
9199,9223.5,1.0,1,-1,1710,875,0,0
9200,9224.5,1.0,1,-1,1710,875,0,0
9201,9225.5,0.999,1,-2,1711,874,1,-1
9202,9226.5,1.0,1,-1,1711,874,0,0
9203,9227.5,0.999,1,-1,1711,874,0,0
9204,9228.5,1.001,1,-2,1711,874,0,0
9205,9229.5,0.999,1,-1,1711,874,0,0
9206,9230.52,1.021,1,-1,1713,871,2,-3
9207,9231.52,0.996,1,-2,1713,871,0,0
9208,9232.51,0.986,1,-1,1713,871,0,0
9209,9233.5,0.998,1,-2,1713,871,0,0
9210,9234.5,0.999,1,-1,1713,871,0,0
9211,9235.5,1.0,1,-1,1713,871,0,0
9212,9236.5,1.0,1,-2,1713,871,0,0
9213,9237.52,1.018,1,-1,1714,869,1,-2
9214,9238.51,0.99,1,-1,1714,869,0,0
9215,9239.52,1.013,1,-2,1714,869,0,0
9216,9240.51,0.984,1,-1,1714,869,0,0
9217,9241.5,0.997,1,-1,1714,869,0,0
9218,9242.59,1.083,2,-2,1716,868,2,-1
9219,9243.52,0.931,1,-1,1716,868,0,0
9220,9244.5,0.985,1,-1,1716,868,0,0
9221,9245.5,0.999,1,-1,1716,868,0,0
9222,9246.52,1.016,1,-2,1716,868,0,0
9223,9247.54,1.019,1,-1,1716,868,0,0
9224,9248.52,0.98,1,-1,1716,868,0,0
9225,9249.51,0.988,1,-2,1717,866,1,-2
9226,9250.5,0.998,1,-1,1717,866,0,0
9227,9251.5,1.0,1,-1,1717,866,0,0
9228,9252.5,1.0,2,-2,1717,866,0,0
9229,9253.5,1.0,1,-1,1717,866,0,0
9230,9254.5,1.0,1,-1,1719,865,2,-1
9231,9255.52,1.019,1,-1,1719,865,0,0
9232,9256.51,0.986,1,-2,1719,865,0,0
9233,9257.5,0.996,1,-1,1719,865,0,0
9234,9258.5,1.0,1,-1,1719,865,0,0
9235,9259.5,0.999,2,-1,1719,865,0,0
9236,9260.5,1.0,1,-2,1719,865,0,0
9237,9261.52,1.019,1,-1,1720,863,1,-2
9238,9262.52,0.998,1,-1,1720,863,0,0
9239,9263.51,0.987,1,-1,1720,863,0,0
9240,9264.5,0.998,1,-2,1720,863,0,0
9241,9265.5,0.999,2,-1,1720,862,0,-1
9242,9266.52,1.02,1,-1,1722,860,2,-2
9243,9267.51,0.983,1,-1,1722,860,0,0
9244,9268.5,0.997,1,-2,1722,860,0,0
9245,9269.5,1.0,1,-1,1722,860,0,0
9246,9270.5,0.999,1,-1,1722,860,0,0
9247,9271.5,1.0,2,-1,1722,860,0,0
9248,9272.5,1.0,1,-1,1723,859,1,-1
9249,9273.5,1.0,1,-2,1723,859,0,0
9250,9274.5,1.0,1,-1,1723,859,0,0
9251,9275.5,1.001,1,-1,1723,859,0,0
9252,9276.5,1.0,2,-1,1723,859,0,0
9253,9277.55,1.044,1,-1,1723,857,0,-2
9254,9278.52,0.974,1,-2,1725,856,2,-1
9255,9279.52,1.001,1,-1,1725,856,0,0
9256,9280.52,1.0,2,-1,1725,856,0,0
9257,9281.51,0.987,1,-1,1725,856,0,0
9258,9282.5,0.994,1,-1,1725,856,0,0
9259,9283.5,1.0,1,-1,1725,856,0,0
9260,9284.5,1.0,2,-2,1726,854,1,-2
9261,9285.5,1.0,1,-1,1726,854,0,0
9262,9286.5,1.0,1,-1,1726,854,0,0
9263,9287.5,1.0,1,-1,1726,854,0,0
9264,9288.5,0.999,2,-1,1726,854,0,0
9265,9289.52,1.023,1,-1,1728,854,2,0
9266,9290.51,0.982,1,-2,1728,854,0,0
9267,9291.5,0.997,1,-1,1729,853,1,-1
9268,9292.5,1.001,2,-1,1729,853,0,0
9269,9293.59,1.09,1,-1,1729,853,0,0
9270,9294.52,0.924,1,-1,1729,853,0,0
9271,9295.51,0.988,1,-1,1729,853,0,0
9272,9296.52,1.015,2,-1,1729,853,0,0
9273,9297.51,0.986,1,-1,1731,851,2,-2
9274,9298.51,0.999,1,-2,1731,851,0,0
9275,9299.52,1.018,2,-1,1731,851,0,0
9276,9300.51,0.988,1,-1,1731,851,0,0
9277,9301.5,0.992,1,-1,1732,851,1,0
9278,9302.5,1.0,2,-1,1732,851,0,0
9279,9303.5,0.999,1,-1,1734,850,2,-1
9280,9304.5,1.0,1,-1,1734,850,0,0
9281,9305.5,0.999,1,-1,1737,850,3,0
9282,9306.5,1.0,2,-1,1737,850,0,0
9283,9307.5,1.0,1,-1,1738,850,1,0
9284,9308.52,1.016,1,-1,1738,848,0,-2
9285,9309.52,1.001,2,-1,1738,848,0,0
9286,9310.51,0.986,1,-2,1740,847,2,-1
9287,9311.5,0.998,1,-1,1740,847,0,0
9288,9312.5,0.999,2,-1,1743,847,3,0
9289,9313.5,1.0,1,-1,1743,847,0,0
9290,9314.5,1.0,1,-1,1744,848,1,1
9291,9315.5,1.001,2,-1,1744,848,0,0
9292,9316.5,0.998,1,-1,1746,847,2,-1
9293,9317.52,1.018,2,-1,1747,847,1,0
9294,9318.52,1.002,1,-1,1755,847,8,0
9295,9319.51,0.984,1,-1,1755,847,0,0
9296,9320.5,0.998,2,-1,1755,847,0,0
9297,9321.5,1.001,1,-1,1755,847,0,0
9298,9322.52,1.019,1,-1,1756,847,1,0
9299,9323.52,0.999,2,-1,1758,845,2,-2
9300,9324.57,1.05,1,-1,1761,845,3,0
9301,9325.52,0.95,2,-1,1776,845,15,0
9302,9326.51,0.984,1,-1,1779,845,3,0
9303,9327.52,1.015,1,-1,1779,845,0,0
9304,9328.5,0.985,2,-1,1779,845,0,0
9305,9329.5,0.999,1,-1,1791,846,12,1
9306,9330.5,0.999,2,-1,1792,845,1,-1
9307,9331.5,1.0,1,-1,1792,845,0,0
9308,9332.55,1.043,1,-1,1800,845,8,0
9309,9333.52,0.978,2,-1,1800,845,0,0
9310,9334.51,0.983,1,-1,1800,845,0,0
9311,9335.5,0.998,2,-1,1806,845,6,0
9312,9336.5,1.0,1,-1,1806,845,0,0
9313,9337.5,0.999,1,-1,1807,844,1,-1
9314,9338.52,1.019,2,0,1824,844,17,0
9315,9339.52,0.999,1,-1,1828,844,4,0
9316,9340.51,0.988,2,-1,1828,844,0,0
9317,9341.5,0.996,1,-1,1828,844,0,0
9318,9342.5,0.999,2,-1,1828,844,0,0
9319,9343.5,1.0,1,-1,1846,842,18,-2
9320,9344.53,1.027,1,-1,1864,843,18,1
9321,9345.59,1.063,2,-1,1867,843,3,0
9322,9346.52,0.925,1,-1,1867,843,0,0
9323,9347.5,0.987,2,-1,1867,843,0,0
9324,9348.5,0.999,1,-1,1887,845,20,2
9325,9349.5,1.001,2,0,1887,845,0,0
9326,9350.5,1.0,1,-1,1887,845,0,0
9327,9351.53,1.027,2,-1,1906,845,19,0
9328,9352.52,0.992,1,-1,1912,845,6,0
9329,9353.51,0.984,1,-1,1912,845,0,0
9330,9354.5,0.997,2,-1,1912,845,0,0
9331,9355.52,1.02,1,-1,1912,845,0,0
9332,9356.51,0.982,2,-1,1917,846,5,1
9333,9357.5,0.997,1,0,1918,845,1,-1
9334,9358.52,1.017,2,-1,1932,846,14,1
9335,9359.52,1.002,1,-1,1951,848,19,2
9336,9360.52,0.999,2,-1,1951,848,0,0
9337,9361.51,0.985,1,-1,1951,848,0,0
9338,9362.5,0.996,2,-1,1951,848,0,0
9339,9363.52,1.02,1,0,1957,848,6,0
9340,9364.52,0.998,2,-1,1959,847,2,-1
9341,9365.51,0.986,1,-1,1972,849,13,2
9342,9366.5,0.997,2,-1,1978,849,6,0
9343,9367.5,1.0,1,-1,1978,849,0,0
9344,9368.5,1.0,2,0,1978,849,0,0
9345,9369.5,1.0,1,-1,1978,849,0,0
9346,9370.5,1.0,2,-1,1981,849,3,0
9347,9371.54,1.04,1,-1,1983,848,2,-1
9348,9372.52,0.979,2,-1,1990,849,7,1
9349,9373.51,0.988,1,0,1992,849,2,0
9350,9374.5,0.995,2,-1,1992,849,0,0
9351,9375.52,1.017,1,-1,1992,849,0,0
9352,9376.5,0.983,2,-1,1995,849,3,0
9353,9377.5,0.999,1,0,1995,849,0,0
9354,9378.5,0.999,2,-1,1995,849,0,0
9355,9379.5,1.0,2,-1,1996,848,1,-1
9356,9380.52,1.02,1,-1,1998,848,2,0
9357,9381.51,0.983,2,0,1998,848,0,0
9358,9382.5,0.998,1,-1,1998,848,0,0
9359,9383.5,1.0,2,-1,1998,848,0,0
9360,9384.5,1.0,1,-1,1999,848,1,0
9361,9385.5,1.001,2,0,1999,847,0,-1
9362,9386.53,1.027,1,-1,1999,847,0,0
9363,9387.52,0.989,2,-1,1998,847,-1,0
9364,9388.52,1.0,1,0,1998,847,0,0
9365,9389.5,0.985,2,-1,1999,847,1,0
9366,9390.5,0.999,2,-1,1999,847,0,0
9367,9391.5,0.999,1,-1,2001,845,2,-2
9368,9392.5,1.0,2,0,2001,845,0,0
9369,9393.5,1.0,1,-1,2000,844,-1,-1
9370,9394.5,1.0,2,-1,2000,844,0,0
9371,9395.5,1.0,1,0,2000,844,0,0
9372,9396.56,1.053,2,-1,1998,844,-2,0
9373,9397.5,0.949,1,-1,1998,844,0,0
9374,9398.5,0.998,2,0,1998,844,0,0
9375,9399.5,1.0,2,-1,1998,842,0,-2
9376,9400.5,1.0,1,-1,1995,841,-3,-1
9377,9401.53,1.025,2,0,1995,841,0,0
9378,9402.52,0.99,1,-1,1994,839,-1,-2
9379,9403.52,1.005,2,0,1995,839,1,0
9380,9404.51,0.983,2,-1,1995,839,0,0
9381,9405.52,1.016,1,-1,1994,838,-1,-1
9382,9406.51,0.984,2,0,1988,836,-6,-2
9383,9407.5,0.996,1,-1,1988,836,0,0
9384,9408.5,0.999,2,-1,1988,836,0,0
9385,9409.5,1.0,1,0,1989,836,1,0
9386,9410.5,0.999,2,-1,1989,836,0,0
9387,9411.5,1.0,2,0,1986,835,-3,-1
9388,9412.5,1.0,1,-1,1986,833,0,-2
9389,9413.5,1.001,2,0,1986,833,0,0
9390,9414.52,1.019,1,-1,1986,833,0,0
9391,9415.5,0.982,2,-1,1986,833,0,0
9392,9416.5,0.999,2,0,1977,832,-9,-1
9393,9417.5,1.0,1,-1,1977,832,0,0
9394,9418.5,1.0,2,0,1977,832,0,0
9395,9419.5,1.0,2,-1,1978,832,1,0
9396,9420.5,1.0,1,0,1976,830,-2,-2
9397,9421.5,1.0,2,-1,1965,829,-11,-1
9398,9422.52,1.019,1,0,1965,829,0,0
9399,9423.51,0.984,2,-1,1965,829,0,0
9400,9424.5,0.998,2,0,1965,829,0,0
9401,9425.5,0.999,1,-1,1965,829,0,0
9402,9426.5,1.0,2,-1,1966,829,1,0
9403,9427.5,1.0,2,0,1959,827,-7,-2
9404,9428.5,1.001,1,-1,1950,827,-9,0
9405,9429.5,0.999,2,0,1950,827,0,0
9406,9430.5,1.0,1,-1,1950,827,0,0
9407,9431.5,1.0,2,0,1951,826,1,-1
9408,9432.5,1.0,2,-1,1946,826,-5,0
9409,9433.5,1.0,1,0,1940,826,-6,0
9410,9434.51,1.002,2,0,1940,826,0,0
9411,9435.5,0.997,2,-1,1940,826,0,0
9412,9436.5,1.0,1,0,1941,826,1,0
9413,9437.5,0.999,2,-1,1940,826,-1,0
9414,9438.5,1.0,1,0,1940,826,0,0
9415,9439.5,1.0,2,-1,1941,824,1,-2
9416,9440.5,1.0,2,0,1932,824,-9,0
9417,9441.5,1.0,1,-1,1932,824,0,0
9418,9442.5,1.0,2,0,1932,824,0,0
9419,9443.5,1.0,2,0,1931,824,-1,0
9420,9444.5,0.999,1,-1,1931,824,0,0
9421,9445.5,1.001,2,0,1931,824,0,0
9422,9446.5,1.0,2,-1,1932,824,1,0
9423,9447.57,1.066,1,0,1928,825,-4,1
9424,9448.52,0.956,2,-1,1928,825,0,0
9425,9449.51,0.982,2,0,1928,825,0,0
9426,9450.5,0.997,1,0,1929,825,1,0
9427,9451.54,1.033,2,-1,1928,825,-1,0
9428,9452.5,0.968,2,0,1928,825,0,0
9429,9453.5,0.999,1,0,1929,825,1,0
9430,9454.5,1.0,2,-1,1929,827,0,2
9431,9455.5,1.0,2,0,1929,827,0,0
9432,9456.5,1.001,1,-1,1929,827,0,0
9433,9457.5,1.0,2,0,1929,827,0,0
9434,9458.5,0.999,2,0,1929,827,0,0
9435,9459.5,1.0,1,-1,1930,827,1,0
9436,9460.5,0.999,2,0,1930,827,0,0
9437,9461.5,1.001,2,0,1930,827,0,0
9438,9462.5,1.001,1,-1,1930,827,0,0
9439,9463.55,1.044,2,0,1930,827,0,0
9440,9464.51,0.961,2,0,1932,827,2,0
9441,9465.5,0.995,1,-1,1932,828,0,1
9442,9466.5,1.0,2,0,1932,828,0,0
9443,9467.5,0.999,2,0,1932,828,0,0
9444,9468.5,1.0,1,0,1932,828,0,0
9445,9469.5,1.0,2,-1,1933,828,1,0
9446,9470.5,0.999,2,0,1933,828,0,0
9447,9471.5,1.0,1,0,1933,828,0,0
9448,9472.5,1.001,2,-1,1935,828,2,0
9449,9473.5,0.999,2,0,1936,830,1,2
9450,9474.56,1.056,1,0,1936,830,0,0
9451,9475.51,0.948,2,0,1938,830,2,0
9452,9476.5,0.998,2,-1,1938,831,0,1
9453,9477.5,0.999,2,0,1938,831,0,0
9454,9478.5,1.0,1,0,1938,831,0,0
9455,9479.56,1.056,2,0,1939,831,1,0
9456,9480.52,0.962,2,-1,1941,833,2,2
9457,9481.51,0.987,1,0,1941,833,0,0
9458,9482.5,0.997,2,0,1941,833,0,0
9459,9483.5,0.999,2,0,1941,833,0,0
9460,9484.52,1.018,1,0,1945,833,4,0
9461,9485.52,0.998,2,-1,1945,834,0,1
9462,9486.52,1.004,2,0,1945,834,0,0
9463,9487.51,0.984,1,0,1947,834,2,0
9464,9488.52,1.012,2,0,1948,834,1,0
9465,9489.52,1.002,2,0,1948,834,0,0
9466,9490.51,0.984,2,-1,1948,834,0,0
9467,9491.5,0.998,1,0,1948,836,0,2
9468,9492.5,0.999,2,0,1951,835,3,-1
9469,9493.5,1.0,2,0,1951,835,0,0
9470,9494.5,1.0,1,0,1953,835,2,0
9471,9495.52,1.02,2,0,1954,835,1,0
9472,9496.53,1.004,2,-1,1954,836,0,1
9473,9497.51,0.981,1,0,1954,836,0,0
9474,9498.6,1.088,2,0,1956,836,2,0
9475,9499.52,0.921,2,0,1957,836,1,0
9476,9500.52,1.005,1,0,1959,836,2,0
9477,9501.51,0.985,2,0,1959,836,0,0
9478,9502.53,1.023,2,0,1960,836,1,0
9479,9503.52,0.992,2,0,1960,837,0,1
9480,9504.51,0.985,1,-1,1960,837,0,0
9481,9505.52,1.015,2,0,1962,837,2,0
9482,9506.51,0.991,2,0,1963,837,1,0
9483,9507.5,0.992,1,0,1963,837,0,0
9484,9508.5,1.0,2,0,1963,837,0,0
9485,9509.5,1.0,2,0,1963,837,0,0
9486,9510.5,1.0,1,0,1963,837,0,0
9487,9511.5,1.0,2,0,1963,837,0,0
9488,9512.5,0.999,2,0,1965,837,2,0
9489,9513.5,1.001,2,0,1965,837,0,0
9490,9514.52,1.019,1,0,1966,837,1,0
9491,9515.52,0.999,2,0,1966,837,0,0
9492,9516.51,0.985,2,0,1966,837,0,0
9493,9517.5,0.997,1,0,1966,837,0,0
9494,9518.5,1.0,2,0,1968,837,2,0
9495,9519.5,1.0,2,0,1968,837,0,0
9496,9520.5,1.0,2,-1,1968,837,0,0
9497,9521.5,1.0,1,0,1968,837,0,0
9498,9522.5,0.999,2,0,1969,837,1,0
9499,9523.5,1.0,2,0,1969,837,0,0
9500,9524.5,1.0,1,0,1969,837,0,0
9501,9525.5,1.0,2,0,1971,837,2,0
9502,9526.5,1.001,2,0,1971,837,0,0
9503,9527.52,1.018,1,1,1971,837,0,0
9504,9528.52,1.002,2,0,1972,837,1,0
9505,9529.51,0.983,2,0,1972,837,0,0
9506,9530.52,1.017,2,0,1974,837,2,0
9507,9531.51,0.985,1,0,1974,837,0,0
9508,9532.5,0.997,2,0,1974,837,0,0
9509,9533.5,0.999,2,0,1974,837,0,0
9510,9534.5,1.0,1,0,1975,837,1,0
9511,9535.5,0.999,2,0,1975,837,0,0
9512,9536.5,1.001,2,0,1975,837,0,0
9513,9537.5,1.0,2,0,1977,837,2,0
9514,9538.5,0.999,1,0,1977,837,0,0
9515,9539.53,1.024,2,0,1977,837,0,0
9516,9540.51,0.982,2,0,1977,837,0,0
9517,9541.52,1.011,1,0,1978,837,1,0
9518,9542.52,1.004,2,0,1980,837,2,0
9519,9543.52,0.995,2,1,1980,837,0,0
9520,9544.5,0.986,1,0,1980,837,0,0
9521,9545.5,0.999,2,0,1980,837,0,0
9522,9546.5,1.0,2,0,1980,837,0,0
9523,9547.52,1.019,2,0,1980,837,0,0
9524,9548.51,0.983,1,0,1980,837,0,0
9525,9549.58,1.071,2,0,1981,837,1,0
9526,9550.52,0.943,2,0,1981,837,0,0
9527,9551.51,0.986,1,1,1981,837,0,0
9528,9552.5,0.999,2,0,1981,837,0,0
9529,9553.54,1.032,2,0,1981,837,0,0
9530,9554.5,0.968,1,0,1981,837,0,0
9531,9555.5,0.999,2,0,1983,837,2,0
9532,9556.5,1.0,2,0,1983,837,0,0
9533,9557.5,1.0,1,1,1983,837,0,0
9534,9558.5,0.999,2,0,1983,837,0,0
9535,9559.5,1.0,2,0,1984,837,1,0
9536,9560.5,1.0,2,0,1984,837,0,0
9537,9561.5,1.0,1,0,1986,837,2,0
9538,9562.5,1.0,2,1,1986,837,0,0
9539,9563.5,1.001,2,0,1986,837,0,0
9540,9564.5,1.0,1,0,1986,837,0,0
9541,9565.5,1.0,2,0,1986,837,0,0
9542,9566.5,1.0,2,0,1987,837,1,0
9543,9567.5,1.0,1,1,1989,837,2,0
9544,9568.5,1.0,2,0,1989,837,0,0
9545,9569.5,1.001,2,0,1989,837,0,0
9546,9570.5,0.999,1,0,1989,837,0,0
9547,9571.5,1.0,2,1,1989,837,0,0
9548,9572.5,1.001,2,0,1992,839,3,2
9549,9573.52,1.02,2,0,1992,839,0,0
9550,9574.51,0.983,1,0,1992,839,0,0
9551,9575.5,0.997,2,1,1992,839,0,0
9552,9576.5,0.999,2,0,1992,839,0,0
9553,9577.5,1.0,1,0,1992,839,0,0
9554,9578.5,0.999,2,1,1993,839,1,0
9555,9579.5,1.001,2,0,1995,839,2,0
9556,9580.5,0.999,1,0,1995,839,0,0
9557,9581.52,1.019,2,0,1995,839,0,0
9558,9582.51,0.984,2,1,1995,839,0,0
9559,9583.5,0.998,1,0,1995,839,0,0
9560,9584.5,0.999,2,0,1995,839,0,0
9561,9585.5,1.0,2,1,1996,839,1,0
9562,9586.5,0.999,1,0,1996,839,0,0
9563,9587.5,1.001,2,0,1996,839,0,0
9564,9588.57,1.07,2,1,1996,839,0,0
9565,9589.52,0.945,1,0,1996,839,0,0
9566,9590.5,0.987,2,0,1996,839,0,0
9567,9591.5,0.998,2,1,1996,839,0,0
9568,9592.5,1.0,1,0,1998,839,2,0
9569,9593.5,1.0,2,1,1998,839,0,0
9570,9594.5,1.0,2,0,1998,839,0,0
9571,9595.5,1.001,1,0,1998,839,0,0
9572,9596.5,1.0,2,1,1998,839,0,0
9573,9597.5,0.999,2,0,1998,839,0,0
9574,9598.5,1.0,1,0,1999,839,1,0
9575,9599.55,1.052,2,1,1999,839,0,0
9576,9600.5,0.949,2,0,1999,839,0,0
9577,9601.5,0.999,1,1,1999,839,0,0
9578,9602.5,0.999,2,0,1999,839,0,0
9579,9603.53,1.027,2,1,2001,839,2,0
9580,9604.51,0.981,1,0,2001,839,0,0
9581,9605.5,0.994,2,0,2001,839,0,0
9582,9606.5,0.999,2,1,2001,839,0,0
9583,9607.5,0.999,1,0,2001,839,0,0
9584,9608.5,1.0,2,1,2001,839,0,0
9585,9609.5,1.0,1,0,2001,839,0,0
9586,9610.5,1.0,2,1,2002,839,1,0
9587,9611.5,1.0,2,0,2002,839,0,0
9588,9612.5,1.0,1,1,2002,839,0,0
9589,9613.52,1.02,2,0,2002,839,0,0
9590,9614.51,0.984,2,0,2002,839,0,0
9591,9615.5,0.996,1,1,2002,839,0,0
9592,9616.5,0.999,2,0,2004,839,2,0
9593,9617.5,1.0,2,1,2004,839,0,0
9594,9618.5,1.001,1,0,2004,839,0,0
9595,9619.5,1.0,2,1,2004,839,0,0
9596,9620.52,1.021,1,0,2005,839,1,0
9597,9621.53,1.004,2,1,2007,840,2,1
9598,9622.51,0.977,2,1,2007,840,0,0
9599,9623.5,0.998,1,0,2007,840,0,0
9600,9624.56,1.062,2,1,2007,840,0,0
9601,9625.51,0.943,2,0,2008,840,1,0
9602,9626.5,0.996,1,1,2008,840,0,0
9603,9627.59,1.085,2,0,2010,840,2,0
9604,9628.52,0.932,1,1,2010,840,0,0
9605,9629.51,0.985,2,0,2010,840,0,0
9606,9630.52,1.015,2,1,2010,840,0,0
9607,9631.51,0.985,1,0,2011,840,1,0
9608,9632.5,0.999,2,1,2011,840,0,0
9609,9633.5,0.999,1,1,2011,840,0,0
9610,9634.5,0.999,2,0,2013,842,2,2
9611,9635.54,1.041,2,1,2013,842,0,0
9612,9636.51,0.962,1,0,2013,842,0,0
9613,9637.52,1.015,2,1,2013,842,0,0
9614,9638.51,0.984,1,0,2013,842,0,0
9615,9639.5,0.998,2,1,2013,842,0,0
9616,9640.5,1.0,2,1,2014,843,1,1
9617,9641.5,1.0,1,0,2014,843,0,0
9618,9642.5,0.999,2,1,2014,843,0,0
9619,9643.5,1.001,1,1,2014,843,0,0
9620,9644.5,0.999,2,0,2014,843,0,0
9621,9645.5,1.0,2,1,2016,843,2,0
9622,9646.5,1.0,1,0,2017,843,1,0
9623,9647.5,0.999,2,1,2017,843,0,0
9624,9648.5,1.001,1,1,2017,843,0,0
9625,9649.5,1.0,2,0,2017,843,0,0
9626,9650.5,1.002,1,1,2017,843,0,0
9627,9651.52,1.019,2,1,2019,843,2,0
9628,9652.51,0.983,2,0,2019,843,0,0
9629,9653.52,1.019,1,1,2019,843,0,0
9630,9654.54,1.018,2,1,2019,843,0,0
9631,9655.52,0.977,1,0,2019,843,0,0
9632,9656.52,1.001,2,1,2020,843,1,0
9633,9657.52,1.003,1,1,2022,845,2,2
9634,9658.52,0.998,2,1,2022,845,0,0
9635,9659.51,0.984,1,0,2022,845,0,0
9636,9660.5,0.997,2,1,2022,845,0,0
9637,9661.5,1.0,2,1,2022,845,0,0
9638,9662.5,0.999,1,0,2022,845,0,0
9639,9663.5,1.0,2,1,2022,845,0,0
9640,9664.52,1.019,1,1,2023,846,1,1
9641,9665.51,0.987,2,1,2023,846,0,0
9642,9666.5,0.996,1,0,2023,846,0,0
9643,9667.51,1.0,2,1,2023,846,0,0
9644,9668.5,0.998,1,1,2023,846,0,0
9645,9669.52,1.02,2,1,2025,846,2,0
9646,9670.51,0.984,1,0,2025,846,0,0
9647,9671.5,0.997,2,1,2025,846,0,0
9648,9672.52,1.018,1,1,2025,846,0,0
9649,9673.51,0.984,2,1,2025,846,0,0
9650,9674.5,0.998,1,0,2025,846,0,0
9651,9675.5,1.0,2,1,2026,846,1,0
9652,9676.5,1.0,1,1,2028,848,2,2
9653,9677.5,0.999,2,1,2028,848,0,0
9654,9678.5,1.001,1,1,2028,848,0,0
9655,9679.5,1.001,2,0,2028,848,0,0
9656,9680.5,0.999,2,1,2028,848,0,0
9657,9681.52,1.019,1,1,2031,849,3,1
9658,9682.52,0.996,2,1,2031,849,0,0
9659,9683.51,0.987,1,1,2031,849,0,0
9660,9684.5,0.997,1,0,2031,849,0,0
9661,9685.5,0.999,2,1,2031,849,0,0
9662,9686.5,1.0,1,1,2031,849,0,0
9663,9687.5,1.001,2,1,2032,849,1,0
9664,9688.5,0.999,1,1,2034,851,2,2
9665,9689.5,1.0,2,1,2034,851,0,0
9666,9690.5,1.0,1,0,2034,851,0,0
9667,9691.5,1.0,2,1,2034,851,0,0
9668,9692.5,1.0,1,1,2034,851,0,0
9669,9693.5,1.0,2,1,2034,851,0,0
9670,9694.5,1.0,1,1,2035,852,1,1
9671,9695.5,1.0,2,1,2035,852,0,0
9672,9696.5,1.001,1,1,2035,852,0,0
9673,9697.52,1.019,2,1,2035,852,0,0
9674,9698.54,1.02,1,0,2037,852,2,0
9675,9699.52,0.979,2,1,2038,854,1,2
9676,9700.52,1.0,1,1,2038,854,0,0
9677,9701.56,1.04,1,1,2038,854,0,0
9678,9702.51,0.944,2,1,2038,854,0,0
9679,9703.5,0.997,1,1,2038,854,0,0
9680,9704.5,1.0,2,1,2038,854,0,0
9681,9705.54,1.037,1,1,2040,854,2,0
9682,9706.52,0.982,2,1,2041,855,1,1
9683,9707.51,0.984,1,1,2041,855,0,0
9684,9708.5,0.998,1,1,2041,855,0,0
9685,9709.5,1.0,2,0,2041,855,0,0
9686,9710.5,1.001,1,1,2041,855,0,0
9687,9711.5,0.999,2,1,2041,855,0,0
9688,9712.5,1.0,1,1,2041,855,0,0
9689,9713.52,1.02,2,1,2043,857,2,2
9690,9714.52,0.999,1,1,2043,857,0,0
9691,9715.51,0.984,1,1,2043,857,0,0
9692,9716.5,0.998,2,1,2043,857,0,0
9693,9717.5,1.0,1,1,2043,857,0,0
9694,9718.5,1.0,2,1,2043,857,0,0
9695,9719.5,1.0,1,1,2044,858,1,1
9696,9720.5,1.0,1,1,2044,858,0,0
9697,9721.5,1.0,2,1,2044,858,0,0
9698,9722.52,1.017,1,1,2046,858,2,0
9699,9723.52,1.003,2,1,2046,858,0,0
9700,9724.51,0.983,1,1,2046,858,0,0
9701,9725.5,0.998,1,1,2047,860,1,2
9702,9726.5,1.0,2,1,2047,860,0,0
9703,9727.5,1.0,1,1,2047,860,0,0
9704,9728.5,1.0,1,1,2047,860,0,0
9705,9729.5,1.0,2,1,2047,860,0,0
9706,9730.5,1.0,1,1,2047,860,0,0
9707,9731.5,1.0,1,1,2049,861,2,1
9708,9732.5,0.999,2,1,2049,861,0,0
9709,9733.5,1.001,1,1,2049,861,0,0
9710,9734.5,1.0,1,1,2049,861,0,0
9711,9735.5,1.0,2,1,2049,861,0,0
9712,9736.5,1.0,1,1,2049,861,0,0
9713,9737.5,1.001,2,2,2050,863,1,2
9714,9738.5,0.999,1,1,2050,863,0,0
9715,9739.52,1.019,1,1,2050,863,0,0
9716,9740.51,0.986,1,1,2050,863,0,0
9717,9741.5,0.996,2,1,2050,863,0,0
9718,9742.5,1.0,1,1,2050,863,0,0
9719,9743.5,1.0,1,1,2052,864,2,1
9720,9744.5,1.0,2,1,2052,864,0,0
9721,9745.5,1.001,1,1,2052,864,0,0
9722,9746.52,1.017,1,1,2052,864,0,0
9723,9747.51,0.987,2,1,2052,864,0,0
9724,9748.51,1.0,1,1,2052,864,0,0
9725,9749.5,0.997,1,2,2053,866,1,2
9726,9750.5,0.999,2,1,2053,866,0,0
9727,9751.56,1.053,1,1,2053,866,0,0
9728,9752.52,0.962,1,1,2053,866,0,0
9729,9753.51,0.986,1,1,2053,866,0,0
9730,9754.5,0.998,2,1,2056,867,3,1
9731,9755.52,1.016,1,1,2056,867,0,0
9732,9756.52,1.002,1,1,2056,867,0,0
9733,9757.5,0.982,1,2,2056,867,0,0
9734,9758.5,1.0,2,1,2056,867,0,0
9735,9759.5,0.999,1,1,2056,867,0,0
9736,9760.5,1.001,1,1,2059,869,3,2
9737,9761.52,1.02,2,1,2059,869,0,0
9738,9762.51,0.982,1,1,2059,869,0,0
9739,9763.52,1.015,1,2,2059,869,0,0
9740,9764.52,1.003,1,1,2059,869,0,0
9741,9765.51,0.982,1,1,2059,869,0,0
9742,9766.5,0.998,2,1,2059,869,0,0
9743,9767.5,1.0,1,1,2061,870,2,1
9744,9768.5,1.0,1,1,2061,870,0,0
9745,9769.5,1.001,1,2,2061,870,0,0
9746,9770.5,1.0,2,1,2061,870,0,0
9747,9771.5,1.0,1,1,2061,870,0,0
9748,9772.5,0.999,1,1,2061,870,0,0
9749,9773.5,1.0,1,1,2062,872,1,2
9750,9774.57,1.068,1,2,2062,872,0,0
9751,9775.51,0.935,2,1,2062,872,0,0
9752,9776.51,1.003,1,1,2062,872,0,0
9753,9777.52,1.011,1,1,2062,872,0,0
9754,9778.51,0.987,1,1,2062,872,0,0
9755,9779.5,0.997,1,2,2064,873,2,1
9756,9780.52,1.019,2,1,2064,873,0,0
9757,9781.51,0.984,1,1,2064,873,0,0
9758,9782.5,0.999,1,1,2064,873,0,0
9759,9783.5,0.999,1,2,2064,873,0,0
9760,9784.5,1.0,1,1,2064,875,0,2
9761,9785.5,1.0,1,1,2065,876,1,1
9762,9786.5,0.999,2,1,2065,876,0,0
9763,9787.5,1.001,1,2,2065,876,0,0
9764,9788.5,0.999,1,1,2065,876,0,0
9765,9789.53,1.025,1,1,2067,876,2,0
9766,9790.51,0.982,1,1,2068,878,1,2
9767,9791.52,1.012,1,2,2068,878,0,0
9768,9792.5,0.984,1,1,2068,878,0,0
9769,9793.51,1.005,2,1,2068,878,0,0
9770,9794.5,0.994,1,1,2068,878,0,0
9771,9795.5,1.001,1,2,2068,878,0,0
9772,9796.5,0.999,1,1,2070,878,2,0
9773,9797.52,1.019,1,1,2071,879,1,1
9774,9798.53,1.01,1,2,2071,879,0,0
9775,9799.54,1.011,1,1,2071,879,0,0
9776,9800.51,0.963,1,1,2071,879,0,0
9777,9801.59,1.084,1,2,2071,879,0,0
9778,9802.51,0.917,2,1,2071,879,0,0
9779,9803.5,0.996,1,1,2073,881,2,2
9780,9804.5,1.0,1,1,2073,881,0,0
9781,9805.5,1.0,1,2,2073,881,0,0
9782,9806.52,1.014,1,1,2073,881,0,0
9783,9807.52,1.004,1,1,2073,881,0,0
9784,9808.5,0.982,1,2,2073,882,0,1
9785,9809.5,0.999,1,1,2073,882,0,0
9786,9810.5,1.0,1,1,2074,884,1,2
9787,9811.5,1.0,1,2,2074,884,0,0
9788,9812.5,1.0,1,1,2074,884,0,0
9789,9813.5,1.0,1,1,2074,884,0,0
9790,9814.5,1.002,1,2,2074,884,0,0
9791,9815.5,0.998,1,1,2074,884,0,0
9792,9816.54,1.035,1,2,2076,885,2,1
9793,9817.51,0.968,1,1,2076,885,0,0
9794,9818.5,0.998,1,1,2076,885,0,0
9795,9819.52,1.016,1,2,2076,885,0,0
9796,9820.51,0.988,2,1,2076,885,0,0
9797,9821.5,0.997,1,1,2076,885,0,0
9798,9822.51,1.004,1,2,2077,887,1,2
9799,9823.52,1.01,1,1,2077,887,0,0
9800,9824.55,1.033,1,1,2077,887,0,0
9801,9825.51,0.956,1,2,2077,887,0,0
9802,9826.5,0.998,1,1,2077,888,0,1
9803,9827.5,0.998,1,2,2079,890,2,2
9804,9828.52,1.016,0,1,2079,890,0,0
9805,9829.51,0.987,1,1,2079,890,0,0
9806,9830.5,0.998,1,2,2079,890,0,0
9807,9831.5,0.999,1,1,2079,890,0,0
9808,9832.5,1.0,1,2,2079,891,0,1
9809,9833.5,1.0,1,1,2080,893,1,2
9810,9834.52,1.018,1,1,2080,893,0,0
9811,9835.51,0.986,1,2,2080,893,0,0
9812,9836.5,0.997,1,1,2080,893,0,0
9813,9837.52,1.018,1,2,2080,893,0,0
9814,9838.54,1.022,1,1,2080,893,0,0
9815,9839.54,1.002,1,2,2080,894,0,1
9816,9840.52,0.974,1,1,2080,894,0,0
9817,9841.51,0.987,1,1,2080,894,0,0
9818,9842.5,0.998,1,2,2080,894,0,0
9819,9843.5,0.999,1,1,2080,894,0,0
9820,9844.5,0.999,1,2,2080,894,0,0
9821,9845.5,1.002,1,1,2080,894,0,0
9822,9846.5,1.0,0,2,2082,896,2,2
9823,9847.5,0.999,1,1,2082,896,0,0
9824,9848.5,1.0,1,2,2082,896,0,0
9825,9849.5,1.0,1,1,2082,896,0,0
9826,9850.5,0.999,1,1,2082,896,0,0
9827,9851.5,1.003,1,2,2082,896,0,0
9828,9852.55,1.045,1,1,2083,897,1,1
9829,9853.52,0.971,1,2,2083,897,0,0
9830,9854.51,0.986,0,1,2083,897,0,0
9831,9855.52,1.016,1,2,2083,897,0,0
9832,9856.51,0.987,1,1,2083,897,0,0
9833,9857.51,0.998,1,2,2083,897,0,0
9834,9858.55,1.038,1,1,2085,899,2,2
9835,9859.51,0.964,1,2,2085,899,0,0
9836,9860.51,0.996,1,1,2085,899,0,0
9837,9861.5,0.999,0,2,2085,899,0,0
9838,9862.5,0.999,1,1,2085,899,0,0
9839,9863.52,1.02,1,2,2086,902,1,3
9840,9864.51,0.984,1,1,2086,902,0,0
9841,9865.52,1.018,1,2,2086,902,0,0
9842,9866.51,0.982,0,1,2086,902,0,0
9843,9867.51,1.0,1,2,2086,902,0,0
9844,9868.5,0.999,1,1,2086,902,0,0
9845,9869.52,1.018,1,2,2086,903,0,1
9846,9870.52,1.001,1,1,2088,905,2,2
9847,9871.54,1.016,0,2,2088,905,0,0
9848,9872.52,0.981,1,1,2088,905,0,0
9849,9873.51,0.985,1,2,2088,905,0,0
9850,9874.5,0.998,1,1,2088,905,0,0
9851,9875.52,1.017,1,2,2089,908,1,3
9852,9876.51,0.987,0,1,2089,908,0,0
9853,9877.5,0.996,1,2,2089,908,0,0
9854,9878.52,1.016,1,1,2089,908,0,0
9855,9879.51,0.987,1,2,2089,908,0,0
9856,9880.52,1.017,0,1,2089,909,0,1
9857,9881.51,0.984,1,2,2089,911,0,2
9858,9882.5,0.997,1,1,2089,911,0,0
9859,9883.5,0.999,1,2,2089,911,0,0
9860,9884.5,1.001,0,2,2089,911,0,0
9861,9885.51,1.005,1,1,2089,911,0,0
9862,9886.52,1.012,1,2,2089,912,0,1
9863,9887.52,1.0,0,1,2091,914,2,2
9864,9888.52,0.999,1,2,2091,914,0,0
9865,9889.51,0.985,1,1,2091,914,0,0
9866,9890.5,0.998,0,2,2091,914,0,0
9867,9891.5,1.0,1,1,2091,914,0,0
9868,9892.5,0.999,1,2,2091,914,0,0
9869,9893.5,1.0,1,2,2091,915,0,1
9870,9894.5,1.0,0,1,2092,917,1,2
9871,9895.5,1.0,1,2,2092,917,0,0
9872,9896.54,1.04,1,1,2092,917,0,0
9873,9897.51,0.963,0,2,2092,917,0,0
9874,9898.5,0.997,1,1,2092,917,0,0
9875,9899.5,1.001,1,2,2092,917,0,0
9876,9900.5,1.0,0,2,2094,918,2,1
9877,9901.52,1.019,1,1,2094,918,0,0
9878,9902.53,1.007,0,2,2094,918,0,0
9879,9903.57,1.045,1,1,2094,918,0,0
9880,9904.52,0.942,1,2,2094,918,0,0
9881,9905.52,1.005,0,1,2095,921,1,3
9882,9906.5,0.981,1,2,2095,921,0,0
9883,9907.5,1.0,1,2,2095,921,0,0
9884,9908.5,1.001,0,1,2095,921,0,0
9885,9909.5,1.0,1,2,2095,921,0,0
9886,9910.5,1.0,0,1,2095,921,0,0
9887,9911.5,0.998,1,2,2095,921,0,0
9888,9912.5,1.001,0,2,2097,923,2,2
9889,9913.52,1.017,1,1,2097,923,0,0
9890,9914.54,1.017,1,2,2097,923,0,0
9891,9915.5,0.968,0,1,2097,923,0,0
9892,9916.5,0.999,1,2,2097,923,0,0
9893,9917.5,1.001,0,2,2097,924,0,1
9894,9918.5,0.999,1,1,2098,926,1,2
9895,9919.5,1.0,0,2,2098,926,0,0
9896,9920.52,1.019,1,1,2098,926,0,0
9897,9921.51,0.985,1,2,2098,926,0,0
9898,9922.52,1.015,0,2,2098,926,0,0
9899,9923.51,0.983,1,1,2098,926,0,0
9900,9924.61,1.104,0,2,2100,927,2,1
9901,9925.51,0.897,1,2,2100,927,0,0
9902,9926.5,0.997,0,1,2100,927,0,0
9903,9927.5,0.999,1,2,2100,927,0,0
9904,9928.5,1.001,0,1,2100,927,0,0
9905,9929.5,1.0,1,2,2100,929,0,2
9906,9930.5,0.999,0,2,2100,929,0,0
9907,9931.5,1.0,1,1,2100,930,0,1
9908,9932.5,1.0,0,2,2100,930,0,0
9909,9933.55,1.043,1,2,2100,930,0,0
9910,9934.51,0.96,0,1,2100,930,0,0
9911,9935.52,1.015,1,2,2100,932,0,2
9912,9936.52,1.004,0,2,2101,933,1,1
9913,9937.51,0.981,0,1,2101,933,0,0
9914,9938.5,0.997,1,2,2101,933,0,0
9915,9939.5,0.999,0,1,2101,933,0,0
9916,9940.5,1.001,1,2,2101,933,0,0
9917,9941.5,0.999,0,2,2101,933,0,0
9918,9942.5,1.0,1,1,2101,933,0,0
9919,9943.5,1.001,0,2,2103,935,2,2
9920,9944.5,0.999,1,2,2103,935,0,0
9921,9945.51,1.008,0,1,2103,935,0,0
9922,9946.52,1.012,0,2,2102,935,-1,0
9923,9947.51,0.983,1,2,2102,935,0,0
9924,9948.5,0.999,0,1,2102,935,0,0
9925,9949.5,0.999,1,2,2102,936,0,1
9926,9950.5,1.0,0,2,2100,936,-2,0
9927,9951.5,0.999,0,1,2099,936,-1,0
9928,9952.53,1.024,1,2,2097,936,-2,0
9929,9953.56,1.038,0,2,2097,936,0,0
9930,9954.53,0.961,0,1,2097,936,0,0
9931,9955.5,0.979,1,2,2097,936,0,0
9932,9956.5,0.999,0,2,2098,938,1,2
9933,9957.5,0.999,1,1,2097,938,-1,0
9934,9958.5,1.001,0,2,2094,938,-3,0
9935,9959.5,1.0,0,2,2094,938,0,0
9936,9960.54,1.039,1,1,2093,938,-1,0
9937,9961.52,0.977,0,2,2093,938,0,0
9938,9962.51,0.987,0,2,2093,938,0,0
9939,9963.52,1.016,1,1,2088,939,-5,1
9940,9964.54,1.015,0,2,2088,939,0,0
9941,9965.52,0.982,0,2,2082,939,-6,0
9942,9966.51,0.987,0,1,2082,939,0,0
9943,9967.5,0.998,1,2,2079,939,-3,0
9944,9968.5,1.0,0,2,2079,941,0,2
9945,9969.5,1.0,0,1,2079,941,0,0
9946,9970.52,1.02,1,2,2072,942,-7,1
9947,9971.51,0.983,0,2,2072,942,0,0
9948,9972.5,0.997,0,1,2061,942,-11,0
9949,9973.5,1.0,0,2,2061,942,0,0
9950,9974.5,1.0,1,2,2060,944,-1,2
9951,9975.5,1.0,0,1,2051,944,-9,0
9952,9976.5,0.999,0,2,2037,945,-14,1
9953,9977.5,1.0,0,2,2034,945,-3,0
9954,9978.5,1.0,1,2,2031,945,-3,0
9955,9979.5,0.999,0,1,2031,945,0,0
9956,9980.53,1.032,0,2,2028,948,-3,3
9957,9981.51,0.972,0,2,2028,948,0,0
9958,9982.5,0.997,1,1,2024,951,-4,3
9959,9983.5,0.999,0,2,2021,953,-3,2
9960,9984.5,1.0,0,2,2021,953,0,0
9961,9985.5,1.0,0,1,2006,954,-15,1
9962,9986.5,1.0,0,2,2006,954,0,0
9963,9987.52,1.022,1,2,2003,956,-3,2
9964,9988.51,0.982,0,1,2003,956,0,0
9965,9989.52,1.016,0,2,1991,957,-12,1
9966,9990.52,0.997,0,2,1991,957,0,0
9967,9991.51,0.987,0,2,1991,957,0,0
9968,9992.51,1.003,1,1,1991,957,0,0
9969,9993.5,0.996,0,2,1991,957,0,0
9970,9994.5,0.999,0,2,1991,957,0,0
9971,9995.5,1.0,0,1,1986,960,-5,3
9972,9996.5,1.001,0,2,1986,960,0,0
9973,9997.52,1.021,0,2,1983,960,-3,0
9974,9998.51,0.981,0,1,1983,960,0,0
9975,9999.52,1.016,1,2,1971,963,-12,3
9976,10000.51,0.984,0,2,1971,963,0,0
9977,10001.5,0.998,0,2,1967,963,-4,0
9978,10002.5,0.999,0,1,1934,969,-33,6
9979,10003.52,1.02,0,2,1934,969,0,0
9980,10004.54,1.019,0,2,1934,969,0,0
9981,10005.51,0.964,0,1,1934,969,0,0
9982,10006.5,0.998,0,2,1923,972,-11,3
9983,10007.5,1.0,0,2,1923,972,0,0
9984,10008.5,1.0,1,1,1919,974,-4,2
9985,10009.5,0.999,0,2,1919,974,0,0
9986,10010.53,1.025,0,2,1919,975,0,1
9987,10011.5,0.976,0,2,1919,975,0,0
9988,10012.52,1.019,0,1,1918,977,-1,2
9989,10013.51,0.983,0,2,1918,977,0,0
9990,10014.5,0.997,0,2,1908,978,-10,1
9991,10015.5,1.0,0,1,1893,981,-15,3
9992,10016.5,1.0,0,2,1893,981,0,0
9993,10017.5,1.0,0,2,1893,983,0,2
9994,10018.5,1.0,0,1,1892,983,-1,0
9995,10019.5,0.999,0,2,1892,983,0,0
9996,10020.52,1.02,0,2,1883,986,-9,3
9997,10021.51,0.984,0,2,1883,986,0,0
9998,10022.5,0.996,0,1,1880,987,-3,1
9999,10023.5,1.0,0,2,1880,989,0,2
10000,10024.5,1.001,0,2,1880,989,0,0
10001,10025.5,1.0,0,1,1878,989,-2,0
10002,10026.5,0.999,0,2,1878,989,0,0
10003,10027.5,1.002,0,2,1878,990,0,1
10004,10028.52,1.019,0,1,1871,992,-7,2
10005,10029.53,1.008,0,2,1871,992,0,0
10006,10030.51,0.976,0,2,1871,992,0,0
10007,10031.5,0.997,0,2,1871,993,0,1
10008,10032.52,1.014,0,1,1871,995,0,2
10009,10033.51,0.987,0,2,1871,995,0,0
10010,10034.5,0.997,0,2,1872,995,1,0
10011,10035.5,0.999,0,1,1873,995,1,0
10012,10036.52,1.018,0,2,1873,995,0,0
10013,10037.51,0.986,0,2,1873,995,0,0
10014,10038.5,0.999,0,2,1873,995,0,0
10015,10039.52,1.019,-1,1,1875,996,2,1
10016,10040.51,0.982,0,2,1875,996,0,0
10017,10041.5,0.997,0,2,1876,996,1,0
10018,10042.5,1.001,0,1,1876,996,0,0
10019,10043.55,1.043,0,2,1878,996,2,0
10020,10044.52,0.975,0,2,1878,998,0,2
10021,10045.51,0.984,0,1,1878,998,0,0
10022,10046.5,0.997,0,2,1878,998,0,0
10023,10047.52,1.02,0,2,1879,999,1,1
10024,10048.51,0.984,-1,2,1879,999,0,0
10025,10049.51,1.0,0,1,1884,999,5,0
10026,10050.52,1.015,0,2,1885,999,1,0
10027,10051.51,0.984,0,2,1885,999,0,0
10028,10052.5,0.998,0,1,1885,1001,0,2
10029,10053.5,1.0,0,2,1885,1001,0,0
10030,10054.52,1.017,0,2,1885,1002,0,1
10031,10055.57,1.045,-1,1,1897,1002,12,0
10032,10056.52,0.953,0,2,1897,1002,0,0
10033,10057.51,0.99,0,2,1897,1002,0,0
10034,10058.5,0.997,0,2,1900,1002,3,0
10035,10059.52,1.018,0,1,1900,1005,0,3
10036,10060.51,0.983,-1,2,1900,1005,0,0
10037,10061.51,1.0,0,2,1909,1004,9,-1
10038,10062.54,1.039,0,1,1917,1003,8,-1
10039,10063.52,0.975,0,2,1917,1003,0,0
10040,10064.52,1.0,0,2,1920,1004,3,1
10041,10065.51,0.985,-1,1,1920,1004,0,0
10042,10066.5,0.999,0,2,1920,1004,0,0
10043,10067.5,1.0,0,2,1920,1005,0,1
10044,10068.5,1.0,0,1,1923,1005,3,0
10045,10069.5,1.0,-1,2,1938,1003,15,-2
10046,10070.5,1.0,0,2,1938,1003,0,0
10047,10071.52,1.019,0,1,1939,1004,1,1
10048,10072.52,1.001,0,2,1939,1004,0,0
10049,10073.51,0.984,-1,2,1939,1004,0,0
10050,10074.59,1.085,0,2,1942,1005,3,1
10051,10075.51,0.917,0,1,1942,1005,0,0
10052,10076.5,0.997,0,2,1957,1003,15,-2
10053,10077.5,0.999,-1,2,1957,1003,0,0
10054,10078.5,1.0,0,1,1957,1003,0,0
10055,10079.52,1.019,0,2,1960,1003,3,0
10056,10080.52,1.002,-1,2,1960,1004,0,1
10057,10081.51,0.983,0,1,1960,1004,0,0
10058,10082.5,0.997,0,2,1971,1001,11,-3
10059,10083.5,1.0,0,2,1971,1001,0,0
10060,10084.5,1.0,-1,1,1975,1001,4,0
10061,10085.5,1.0,0,2,1975,1001,0,0
10062,10086.5,1.0,0,2,1975,1001,0,0
10063,10087.5,1.0,-1,1,1975,1002,0,1
10064,10088.52,1.021,0,2,1995,998,20,-4
10065,10089.52,0.999,0,2,1995,998,0,0
10066,10090.52,0.999,-1,1,1995,998,0,0
10067,10091.51,0.985,0,2,1995,998,0,0
10068,10092.5,0.998,-1,2,1999,998,4,0
10069,10093.5,0.999,0,1,1999,999,0,1
10070,10094.5,1.001,0,2,1999,999,0,0
10071,10095.52,1.015,-1,2,2002,998,3,-1
10072,10096.51,0.988,0,1,2002,998,0,0
10073,10097.52,1.017,0,2,2010,999,8,1
10074,10098.51,0.981,-1,2,2010,999,0,0
10075,10099.5,0.997,0,1,2010,999,0,0
10076,10100.5,1.0,-1,2,2010,999,0,0
10077,10101.52,1.018,0,2,2011,1000,1,1
10078,10102.51,0.984,0,1,2011,1000,0,0
10079,10103.52,1.018,-1,2,2017,998,6,-2
10080,10104.51,0.984,0,2,2017,998,0,0
10081,10105.56,1.057,-1,1,2019,998,2,0
10082,10106.55,0.99,0,2,2019,999,0,1
10083,10107.52,0.967,-1,1,2020,999,1,0
10084,10108.51,0.987,0,2,2020,999,0,0
10085,10109.52,1.015,-1,2,2022,998,2,-1
10086,10110.51,0.984,0,1,2022,998,0,0
10087,10111.5,0.997,0,2,2022,999,0,1
10088,10112.53,1.032,-1,2,2022,999,0,0
10089,10113.52,0.987,0,1,2022,1001,0,2
10090,10114.51,0.984,-1,2,2022,1001,0,0
10091,10115.5,0.999,0,2,2022,1001,0,0
10092,10116.5,0.998,-1,1,2022,1001,0,0
10093,10117.52,1.019,0,2,2022,1002,0,1
10094,10118.51,0.984,-1,1,2022,1002,0,0
10095,10119.5,0.999,0,2,2022,1002,0,0
10096,10120.52,1.015,-1,2,2022,1004,0,2
10097,10121.51,0.987,0,1,2022,1004,0,0
10098,10122.52,1.018,-1,2,2022,1004,0,0
10099,10123.51,0.982,0,2,2022,1004,0,0
10100,10124.5,0.997,-1,1,2022,1004,0,0
10101,10125.5,1.0,0,2,2022,1005,0,1
10102,10126.5,1.0,-1,1,2022,1007,0,2
10103,10127.5,1.0,-1,2,2022,1007,0,0
10104,10128.5,1.0,0,2,2022,1007,0,0
10105,10129.5,1.0,-1,1,2022,1007,0,0
10106,10130.52,1.019,0,2,2022,1007,0,0
10107,10131.52,0.999,-1,2,2022,1008,0,1
10108,10132.51,0.984,0,1,2022,1008,0,0
10109,10133.5,0.997,-1,2,2022,1008,0,0
10110,10134.5,1.001,-1,1,2022,1008,0,0
10111,10135.5,0.999,0,2,2022,1008,0,0
10112,10136.52,1.02,-1,2,2022,1008,0,0
10113,10137.51,0.99,0,1,2022,1010,0,2
10114,10138.51,0.996,-1,2,2021,1011,-1,1
10115,10139.52,1.016,0,1,2021,1011,0,0
10116,10140.51,0.982,-1,2,2021,1011,0,0
10117,10141.5,0.998,-1,2,2021,1011,0,0
10118,10142.5,1.0,0,1,2021,1011,0,0
10119,10143.5,1.0,-1,2,2021,1013,0,2
10120,10144.5,0.999,-1,1,2019,1014,-2,1
10121,10145.5,1.0,0,2,2019,1014,0,0
10122,10146.5,1.002,-1,1,2019,1014,0,0
10123,10147.5,0.999,0,2,2019,1014,0,0
10124,10148.5,0.999,-1,2,2019,1014,0,0
10125,10149.5,1.0,-1,1,2019,1014,0,0
10126,10150.52,1.019,0,2,2019,1016,0,2
10127,10151.51,0.984,-1,1,2019,1016,0,0
10128,10152.52,1.017,-1,2,2019,1016,0,0
10129,10153.51,0.983,0,1,2019,1016,0,0
10130,10154.5,0.998,-1,2,2019,1016,0,0
10131,10155.52,1.019,-1,2,2019,1019,0,3
10132,10156.54,1.013,-1,1,2019,1019,0,0
10133,10157.52,0.988,0,2,2019,1019,0,0
10134,10158.51,0.983,-1,1,2019,1019,0,0
10135,10159.54,1.033,-1,2,2019,1019,0,0
10136,10160.52,0.978,0,1,2019,1019,0,0
10137,10161.51,0.987,-1,2,2019,1019,0,0
10138,10162.5,0.999,-1,1,2019,1019,0,0
10139,10163.55,1.042,0,2,2018,1020,-1,1
10140,10164.51,0.962,-1,1,2018,1020,0,0
10141,10165.5,0.997,-1,2,2018,1020,0,0
10142,10166.5,0.999,-1,2,2018,1020,0,0
10143,10167.52,1.018,0,1,2018,1022,0,2
10144,10168.51,0.984,-1,2,2018,1022,0,0
10145,10169.5,0.998,-1,1,2018,1023,0,1
10146,10170.5,1.0,-1,2,2018,1023,0,0
10147,10171.5,1.0,0,1,2018,1023,0,0
10148,10172.52,1.017,-1,2,2018,1023,0,0
10149,10173.51,0.986,-1,1,2018,1025,0,2
10150,10174.5,0.997,-1,2,2018,1025,0,0
10151,10175.5,1.0,-1,1,2018,1026,0,1
10152,10176.5,1.0,0,2,2018,1026,0,0
10153,10177.5,1.0,-1,1,2018,1026,0,0
10154,10178.5,1.0,-1,2,2018,1026,0,0
10155,10179.5,1.0,-1,1,2018,1026,0,0
10156,10180.5,0.999,-1,2,2016,1028,-2,2
10157,10181.52,1.018,0,1,2016,1028,0,0
10158,10182.52,0.999,-1,2,2016,1028,0,0
10159,10183.51,0.986,-1,1,2016,1028,0,0
10160,10184.5,0.998,-1,2,2016,1028,0,0
10161,10185.52,1.019,-1,1,2016,1028,0,0
10162,10186.51,0.983,0,2,2016,1028,0,0
10163,10187.5,0.998,-1,1,2015,1029,-1,1
10164,10188.5,0.999,-1,2,2015,1029,0,0
10165,10189.5,1.0,-1,1,2015,1029,0,0
10166,10190.5,1.0,-1,2,2015,1029,0,0
10167,10191.5,1.002,-1,1,2015,1029,0,0
10168,10192.5,0.999,-1,2,2015,1029,0,0
10169,10193.52,1.019,0,1,2015,1031,0,2
10170,10194.5,0.983,-1,2,2015,1031,0,0
10171,10195.5,0.999,-1,1,2015,1031,0,0
10172,10196.5,0.999,-1,2,2015,1031,0,0
10173,10197.52,1.021,-1,1,2015,1031,0,0
10174,10198.51,0.982,-1,1,2015,1031,0,0
10175,10199.52,1.017,-1,2,2013,1032,-2,1
10176,10200.51,0.982,-1,1,2013,1032,0,0
10177,10201.52,1.016,0,2,2013,1032,0,0
10178,10202.51,0.984,-1,1,2013,1032,0,0
10179,10203.5,0.997,-1,2,2013,1032,0,0
10180,10204.5,1.0,-1,1,2013,1032,0,0
10181,10205.52,1.021,-1,2,2013,1034,0,2
10182,10206.53,1.011,-1,1,2013,1034,0,0
10183,10207.51,0.972,-1,1,2013,1034,0,0
10184,10208.51,0.999,-1,2,2013,1034,0,0
10185,10209.56,1.051,-1,1,2013,1035,0,1
10186,10210.5,0.947,-1,2,2013,1035,0,0
10187,10211.52,1.017,-1,1,2012,1037,-1,2
10188,10212.52,1.003,-1,1,2012,1037,0,0
10189,10213.52,0.998,-1,2,2012,1037,0,0
10190,10214.54,1.014,-1,1,2012,1037,0,0
10191,10215.52,0.982,-1,2,2012,1037,0,0
10192,10216.51,0.988,-1,1,2012,1038,0,1
10193,10217.5,0.999,-1,2,2010,1040,-2,2
10194,10218.5,0.999,-1,1,2010,1040,0,0
10195,10219.5,1.0,0,1,2010,1040,0,0
10196,10220.5,1.0,-1,2,2010,1040,0,0
10197,10221.5,1.0,-1,1,2010,1040,0,0
10198,10222.5,1.0,-1,1,2010,1040,0,0
10199,10223.5,1.001,-1,2,2009,1041,-1,1
10200,10224.57,1.062,-1,1,2009,1041,0,0
10201,10225.51,0.941,-1,2,2009,1041,0,0
10202,10226.51,1.003,-1,1,2009,1041,0,0
10203,10227.5,0.994,-2,1,2009,1041,0,0
10204,10228.5,1.0,-1,2,2009,1041,0,0
10205,10229.5,1.0,-1,1,2007,1043,-2,2
10206,10230.5,1.001,-1,1,2007,1043,0,0
10207,10231.5,0.999,-1,2,2007,1043,0,0
10208,10232.5,1.001,-1,1,2007,1043,0,0
10209,10233.5,0.998,-1,1,2007,1043,0,0
10210,10234.5,1.001,-1,2,2007,1043,0,0
10211,10235.5,1.0,-1,1,2006,1044,-1,1
10212,10236.5,1.0,-1,2,2006,1044,0,0
10213,10237.5,1.0,-1,1,2006,1044,0,0
10214,10238.52,1.02,-1,1,2006,1044,0,0
10215,10239.52,1.0,-1,1,2006,1044,0,0
10216,10240.51,0.983,-1,2,2006,1044,0,0
10217,10241.5,0.998,-1,1,2004,1046,-2,2
10218,10242.5,0.999,-1,1,2004,1046,0,0
10219,10243.5,1.0,-1,2,2004,1046,0,0
10220,10244.5,1.0,-1,1,2004,1046,0,0
10221,10245.5,1.0,-2,1,2004,1046,0,0
10222,10246.5,1.0,-1,2,2004,1047,0,1
10223,10247.52,1.02,-1,1,2003,1049,-1,2
10224,10248.51,0.985,-1,1,2003,1049,0,0
10225,10249.57,1.06,-1,2,2003,1049,0,0
10226,10250.52,0.952,-1,1,2003,1049,0,0
10227,10251.5,0.984,-1,1,2003,1049,0,0
10228,10252.5,0.998,-1,1,2003,1049,0,0
10229,10253.52,1.021,-1,2,2001,1050,-2,1
10230,10254.51,0.982,-2,1,2001,1050,0,0
10231,10255.52,1.017,-1,1,2001,1050,0,0
10232,10256.51,0.99,-1,2,2001,1050,0,0
10233,10257.5,0.992,-1,1,2001,1050,0,0
10234,10258.51,1.002,-1,1,2001,1050,0,0
10235,10259.5,0.996,-1,1,2000,1052,-1,2
10236,10260.59,1.083,-1,2,2000,1052,0,0
10237,10261.52,0.937,-2,1,2000,1052,0,0
10238,10262.51,0.983,-1,1,2000,1052,0,0
10239,10263.5,0.998,-1,1,2000,1052,0,0
10240,10264.52,1.018,-1,2,1997,1053,-3,1
10241,10265.54,1.023,-1,1,1997,1053,0,0
10242,10266.52,0.975,-1,1,1997,1053,0,0
10243,10267.51,0.987,-2,1,1997,1053,0,0
10244,10268.5,0.997,-1,2,1997,1053,0,0
10245,10269.5,0.999,-1,1,1997,1053,0,0
10246,10270.5,1.0,-1,1,1997,1055,0,2
10247,10271.5,1.001,-1,1,1995,1056,-2,1
10248,10272.5,0.999,-2,1,1995,1056,0,0
10249,10273.5,1.001,-1,2,1995,1056,0,0
10250,10274.5,0.999,-1,1,1995,1056,0,0
10251,10275.5,1.002,-1,1,1995,1056,0,0
10252,10276.5,0.998,-1,1,1995,1056,0,0
10253,10277.5,1.002,-2,1,1994,1058,-1,2
10254,10278.5,0.999,-1,2,1994,1058,0,0
10255,10279.5,1.0,-1,1,1994,1058,0,0
10256,10280.53,1.023,-1,1,1994,1058,0,0
10257,10281.5,0.98,-2,1,1994,1058,0,0
10258,10282.5,0.999,-1,1,1992,1058,-2,0
10259,10283.5,0.999,-1,1,1992,1058,0,0
10260,10284.5,1.0,-1,2,1991,1059,-1,1
10261,10285.5,1.0,-1,1,1991,1059,0,0
10262,10286.5,1.0,-2,1,1991,1059,0,0
10263,10287.5,1.0,-1,1,1991,1059,0,0
10264,10288.5,1.0,-1,1,1991,1061,0,2
10265,10289.53,1.026,-2,1,1989,1062,-2,1
10266,10290.51,0.985,-1,2,1989,1062,0,0
10267,10291.52,1.008,-1,1,1989,1062,0,0
10268,10292.51,0.984,-1,1,1989,1062,0,0
10269,10293.5,0.999,-2,1,1989,1062,0,0
10270,10294.5,0.999,-1,1,1989,1064,0,2
10271,10295.5,0.999,-1,1,1989,1064,0,0
10272,10296.5,1.001,-1,1,1988,1065,-1,1
10273,10297.52,1.019,-2,1,1988,1065,0,0
10274,10298.51,0.983,-1,1,1988,1065,0,0
10275,10299.5,0.997,-1,2,1988,1065,0,0
10276,10300.5,1.0,-2,1,1988,1067,0,2
10277,10301.5,1.0,-1,1,1988,1067,0,0
10278,10302.5,1.0,-1,1,1986,1068,-2,1
10279,10303.5,1.0,-2,1,1986,1068,0,0
10280,10304.5,1.0,-1,1,1986,1068,0,0
10281,10305.5,1.0,-1,1,1986,1068,0,0
10282,10306.52,1.022,-2,1,1986,1068,0,0
10283,10307.54,1.014,-1,1,1985,1070,-1,2
10284,10308.51,0.967,-1,1,1985,1070,0,0
10285,10309.5,0.997,-1,1,1985,1070,0,0
10286,10310.57,1.066,-2,1,1985,1070,0,0
10287,10311.52,0.95,-1,2,1985,1070,0,0
10288,10312.51,0.987,-2,1,1985,1070,0,0
10289,10313.5,0.998,-1,1,1985,1070,0,0
10290,10314.5,1.0,-1,1,1983,1071,-2,1
10291,10315.5,0.999,-2,1,1983,1071,0,0
10292,10316.5,1.002,-1,1,1983,1071,0,0
10293,10317.5,0.999,-1,1,1983,1071,0,0
10294,10318.5,0.999,-2,1,1983,1071,0,0
10295,10319.5,1.0,-1,1,1983,1071,0,0
10296,10320.52,1.02,-1,1,1982,1073,-1,2
10297,10321.58,1.056,-2,1,1982,1073,0,0
10298,10322.52,0.945,-1,1,1982,1073,0,0
10299,10323.51,0.983,-1,1,1982,1073,0,0
10300,10324.5,0.997,-2,1,1982,1073,0,0
10301,10325.52,1.019,-1,1,1979,1074,-3,1
10302,10326.51,0.983,-2,1,1979,1074,0,0
10303,10327.5,0.998,-1,1,1979,1074,0,0
10304,10328.52,1.016,-1,1,1979,1074,0,0
10305,10329.52,1.001,-2,1,1979,1074,0,0
10306,10330.5,0.985,-1,1,1979,1074,0,0
10307,10331.5,0.998,-2,1,1977,1074,-2,0
10308,10332.5,1.0,-1,1,1976,1076,-1,2
10309,10333.5,1.0,-1,1,1976,1076,0,0
10310,10334.5,1.0,-2,1,1976,1076,0,0
10311,10335.5,1.0,-1,1,1976,1076,0,0
10312,10336.5,0.999,-2,1,1976,1076,0,0
10313,10337.52,1.02,-1,0,1974,1077,-2,1
10314,10338.51,0.983,-2,1,1974,1077,0,0
10315,10339.5,0.996,-1,1,1974,1077,0,0
10316,10340.5,1.0,-1,1,1974,1077,0,0
10317,10341.5,1.001,-2,1,1974,1077,0,0
10318,10342.5,1.0,-1,1,1974,1077,0,0
10319,10343.5,0.999,-2,1,1974,1077,0,0
10320,10344.5,1.001,-1,1,1973,1079,-1,2
10321,10345.5,0.999,-2,1,1973,1079,0,0
10322,10346.5,1.001,-1,1,1973,1079,0,0
10323,10347.52,1.021,-1,1,1973,1079,0,0
10324,10348.51,0.982,-2,1,1973,1079,0,0
10325,10349.5,0.998,-1,0,1973,1079,0,0
10326,10350.5,0.999,-2,1,1971,1080,-2,1
10327,10351.5,1.0,-1,1,1971,1080,0,0
10328,10352.55,1.043,-2,1,1971,1080,0,0
10329,10353.51,0.959,-1,1,1971,1080,0,0
10330,10354.5,0.997,-2,1,1971,1080,0,0
10331,10355.5,0.999,-1,1,1970,1080,-1,0
10332,10356.5,1.001,-2,1,1968,1082,-2,2
10333,10357.54,1.038,-1,0,1968,1082,0,0
10334,10358.52,0.978,-2,1,1968,1082,0,0
10335,10359.5,0.986,-1,1,1968,1082,0,0
10336,10360.5,0.998,-2,1,1968,1082,0,0
10337,10361.57,1.071,-1,1,1968,1082,0,0
10338,10362.5,0.931,-2,1,1967,1083,-1,1
10339,10363.5,1.0,-1,0,1967,1083,0,0
10340,10364.52,1.015,-1,1,1967,1083,0,0
10341,10365.51,0.985,-2,1,1967,1083,0,0
10342,10366.5,0.997,-1,1,1967,1083,0,0
10343,10367.5,1.001,-2,1,1967,1083,0,0
10344,10368.55,1.048,-2,0,1965,1083,-2,0
10345,10369.51,0.954,-1,1,1965,1083,0,0
10346,10370.5,0.997,-2,1,1965,1083,0,0
10347,10371.5,1.0,-1,1,1965,1083,0,0
10348,10372.53,1.024,-2,1,1965,1083,0,0
10349,10373.51,0.979,-1,0,1965,1083,0,0
10350,10374.56,1.058,-2,1,1964,1083,-1,0
10351,10375.51,0.943,-1,1,1964,1083,0,0
10352,10376.5,0.999,-2,1,1964,1083,0,0
10353,10377.5,0.998,-1,0,1964,1083,0,0
10354,10378.5,1.0,-2,1,1964,1083,0,0
10355,10379.5,0.999,-1,1,1964,1083,0,0
10356,10380.52,1.021,-2,1,1962,1085,-2,2
10357,10381.51,0.983,-1,0,1962,1085,0,0
10358,10382.5,0.997,-2,1,1962,1085,0,0
10359,10383.5,0.999,-1,1,1962,1085,0,0
10360,10384.56,1.059,-2,1,1962,1085,0,0
10361,10385.52,0.958,-1,0,1962,1085,0,0
10362,10386.5,0.985,-2,1,1962,1085,0,0
10363,10387.5,0.997,-2,1,1961,1086,-1,1
10364,10388.5,1.001,-1,0,1961,1086,0,0
10365,10389.5,0.999,-2,1,1961,1086,0,0
10366,10390.5,1.001,-1,1,1961,1086,0,0
10367,10391.52,1.019,-2,0,1961,1086,0,0
10368,10392.51,0.983,-1,1,1961,1086,0,0
10369,10393.5,0.998,-2,1,1959,1086,-2,0
10370,10394.5,1.001,-1,1,1959,1086,0,0
10371,10395.5,0.999,-2,0,1959,1086,0,0
10372,10396.5,1.0,-2,1,1959,1086,0,0
10373,10397.5,1.0,-1,1,1958,1086,-1,0
10374,10398.5,1.0,-2,0,1958,1086,0,0
10375,10399.52,1.02,-1,1,1956,1088,-2,2
10376,10400.51,0.984,-2,0,1956,1088,0,0
10377,10401.5,0.996,-1,1,1956,1088,0,0
10378,10402.5,1.0,-2,1,1956,1088,0,0
10379,10403.5,1.001,-2,0,1955,1088,-1,0
10380,10404.5,0.999,-1,1,1955,1088,0,0
10381,10405.52,1.022,-2,1,1953,1089,-2,1
10382,10406.51,0.983,-1,0,1953,1089,0,0
10383,10407.5,0.998,-2,1,1953,1089,0,0
10384,10408.5,1.0,-2,0,1953,1089,0,0
10385,10409.54,1.036,-1,1,1953,1089,0,0
10386,10410.51,0.966,-2,1,1953,1089,0,0
10387,10411.5,0.999,-1,0,1952,1091,-1,2
10388,10412.55,1.045,-2,1,1952,1091,0,0
10389,10413.5,0.955,-2,0,1952,1091,0,0
10390,10414.53,1.026,-1,1,1950,1091,-2,0
10391,10415.51,0.977,-2,1,1950,1091,0,0
10392,10416.51,0.998,-1,0,1950,1091,0,0
10393,10417.5,0.998,-2,1,1949,1092,-1,1
10394,10418.5,1.0,-2,0,1949,1092,0,0
10395,10419.5,1.001,-1,1,1949,1092,0,0
10396,10420.52,1.013,-2,0,1949,1092,0,0
10397,10421.51,0.989,-1,1,1949,1092,0,0
10398,10422.53,1.026,-2,0,1947,1092,-2,0
10399,10423.51,0.975,-2,1,1947,1092,0,0
10400,10424.52,1.01,-1,0,1947,1092,0,0
10401,10425.5,0.988,-2,1,1947,1092,0,0
10402,10426.5,0.999,-2,0,1947,1092,0,0
10403,10427.5,0.999,-1,1,1947,1092,0,0
10404,10428.5,1.0,-2,0,1946,1092,-1,0
10405,10429.5,1.0,-1,1,1944,1094,-2,2
10406,10430.52,1.021,-2,0,1944,1094,0,0
10407,10431.5,0.981,-2,1,1944,1094,0,0
10408,10432.5,1.0,-1,0,1944,1094,0,0
10409,10433.5,0.997,-2,1,1944,1094,0,0
10410,10434.5,1.0,-2,0,1943,1094,-1,0
10411,10435.5,1.001,-1,1,1941,1095,-2,1
10412,10436.5,0.999,-2,0,1941,1095,0,0
10413,10437.5,1.0,-2,1,1941,1095,0,0
10414,10438.5,1.002,-1,0,1941,1095,0,0
10415,10439.5,0.999,-2,1,1940,1095,-1,0
10416,10440.52,1.021,-1,0,1938,1095,-2,0
10417,10441.51,0.983,-2,1,1938,1095,0,0
10418,10442.5,0.997,-2,0,1938,1095,0,0
10419,10443.5,1.0,-1,0,1938,1095,0,0
10420,10444.5,1.001,-2,1,1938,1095,0,0
10421,10445.5,0.999,-2,0,1938,1095,0,0
10422,10446.5,1.0,-1,1,1937,1095,-1,0
10423,10447.52,1.019,-2,0,1935,1095,-2,0
10424,10448.51,0.984,-2,0,1935,1095,0,0
10425,10449.5,0.998,-1,1,1935,1095,0,0
10426,10450.5,0.999,-2,0,1935,1095,0,0
10427,10451.5,0.999,-2,1,1935,1095,0,0
10428,10452.5,0.999,-1,0,1934,1095,-1,0
10429,10453.5,1.001,-2,0,1932,1095,-2,0
10430,10454.5,0.999,-2,1,1932,1095,0,0
10431,10455.52,1.021,-1,0,1932,1095,0,0
10432,10456.51,0.983,-2,0,1932,1095,0,0
10433,10457.5,0.997,-2,1,1932,1095,0,0
10434,10458.5,1.0,-1,0,1931,1095,-1,0
10435,10459.53,1.032,-2,1,1929,1095,-2,0
10436,10460.5,0.97,-2,0,1929,1095,0,0
10437,10461.5,0.998,-1,0,1929,1095,0,0
10438,10462.5,1.002,-2,1,1929,1095,0,0
10439,10463.55,1.041,-2,0,1929,1095,0,0
10440,10464.52,0.975,-1,0,1929,1095,0,0
10441,10465.53,1.007,-2,0,1929,1095,0,0
10442,10466.51,0.98,-2,1,1928,1097,-1,2
10443,10467.52,1.012,-1,0,1928,1097,0,0
10444,10468.51,0.986,-2,0,1928,1097,0,0
10445,10469.53,1.027,-2,1,1926,1097,-2,0
10446,10470.52,0.986,-1,0,1926,1097,0,0
10447,10471.5,0.984,-2,0,1926,1097,0,0
10448,10472.52,1.018,-2,1,1925,1098,-1,1
10449,10473.51,0.984,-1,0,1925,1098,0,0
10450,10474.5,0.997,-2,0,1925,1098,0,0
10451,10475.5,1.0,-2,0,1923,1098,-2,0
10452,10476.5,1.0,-2,1,1923,1098,0,0
10453,10477.5,1.0,-1,0,1923,1098,0,0
10454,10478.52,1.017,-2,0,1922,1100,-1,2
10455,10479.51,0.988,-2,0,1922,1100,0,0
10456,10480.5,0.996,-1,1,1922,1100,0,0
10457,10481.5,0.999,-2,0,1922,1100,0,0
10458,10482.5,1.0,-2,0,1922,1100,0,0
10459,10483.5,0.999,-1,0,1922,1100,0,0
10460,10484.5,1.001,-2,0,1922,1100,0,0
10461,10485.5,1.0,-2,1,1920,1100,-2,0
10462,10486.5,1.0,-1,0,1920,1100,0,0
10463,10487.5,1.0,-2,0,1920,1100,0,0
10464,10488.5,1.0,-2,0,1919,1100,-1,0
10465,10489.53,1.028,-2,0,1919,1100,0,0
10466,10490.52,0.992,-1,1,1919,1100,0,0
10467,10491.52,1.001,-2,0,1917,1100,-2,0
10468,10492.5,0.981,-2,0,1917,1100,0,0
10469,10493.5,0.999,-1,0,1917,1100,0,0
10470,10494.53,1.023,-2,0,1916,1100,-1,0
10471,10495.5,0.979,-2,0,1916,1100,0,0
10472,10496.5,0.998,-1,1,1916,1100,0,0
10473,10497.53,1.026,-2,0,1914,1101,-2,1
10474,10498.51,0.981,-2,0,1914,1101,0,0
10475,10499.52,1.012,-1,0,1914,1101,0,0
10476,10500.5,0.984,-2,0,1914,1101,0,0
10477,10501.5,0.998,-2,0,1913,1101,-1,0
10478,10502.5,1.0,-2,0,1913,1101,0,0
10479,10503.5,1.0,-1,0,1913,1101,0,0
10480,10504.5,1.0,-2,1,1911,1101,-2,0
10481,10505.52,1.019,-2,0,1911,1101,0,0
10482,10506.51,0.984,-1,0,1911,1101,0,0
10483,10507.5,0.997,-2,0,1910,1101,-1,0
10484,10508.5,1.0,-2,0,1910,1101,0,0
10485,10509.57,1.064,-1,0,1908,1101,-2,0
10486,10510.52,0.95,-2,0,1908,1101,0,0
10487,10511.52,1.002,-2,0,1907,1101,-1,0
10488,10512.51,0.988,-2,0,1907,1101,0,0
10489,10513.5,0.996,-1,0,1907,1101,0,0
10490,10514.5,1.0,-2,0,1904,1101,-3,0
10491,10515.5,0.999,-2,0,1904,1101,0,0
10492,10516.5,0.999,-1,0,1904,1101,0,0
10493,10517.5,1.0,-2,0,1902,1103,-2,2
10494,10518.5,1.0,-2,0,1901,1103,-1,0
10495,10519.5,1.0,-2,0,1899,1103,-2,0
10496,10520.5,1.001,-1,0,1899,1103,0,0
10497,10521.5,1.0,-2,0,1898,1103,-1,0
10498,10522.5,1.0,-2,0,1898,1103,0,0
10499,10523.52,1.02,-1,0,1896,1103,-2,0
10500,10524.57,1.043,-2,0,1893,1103,-3,0
10501,10525.51,0.942,-2,0,1893,1103,0,0
10502,10526.5,0.995,-1,0,1890,1102,-3,-1
10503,10527.52,1.021,-2,0,1890,1102,0,0
10504,10528.52,0.994,-2,0,1890,1102,0,0
10505,10529.51,0.992,-2,0,1890,1102,0,0
10506,10530.53,1.023,-1,0,1887,1102,-3,0
10507,10531.52,0.989,-2,0,1887,1102,0,0
10508,10532.51,0.983,-2,0,1878,1100,-9,-2
10509,10533.5,0.997,-1,0,1878,1100,0,0
10510,10534.5,0.999,-2,0,1877,1100,-1,0
10511,10535.5,1.0,-2,0,1875,1100,-2,0
10512,10536.5,0.999,-2,0,1875,1100,0,0
10513,10537.5,1.0,-1,0,1874,1100,-1,0
10514,10538.5,0.999,-2,0,1871,1099,-3,-1
10515,10539.52,1.023,-2,0,1862,1097,-9,-2
10516,10540.51,0.981,-1,0,1862,1097,0,0
10517,10541.52,1.016,-2,0,1860,1097,-2,0
10518,10542.52,1.003,-2,0,1856,1096,-4,-1
10519,10543.51,0.98,-1,-1,1856,1096,0,0
10520,10544.5,0.998,-2,0,1854,1096,-2,0
10521,10545.5,1.0,-2,0,1841,1093,-13,-3
10522,10546.5,0.999,-2,0,1838,1091,-3,-2
10523,10547.52,1.02,-1,0,1836,1091,-2,0
10524,10548.51,0.991,-2,0,1836,1091,0,0
10525,10549.55,1.036,-2,0,1826,1090,-10,-1
10526,10550.52,0.972,-1,0,1826,1090,0,0
10527,10551.51,0.984,-2,-1,1811,1087,-15,-3
10528,10552.5,0.997,-2,0,1809,1087,-2,0
10529,10553.5,0.999,-1,0,1809,1087,0,0
10530,10554.5,1.001,-2,0,1808,1087,-1,0
10531,10555.5,1.0,-2,0,1808,1087,0,0
10532,10556.5,1.0,-1,0,1796,1084,-12,-3
10533,10557.52,1.02,-2,-1,1794,1084,-2,0
10534,10558.5,0.983,-2,0,1782,1082,-12,-2
10535,10559.5,0.999,-2,0,1778,1081,-4,-1
10536,10560.5,1.0,-1,0,1778,1081,0,0
10537,10561.5,1.0,-2,0,1776,1081,-2,0
10538,10562.54,1.036,-2,-1,1761,1078,-15,-3
10539,10563.52,0.982,-1,0,1761,1078,0,0
10540,10564.53,1.012,-2,0,1746,1075,-15,-3
10541,10565.52,0.987,-2,0,1746,1075,0,0
10542,10566.52,1.006,-1,0,1742,1073,-4,-2
10543,10567.52,0.995,-2,-1,1742,1073,0,0
10544,10568.51,0.987,-2,0,1742,1073,0,0
10545,10569.5,0.998,-1,0,1736,1073,-6,0
10546,10570.5,1.0,-2,0,1736,1073,0,0
10547,10571.5,1.0,-2,-1,1734,1073,-2,0
10548,10572.53,1.032,-2,0,1718,1070,-16,-3
10549,10573.54,1.01,-1,0,1715,1070,-3,0
10550,10574.52,0.975,-2,0,1715,1070,0,0
10551,10575.5,0.986,-2,-1,1715,1070,0,0
10552,10576.5,0.997,-1,0,1703,1069,-12,-1
10553,10577.5,0.999,-2,0,1701,1069,-2,0
10554,10578.5,1.001,-2,-1,1691,1067,-10,-2
10555,10579.5,1.0,-1,0,1688,1066,-3,-1
10556,10580.52,1.02,-2,0,1688,1066,0,0
10557,10581.51,0.984,-2,-1,1688,1066,0,0
10558,10582.5,0.996,-1,0,1688,1066,0,0
10559,10583.5,0.999,-2,0,1679,1066,-9,0
10560,10584.5,1.0,-2,0,1677,1066,-2,0
10561,10585.5,1.0,-1,-1,1670,1064,-7,-2
10562,10586.5,1.001,-2,0,1668,1064,-2,0
10563,10587.5,1.001,-2,0,1668,1064,0,0
10564,10588.53,1.031,-1,-1,1665,1064,-3,0
10565,10589.52,0.987,-2,0,1665,1064,0,0
10566,10590.51,0.984,-2,-1,1665,1064,0,0
10567,10591.5,0.997,-1,0,1664,1063,-1,-1
10568,10592.5,1.0,-2,0,1658,1061,-6,-2
10569,10593.5,1.002,-2,-1,1658,1061,0,0
10570,10594.5,1.0,-1,0,1658,1061,0,0
10571,10595.5,0.999,-2,0,1658,1061,0,0
10572,10596.5,0.999,-2,-1,1658,1061,0,0
10573,10597.5,1.0,-1,0,1656,1060,-2,-1
10574,10598.5,1.0,-2,-1,1657,1060,1,0
10575,10599.5,1.0,-2,0,1659,1060,2,0
10576,10600.5,1.001,-1,0,1659,1060,0,0
10577,10601.5,1.0,-2,-1,1660,1060,1,0
10578,10602.5,1.0,-2,0,1660,1060,0,0
10579,10603.52,1.022,-1,-1,1658,1060,-2,0
10580,10604.52,0.996,-2,0,1658,1060,0,0
10581,10605.51,0.985,-2,0,1659,1061,1,1
10582,10606.5,0.998,-1,-1,1660,1061,1,0
10583,10607.5,0.999,-2,0,1660,1061,0,0
10584,10608.5,1.0,-2,-1,1660,1061,0,0
10585,10609.5,0.999,-1,0,1660,1061,0,0
10586,10610.5,1.002,-2,-1,1660,1061,0,0
10587,10611.5,0.999,-1,0,1659,1060,-1,-1
10588,10612.5,1.001,-2,-1,1660,1060,1,0
10589,10613.62,1.115,-2,0,1660,1060,0,0
10590,10614.53,0.912,-1,-1,1660,1060,0,0
10591,10615.51,0.982,-2,0,1665,1061,5,1
10592,10616.5,0.992,-2,-1,1665,1061,0,0
10593,10617.5,0.998,-1,0,1665,1061,0,0
10594,10618.55,1.05,-2,-1,1666,1061,1,0
10595,10619.52,0.965,-1,0,1666,1061,0,0
10596,10620.5,0.986,-2,-1,1675,1064,9,3
10597,10621.5,0.999,-2,0,1675,1064,0,0
10598,10622.5,1.0,-1,-1,1680,1064,5,0
10599,10623.5,0.999,-2,0,1679,1064,-1,0
10600,10624.5,1.002,-2,-1,1677,1063,-2,-1
10601,10625.5,1.0,-1,0,1687,1064,10,1
10602,10626.5,1.0,-2,-1,1696,1065,9,1
10603,10627.5,1.0,-1,0,1696,1065,0,0
10604,10628.54,1.032,-2,-1,1699,1065,3,0
10605,10629.52,0.985,-2,0,1699,1065,0,0
10606,10630.51,0.984,-1,-1,1699,1065,0,0
10607,10631.5,0.997,-2,0,1698,1064,-1,-1
10608,10632.5,1.0,-2,-1,1707,1065,9,1
10609,10633.5,1.001,-1,-1,1717,1065,10,0
10610,10634.54,1.038,-2,0,1717,1065,0,0
10611,10635.61,1.065,-1,-1,1717,1065,0,0
10612,10636.51,0.909,-2,0,1717,1065,0,0
10613,10637.51,0.997,-2,-1,1720,1067,3,2
10614,10638.52,1.004,-1,-1,1719,1067,-1,0
10615,10639.52,1.005,-2,0,1726,1067,7,0
10616,10640.51,0.984,-1,-1,1743,1067,17,0
10617,10641.5,0.998,-2,0,1743,1067,0,0
10618,10642.5,0.999,-1,-1,1742,1067,-1,0
10619,10643.5,1.0,-2,-1,1744,1067,2,0
10620,10644.5,0.999,-2,0,1744,1067,0,0
10621,10645.5,1.0,-1,-1,1743,1066,-1,-1
10622,10646.5,1.0,-2,-1,1758,1066,15,0
10623,10647.5,1.0,-1,0,1761,1066,3,0
10624,10648.5,1.002,-2,-1,1760,1066,-1,0
10625,10649.55,1.047,-2,0,1764,1066,4,0
10626,10650.52,0.97,-1,-1,1764,1066,0,0
10627,10651.5,0.985,-2,-1,1764,1066,0,0
10628,10652.5,0.998,-1,0,1763,1066,-1,0
10629,10653.5,1.0,-2,-1,1774,1066,11,0
10630,10654.52,1.021,-1,-1,1779,1066,5,0
10631,10655.5,0.981,-2,-1,1779,1066,0,0
10632,10656.5,0.998,-1,0,1786,1066,7,0
10633,10657.5,1.0,-2,-1,1785,1066,-1,0
10634,10658.5,1.0,-2,-1,1784,1064,-1,-2
10635,10659.5,0.999,-1,0,1794,1063,10,-1
10636,10660.5,1.0,-2,-1,1797,1063,3,0
10637,10661.5,1.0,-1,-1,1797,1063,0,0
10638,10662.5,1.001,-2,0,1797,1063,0,0
10639,10663.5,1.002,-1,-1,1797,1063,0,0
10640,10664.55,1.043,-2,-1,1797,1063,0,0
10641,10665.52,0.971,-1,-1,1796,1061,-1,-2
10642,10666.5,0.986,-2,0,1803,1060,7,-1
10643,10667.5,0.999,-1,-1,1807,1060,4,0
10644,10668.5,1.001,-2,-1,1807,1060,0,0
10645,10669.54,1.032,-2,-1,1809,1060,2,0
10646,10670.52,0.982,-1,0,1809,1060,0,0
10647,10671.5,0.986,-2,-1,1809,1060,0,0
10648,10672.5,0.998,-1,-1,1808,1060,-1,0
10649,10673.5,1.0,-2,-1,1809,1060,1,0
10650,10674.56,1.058,-1,0,1813,1058,4,-2
10651,10675.5,0.945,-2,-1,1813,1058,0,0
10652,10676.5,0.997,-1,-1,1813,1058,0,0
10653,10677.52,1.02,-2,-1,1812,1057,-1,-1
10654,10678.57,1.044,-1,-1,1811,1057,-1,0
10655,10679.51,0.942,-2,0,1811,1057,0,0
10656,10680.54,1.03,-1,-1,1811,1057,0,0
10657,10683.26,2.721,-2,-1,1809,1057,-2,0
10658,10683.32,0.062,-1,-1,1809,1057,0,0
10659,10692.14,8.818,-2,-1,1806,1054,-3,-3
10660,10692.21,0.073,-1,0,1806,1054,0,0
10661,10694.21,2.003,-2,-1,1806,1054,0,0
10662,10695.28,1.067,-1,-1,1806,1054,0,0
10663,10697.24,1.959,-2,-1,1805,1052,-1,-2
10664,10697.91,0.669,-1,-1,1805,1052,0,0
10665,10699.3,1.39,-2,-1,1803,1051,-2,-1
10666,10700.3,0.998,-1,0,1802,1051,-1,0
10667,10701.3,1.001,-2,-1,1802,1051,0,0
10668,10702.31,1.017,-1,-1,1799,1051,-3,0
10669,10703.56,1.25,-2,-1,1799,1051,0,0
10670,10704.3,0.736,-1,-1,1799,1051,0,0
10671,10705.3,0.996,-1,-1,1797,1049,-2,-2
10672,10706.3,1.0,-2,-1,1797,1049,0,0
10673,10707.3,0.999,-1,-1,1797,1049,0,0
10674,10708.3,1.001,-2,0,1797,1049,0,0
10675,10709.3,1.0,-1,-1,1797,1049,0,0
10676,10710.3,1.0,-2,-1,1797,1049,0,0
10677,10711.3,1.001,-1,-1,1797,1049,0,0
10678,10712.3,0.998,-2,-1,1796,1049,-1,0
10679,10713.3,1.0,-1,-1,1796,1049,0,0
10680,10714.3,1.001,-1,-1,1796,1049,0,0
10681,10715.3,0.999,-2,-1,1794,1049,-2,0
10682,10716.37,1.076,-1,-1,1794,1049,0,0
10683,10717.31,0.939,-2,-1,1793,1049,-1,0
10684,10718.3,0.987,-1,-1,1791,1048,-2,-1
10685,10719.3,0.998,-2,-1,1791,1048,0,0
10686,10720.33,1.033,-1,0,1791,1048,0,0
10687,10721.31,0.985,-1,-1,1791,1048,0,0
10688,10722.3,0.986,-2,-1,1791,1048,0,0
10689,10723.3,0.996,-1,-1,1790,1048,-1,0
10690,10724.3,1.0,-2,-1,1790,1048,0,0
10691,10725.3,1.0,-1,-1,1788,1046,-2,-2
10692,10726.3,1.0,-1,-1,1788,1046,0,0
10693,10727.3,1.002,-2,-1,1788,1046,0,0
10694,10728.32,1.018,-1,-1,1788,1046,0,0
10695,10729.34,1.029,-2,-1,1788,1046,0,0
10696,10730.31,0.966,-1,-1,1787,1046,-1,0
10697,10731.3,0.988,-1,-1,1785,1045,-2,-1
10698,10732.31,1.016,-2,-1,1785,1045,0,0
10699,10733.3,0.984,-1,-1,1785,1045,0,0
10700,10734.3,0.997,-2,-1,1785,1045,0,0
10701,10735.3,1.0,-1,-1,1785,1045,0,0
10702,10736.3,1.0,-1,-1,1785,1045,0,0
10703,10737.3,0.999,-2,-1,1784,1043,-1,-2
10704,10738.3,1.0,-1,-1,1784,1043,0,0
10705,10739.3,1.0,-1,-1,1784,1043,0,0
10706,10740.3,1.0,-2,-1,1784,1043,0,0
10707,10741.3,1.0,-1,-1,1784,1043,0,0
10708,10742.3,0.999,-2,-1,1782,1043,-2,0
10709,10743.3,1.0,-1,-1,1782,1043,0,0
10710,10744.29,1.0,-1,-1,1781,1042,-1,-1
10711,10745.3,1.0,-2,-1,1781,1042,0,0
10712,10746.3,1.0,-1,-2,1781,1042,0,0
10713,10747.3,1.0,-1,-1,1781,1042,0,0
10714,10748.3,1.0,-2,-1,1781,1042,0,0
10715,10749.3,1.0,-1,-1,1781,1042,0,0
10716,10750.3,1.0,-1,-1,1779,1040,-2,-2
10717,10751.3,1.0,-2,-1,1779,1040,0,0
10718,10752.3,1.0,-1,-1,1779,1040,0,0
10719,10753.29,0.999,-1,-1,1779,1040,0,0
10720,10754.3,1.001,-1,-1,1779,1040,0,0
10721,10755.29,0.999,-2,-1,1778,1040,-1,0
10722,10756.3,1.0,-1,-1,1778,1040,0,0
10723,10757.3,1.0,-1,-1,1776,1039,-2,-1
10724,10758.3,1.0,-2,-2,1776,1039,0,0
10725,10759.3,1.0,-1,-1,1776,1039,0,0
10726,10760.3,1.0,-1,-1,1776,1039,0,0
10727,10761.3,1.0,-2,-1,1775,1039,-1,0
10728,10762.29,0.999,-1,-1,1775,1039,0,0
10729,10763.3,1.0,-1,-1,1773,1037,-2,-2
10730,10764.32,1.02,-1,-1,1773,1037,0,0
10731,10765.3,0.982,-2,-1,1773,1037,0,0
10732,10766.3,0.998,-1,-1,1773,1037,0,0
10733,10767.3,1.001,-1,-2,1773,1037,0,0
10734,10768.3,1.0,-1,-1,1773,1037,0,0
10735,10769.33,1.037,-2,-1,1772,1036,-1,-1
10736,10770.3,0.963,-1,-1,1772,1036,0,0
10737,10771.32,1.024,-1,-1,1772,1036,0,0
10738,10772.3,0.976,-1,-1,1772,1036,0,0
10739,10773.3,0.999,-2,-2,1772,1036,0,0
10740,10774.3,1.0,-1,-1,1772,1036,0,0
10741,10775.3,1.0,-1,-1,1772,1036,0,0
10742,10776.3,0.999,-1,-1,1770,1034,-2,-2
10743,10777.3,1.0,-2,-1,1770,1034,0,0
10744,10778.29,0.999,-1,-1,1770,1034,0,0
10745,10779.29,1.0,-1,-2,1770,1034,0,0
10746,10780.33,1.036,-1,-1,1770,1034,0,0
10747,10781.31,0.982,-2,-1,1770,1034,0,0
10748,10782.3,0.986,-1,-1,1769,1033,-1,-1
10749,10783.3,0.998,-1,-1,1769,1033,0,0
10750,10784.3,0.999,-1,-2,1769,1033,0,0
10751,10785.3,1.0,-1,-1,1769,1033,0,0
10752,10786.3,0.999,-2,-1,1769,1033,0,0
10753,10787.3,1.0,-1,-1,1769,1033,0,0
10754,10788.3,1.0,-1,-1,1767,1031,-2,-2
10755,10789.3,1.0,-1,-2,1767,1031,0,0
10756,10790.31,1.019,-1,-1,1767,1031,0,0
10757,10791.31,0.999,-1,-1,1767,1031,0,0
10758,10792.3,0.984,-2,-1,1767,1031,0,0
10759,10793.3,0.998,-1,-2,1767,1031,0,0
10760,10794.3,1.0,-1,-1,1767,1031,0,0
10761,10795.3,1.0,-1,-1,1766,1030,-1,-1
10762,10796.3,1.0,-1,-1,1766,1030,0,0
10763,10797.3,1.0,-1,-2,1766,1030,0,0
10764,10798.3,0.999,-2,-1,1766,1030,0,0
10765,10799.3,1.0,-1,-1,1766,1030,0,0
10766,10800.3,1.0,-1,-1,1766,1028,0,-2
10767,10801.3,1.0,-1,-2,1764,1027,-2,-1
10768,10802.3,1.001,-1,-1,1764,1027,0,0
10769,10803.3,0.999,-1,-1,1764,1027,0,0
10770,10804.3,1.0,-1,-2,1764,1027,0,0
10771,10805.32,1.021,-2,-1,1764,1027,0,0
10772,10806.3,0.983,-1,-1,1764,1027,0,0
10773,10807.3,0.996,-1,-1,1763,1025,-1,-2
10774,10808.3,1.0,-1,-2,1763,1025,0,0
10775,10809.3,1.0,-1,-1,1763,1025,0,0
10776,10810.3,1.0,-1,-1,1763,1025,0,0
10777,10811.3,1.0,-1,-2,1763,1025,0,0
10778,10812.29,1.0,-1,-1,1763,1025,0,0
10779,10813.3,1.0,-1,-1,1763,1025,0,0
10780,10814.3,1.0,-1,-2,1761,1024,-2,-1
10781,10815.3,1.0,-2,-1,1761,1024,0,0
10782,10816.3,1.0,-1,-1,1761,1024,0,0
10783,10817.3,1.0,-1,-2,1761,1024,0,0
10784,10818.3,1.0,-1,-1,1761,1022,0,-2
10785,10819.29,1.0,-1,-1,1761,1022,0,0
10786,10820.37,1.076,-1,-1,1760,1021,-1,-1
10787,10821.33,0.956,-1,-2,1760,1021,0,0
10788,10822.4,1.07,-1,-1,1760,1021,0,0
10789,10823.31,0.915,-1,-2,1760,1021,0,0
10790,10824.3,0.985,-1,-1,1758,1021,-2,0
10791,10825.3,0.999,-1,-1,1758,1021,0,0
10792,10826.3,0.999,-1,-2,1757,1019,-1,-2
10793,10827.3,1.0,-1,-1,1757,1019,0,0
10794,10828.29,0.999,-1,-1,1757,1019,0,0
10795,10829.3,1.0,-1,-2,1757,1019,0,0
10796,10830.33,1.032,-1,-1,1757,1019,0,0
10797,10831.31,0.983,-1,-1,1757,1018,0,-1
10798,10832.31,0.997,-1,-2,1755,1016,-2,-2
10799,10833.3,0.99,-1,-1,1755,1016,0,0
10800,10834.38,1.081,-1,-2,1755,1016,0,0
10801,10835.3,0.924,-1,-1,1755,1016,0,0
10802,10836.3,0.994,-1,-1,1755,1016,0,0
10803,10837.3,0.999,-1,-2,1755,1016,0,0
10804,10838.3,1.001,-1,-1,1754,1015,-1,-1
10805,10839.3,0.999,-1,-1,1754,1015,0,0
10806,10840.3,1.0,-1,-2,1754,1015,0,0
10807,10841.3,1.0,-1,-1,1754,1013,0,-2
10808,10842.3,1.0,-1,-2,1754,1013,0,0
10809,10843.3,1.0,-1,-1,1754,1013,0,0
10810,10844.3,1.0,-1,-2,1752,1012,-2,-1
10811,10845.3,1.0,-1,-1,1752,1012,0,0
10812,10846.3,1.0,-1,-1,1752,1012,0,0
10813,10847.31,1.019,-1,-2,1752,1012,0,0
10814,10848.3,0.982,-1,-1,1752,1012,0,0
10815,10849.3,0.998,-1,-2,1752,1012,0,0
10816,10850.3,1.0,-1,-1,1752,1012,0,0
10817,10851.3,1.0,-1,-1,1751,1010,-1,-2
10818,10852.34,1.044,0,-2,1751,1010,0,0
10819,10853.3,0.96,-1,-1,1751,1010,0,0
10820,10854.3,0.997,-1,-2,1751,1010,0,0
10821,10855.3,0.999,-1,-1,1751,1010,0,0
10822,10856.3,1.0,-1,-2,1751,1010,0,0
10823,10857.29,1.0,-1,-1,1749,1009,-2,-1
10824,10858.31,1.011,-1,-2,1749,1009,0,0
10825,10859.3,0.989,-1,-1,1749,1009,0,0
10826,10860.3,1.0,-1,-1,1749,1009,0,0
10827,10861.3,1.0,-1,-2,1749,1009,0,0
10828,10862.34,1.043,0,-1,1749,1007,0,-2
10829,10863.32,0.977,-1,-2,1749,1006,0,-1
10830,10864.3,0.984,-1,-1,1749,1006,0,0
10831,10865.3,0.997,-1,-2,1749,1006,0,0
10832,10866.32,1.019,-1,-1,1749,1006,0,0
10833,10867.32,1.002,-1,-2,1749,1006,0,0
10834,10868.31,0.995,-1,-1,1749,1004,0,-2
10835,10869.3,0.988,0,-2,1749,1004,0,0
10836,10870.32,1.016,-1,-1,1748,1003,-1,-1
10837,10871.35,1.036,-1,-2,1748,1003,0,0
10838,10872.34,0.988,-1,-1,1748,1003,0,0
10839,10873.31,0.972,-1,-2,1749,1003,1,0
10840,10874.3,0.991,-1,-1,1749,1003,0,0
10841,10875.3,0.994,0,-2,1749,1003,0,0
10842,10876.3,0.999,-1,-1,1748,1001,-1,-2
10843,10877.3,1.0,-1,-2,1748,1001,0,0
10844,10878.29,1.0,-1,-1,1748,1001,0,0
10845,10879.3,1.001,-1,-2,1748,1001,0,0
10846,10880.3,1.0,0,-1,1748,1000,0,-1
10847,10881.32,1.027,-1,-2,1748,1000,0,0
10848,10882.3,0.975,-1,-1,1748,1000,0,0
10849,10883.3,1.0,-1,-2,1746,998,-2,-2
10850,10884.3,0.998,0,-1,1747,998,1,0
10851,10885.3,1.0,-1,-2,1749,998,2,0
10852,10886.3,1.0,-1,-1,1749,998,0,0
10853,10887.3,1.0,-1,-2,1749,998,0,0
10854,10888.3,1.001,-1,-1,1749,998,0,0
10855,10889.31,1.018,0,-2,1748,997,-1,-1
10856,10890.31,1.0,-1,-1,1749,997,1,0
10857,10891.3,0.983,-1,-2,1749,995,0,-2
10858,10892.3,0.999,0,-2,1749,995,0,0
10859,10893.3,1.0,-1,-1,1749,995,0,0
10860,10894.3,1.0,-1,-2,1749,995,0,0
10861,10895.3,1.0,-1,-1,1750,995,1,0
10862,10896.3,1.0,0,-2,1750,994,0,-1
10863,10897.3,1.0,-1,-1,1752,994,2,0
10864,10898.3,1.0,-1,-2,1752,994,0,0
10865,10899.31,1.018,0,-1,1752,994,0,0
10866,10900.32,1.002,-1,-2,1753,994,1,0
10867,10901.3,0.982,-1,-1,1753,992,0,-2
10868,10902.3,0.998,-1,-2,1753,992,0,0
10869,10903.3,1.0,0,-2,1752,991,-1,-1
10870,10904.3,1.0,-1,-1,1752,989,0,-2
10871,10905.3,0.999,-1,-2,1753,989,1,0
10872,10906.3,1.001,0,-1,1753,989,0,0
10873,10907.3,1.0,-1,-2,1755,989,2,0
10874,10908.31,1.019,-1,-1,1755,988,0,-1
10875,10909.3,0.985,0,-2,1755,986,0,-2
10876,10910.32,1.015,-1,-2,1756,986,1,0
10877,10911.3,0.984,0,-1,1758,986,2,0
10878,10912.3,0.997,-1,-2,1758,986,0,0
10879,10913.3,0.999,-1,-1,1759,986,1,0
10880,10914.3,1.0,0,-2,1759,986,0,0
10881,10915.32,1.021,-1,-1,1759,986,0,0
10882,10916.3,0.982,-1,-2,1758,985,-1,-1
10883,10917.3,0.997,0,-2,1759,983,1,-2
10884,10918.3,0.999,-1,-1,1762,983,3,0
10885,10919.3,1.0,0,-2,1762,983,0,0
10886,10920.3,1.0,-1,-1,1762,983,0,0
10887,10921.3,1.0,-1,-2,1764,983,2,0
10888,10922.34,1.042,0,-2,1764,983,0,0
10889,10923.33,0.992,-1,-1,1764,982,0,-1
10890,10924.31,0.981,0,-2,1765,982,1,0
10891,10925.3,0.988,-1,-1,1765,982,0,0
10892,10926.3,0.999,0,-2,1765,982,0,0
10893,10927.3,0.999,-1,-2,1768,980,3,-2
10894,10928.3,1.0,-1,-1,1768,980,0,0
10895,10929.3,1.0,0,-2,1768,980,0,0
10896,10930.32,1.021,-1,-2,1767,979,-1,-1
10897,10931.34,1.023,0,-1,1768,979,1,0
10898,10932.31,0.97,-1,-2,1773,979,5,0
10899,10933.3,0.988,0,-1,1773,979,0,0
10900,10934.3,0.998,-1,-2,1774,979,1,0
10901,10935.3,0.999,0,-2,1774,979,0,0
10902,10936.3,1.0,-1,-1,1773,977,-1,-2
10903,10937.29,1.0,0,-2,1777,976,4,-1
10904,10938.3,1.0,-1,-2,1782,976,5,0
10905,10939.3,1.0,0,-1,1782,976,0,0
10906,10940.3,1.0,-1,-2,1783,976,1,0
10907,10941.3,1.0,0,-1,1783,976,0,0
10908,10942.3,1.0,-1,-2,1783,976,0,0
10909,10943.3,1.0,0,-2,1783,974,0,-2
10910,10944.3,1.0,-1,-1,1785,973,2,-1
10911,10945.29,1.0,0,-2,1794,973,9,0
10912,10946.32,1.022,-1,-2,1794,973,0,0
10913,10947.3,0.982,0,-1,1794,971,0,-2
10914,10948.3,0.997,-1,-2,1795,971,1,0
10915,10949.3,1.0,0,-2,1795,971,0,0
10916,10950.3,1.0,-1,-1,1794,970,-1,-1
10917,10951.3,1.0,0,-2,1795,968,1,-2
10918,10952.3,1.0,0,-1,1795,968,0,0
10919,10953.3,1.0,-1,-2,1795,968,0,0
10920,10954.3,1.001,0,-2,1804,967,9,-1
10921,10955.3,0.999,-1,-1,1804,967,0,0
10922,10956.3,1.0,0,-2,1804,967,0,0
10923,10957.3,1.0,0,-2,1804,965,0,-2
10924,10958.3,1.0,-1,-1,1806,965,2,0
10925,10959.3,1.0,0,-2,1813,964,7,-1
10926,10960.3,1.0,-1,-2,1813,964,0,0
10927,10961.3,1.0,0,-1,1816,964,3,0
10928,10962.32,1.022,0,-2,1816,964,0,0
10929,10963.3,0.982,-1,-2,1815,962,-1,-2
10930,10964.3,0.998,0,-1,1824,961,9,-1
10931,10965.3,0.999,-1,-2,1830,959,6,-2
10932,10966.3,1.001,0,-2,1830,959,0,0
10933,10967.3,0.999,0,-1,1833,959,3,0
10934,10968.3,1.0,-1,-2,1833,959,0,0
10935,10969.3,1.0,0,-2,1833,959,0,0
10936,10970.3,1.001,0,-1,1832,958,-1,-1
10937,10971.3,0.999,-1,-2,1833,958,1,0
10938,10972.35,1.052,0,-2,1846,956,13,-2
10939,10973.3,0.955,0,-1,1846,956,0,0
10940,10974.32,1.02,-1,-2,1846,956,0,0
10941,10975.3,0.976,0,-2,1849,955,3,-1
10942,10976.3,0.998,0,-1,1849,955,0,0
10943,10977.3,0.998,0,-2,1848,953,-1,-2
10944,10978.3,1.001,-1,-2,1851,953,3,0
10945,10979.3,1.0,0,-1,1864,952,13,-1
10946,10980.3,1.0,0,-2,1864,952,0,0
10947,10981.3,0.999,-1,-2,1864,950,0,-2
10948,10982.32,1.027,0,-1,1866,950,2,0
10949,10983.31,0.99,0,-2,1866,950,0,0
10950,10984.36,1.045,0,-2,1866,949,0,-1
10951,10985.3,0.941,-1,-2,1875,947,9,-2
10952,10986.3,0.997,0,-1,1876,947,1,0
10953,10987.3,0.999,0,-2,1876,947,0,0
10954,10988.3,1.0,0,-2,1876,947,0,0
10955,10989.3,1.0,-1,-1,1885,946,9,-1
10956,10990.29,0.999,0,-2,1884,944,-1,-2
10957,10991.3,1.001,0,-2,1893,943,9,-1
10958,10992.29,1.0,0,-1,1896,943,3,0
10959,10993.3,1.0,-1,-2,1896,943,0,0
10960,10994.3,1.0,0,-2,1908,943,12,0
10961,10995.29,0.999,0,-1,1908,943,0,0
10962,10996.3,1.001,0,-2,1908,941,0,-2
10963,10997.3,1.0,0,-2,1907,940,-1,-1
10964,10998.3,1.0,-1,-1,1914,938,7,-2
10965,10999.3,1.0,0,-2,1917,938,3,0
10966,11000.3,1.0,0,-2,1917,938,0,0
10967,11001.3,1.0,0,-2,1917,938,0,0
10968,11002.3,1.0,0,-1,1917,938,0,0
10969,11003.29,0.999,0,-2,1921,937,4,-1
10970,11004.3,1.0,-1,-2,1921,935,0,-2
10971,11005.29,1.0,0,-1,1932,934,11,-1
10972,11006.3,1.0,0,-2,1944,932,12,-2
10973,11007.3,1.001,0,-2,1944,932,0,0
10974,11008.32,1.02,0,-1,1944,931,0,-1
10975,11009.31,0.998,0,-2,1947,931,3,0
10976,11010.3,0.984,0,-2,1947,931,0,0
10977,11011.3,0.998,-1,-2,1947,929,0,-2
10978,11012.3,0.999,0,-1,1962,928,15,-1
10979,11013.3,1.0,0,-2,1965,926,3,-2
10980,11014.32,1.021,0,-2,1965,926,0,0
10981,11015.3,0.982,0,-1,1965,926,0,0
10982,11016.3,0.997,0,-2,1968,926,3,0
10983,11017.3,1.0,0,-2,1968,926,0,0
10984,11018.3,1.0,0,-1,1968,925,0,-1
10985,11019.3,1.0,0,-2,1983,923,15,-2
10986,11020.3,1.0,0,-2,1984,923,1,0
10987,11021.3,1.0,0,-2,1984,923,0,0
10988,11022.33,1.039,-1,-1,1984,923,0,0
10989,11023.31,0.975,0,-2,1993,922,9,-1
10990,11024.31,1.005,0,-2,1993,920,0,-2
10991,11025.3,0.982,0,-1,2005,919,12,-1
10992,11026.3,0.999,0,-2,2007,917,2,-2
10993,11027.3,1.0,0,-2,2007,917,0,0
10994,11028.3,0.999,0,-2,2007,916,0,-1
10995,11029.3,1.0,0,-1,2007,916,0,0
10996,11030.32,1.021,0,-2,2016,914,9,-2
10997,11031.31,0.991,0,-2,2016,913,0,-1
10998,11032.33,1.019,0,-1,2026,911,10,-2
10999,11033.32,0.991,0,-2,2026,911,0,0
11000,11034.3,0.983,0,-2,2026,911,0,0
11001,11035.3,0.997,0,-1,2029,911,3,0
11002,11036.3,1.0,0,-2,2029,911,0,0
11003,11037.3,1.001,0,-2,2029,911,0,0
11004,11038.3,0.999,0,-2,2029,910,0,-1
11005,11039.33,1.03,0,-1,2031,908,2,-2
11006,11040.31,0.986,0,-2,2044,907,13,-1
11007,11041.3,0.985,0,-2,2044,907,0,0
11008,11042.3,0.999,0,-1,2046,905,2,-2
11009,11043.3,1.0,0,-2,2046,905,0,0
11010,11044.3,1.0,0,-2,2046,904,0,-1
11011,11045.3,1.0,1,-1,2053,901,7,-3
11012,11046.3,1.0,0,-2,2061,899,8,-2
11013,11047.32,1.02,0,-2,2061,899,0,0
11014,11048.3,0.982,0,-2,2062,899,1,0
11015,11049.3,0.999,0,-1,2062,899,0,0
11016,11050.3,0.999,0,-2,2062,899,0,0
11017,11051.3,1.0,0,-2,2062,898,0,-1
11018,11052.3,1.0,0,-1,2065,898,3,0
11019,11053.3,1.0,0,-2,2068,896,3,-2
11020,11054.3,1.001,0,-2,2068,896,0,0
11021,11055.3,0.999,0,-1,2068,895,0,-1
11022,11056.3,1.0,1,-2,2070,895,2,0
11023,11057.3,1.001,0,-2,2070,895,0,0
11024,11058.3,0.999,0,-2,2070,893,0,-2
11025,11059.3,1.0,0,-1,2071,893,1,0
11026,11060.3,1.0,0,-2,2071,893,0,0
11027,11061.3,1.0,0,-2,2071,893,0,0
11028,11062.3,1.0,0,-1,2071,890,0,-3
11029,11063.3,1.0,1,-2,2071,890,0,0
11030,11064.3,1.0,0,-2,2071,890,0,0
11031,11065.3,1.0,0,-1,2071,889,0,-1
11032,11066.3,1.0,0,-2,2071,889,0,0
11033,11067.3,1.0,0,-2,2071,889,0,0
11034,11068.3,1.0,0,-2,2071,887,0,-2
11035,11069.31,1.018,1,-1,2071,887,0,0
11036,11070.3,0.985,0,-2,2071,887,0,0
11037,11071.31,1.006,0,-2,2071,886,0,-1
11038,11072.3,0.992,0,-1,2071,884,0,-2
11039,11073.33,1.038,0,-2,2070,884,-1,0
11040,11074.3,0.964,1,-2,2070,884,0,0
11041,11075.33,1.031,0,-1,2069,884,-1,0
11042,11076.3,0.968,0,-2,2069,884,0,0
11043,11077.3,0.999,0,-2,2069,884,0,0
11044,11078.3,0.999,1,-1,2069,883,0,-1
11045,11079.3,1.0,0,-2,2067,883,-2,0
11046,11080.32,1.02,0,-2,2067,881,0,-2
11047,11081.3,0.983,0,-2,2067,881,0,0
11048,11082.3,0.998,1,-1,2066,881,-1,0
11049,11083.33,1.036,0,-2,2066,881,0,0
11050,11084.31,0.978,0,-2,2066,880,0,-1
11051,11085.3,0.989,0,-1,2064,880,-2,0
11052,11086.3,0.997,1,-2,2061,880,-3,0
11053,11087.3,1.001,0,-2,2061,880,0,0
11054,11088.3,0.999,0,-1,2061,877,0,-3
11055,11089.32,1.02,1,-2,2061,877,0,0
11056,11090.3,0.982,0,-2,2061,877,0,0
11057,11091.3,0.997,0,-1,2061,875,0,-2
11058,11092.3,0.999,0,-2,2055,875,-6,0
11059,11093.3,1.0,1,-2,2049,874,-6,-1
11060,11094.3,1.0,0,-1,2049,874,0,0
11061,11095.3,1.0,0,-2,2049,874,0,0
11062,11096.3,1.0,1,-2,2049,874,0,0
11063,11097.31,1.019,0,-1,2046,871,-3,-3
11064,11098.3,0.985,0,-2,2047,869,1,-2
11065,11099.32,1.017,1,-2,2045,869,-2,0
11066,11100.3,0.983,0,-1,2033,866,-12,-3
11067,11101.3,0.998,0,-2,2033,866,0,0
11068,11102.3,0.998,1,-2,2030,866,-3,0
11069,11103.29,0.999,0,-1,2030,866,0,0
11070,11104.3,1.001,1,-2,2030,865,0,-1
11071,11105.3,1.0,0,-2,2031,863,1,-2
11072,11106.3,1.0,0,-1,2015,860,-16,-3
11073,11107.3,1.0,1,-2,2012,860,-3,0
11074,11108.3,1.0,0,-2,2012,860,0,0
11075,11109.29,1.0,1,-1,2007,859,-5,-1
11076,11110.3,1.0,0,-2,2007,859,0,0
11077,11111.3,1.0,0,-2,2007,859,0,0
11078,11112.3,1.0,1,-1,2008,857,1,-2
11079,11113.31,1.018,0,-2,1992,854,-16,-3
11080,11114.3,0.988,1,-2,1980,853,-12,-1
11081,11115.31,1.014,0,-1,1980,853,0,0
11082,11116.3,0.984,0,-2,1976,851,-4,-2
11083,11117.3,0.998,1,-2,1976,851,0,0
11084,11118.3,1.0,0,-1,1976,851,0,0
11085,11119.3,0.999,1,-2,1976,850,0,-1
11086,11120.3,1.0,0,-1,1956,848,-20,-2
11087,11121.3,1.0,1,-2,1940,845,-16,-3
11088,11122.3,1.0,0,-2,1940,845,0,0
11089,11123.3,1.0,1,-1,1929,842,-11,-3
11090,11124.3,1.001,0,-2,1929,842,0,0
11091,11125.33,1.038,1,-2,1929,841,0,-1
11092,11126.32,0.981,0,-1,1907,839,-22,-2
11093,11127.32,1.004,1,-2,1884,836,-23,-3
11094,11128.36,1.042,0,-2,1884,836,0,0
11095,11129.3,0.937,1,-1,1877,835,-7,-1
11096,11130.3,0.998,0,-2,1877,835,0,0
11097,11131.31,1.019,1,-1,1877,835,0,0
11098,11132.32,1.002,0,-2,1877,833,0,-2
11099,11133.3,0.982,1,-2,1859,832,-18,-1
11100,11134.38,1.078,0,-1,1830,829,-29,-3
11101,11135.3,0.922,1,-2,1830,829,0,0
11102,11136.3,0.997,0,-2,1830,829,0,0
11103,11137.3,0.999,1,-1,1823,827,-7,-2
11104,11138.3,1.0,0,-2,1823,827,0,0
11105,11139.31,1.019,1,-1,1824,826,1,-1
11106,11140.3,0.984,1,-2,1814,824,-10,-2
11107,11141.3,0.998,0,-2,1814,824,0,0
11108,11142.3,1.0,1,-1,1814,824,0,0
11109,11143.3,1.0,0,-2,1770,821,-44,-3
11110,11144.3,1.0,1,-1,1770,821,0,0
11111,11145.3,1.0,0,-2,1770,821,0,0
11112,11146.3,0.999,1,-2,1770,820,0,-1
11113,11147.3,1.0,1,-1,1764,818,-6,-2
11114,11148.32,1.022,0,-2,1734,817,-30,-1
11115,11149.32,0.999,1,-1,1734,817,0,0
11116,11150.3,0.982,0,-2,1724,817,-10,0
11117,11151.3,0.998,1,-2,1724,817,0,0
11118,11152.3,0.999,1,-1,1725,815,1,-2
11119,11153.3,1.0,0,-2,1694,814,-31,-1
11120,11154.32,1.022,1,-1,1677,814,-17,0
11121,11155.3,0.982,1,-2,1677,814,0,0
11122,11156.3,0.998,0,-1,1670,814,-7,0
11123,11157.3,0.999,1,-2,1670,814,0,0
11124,11158.3,1.0,0,-2,1670,814,0,0
11125,11159.3,1.0,1,-1,1671,812,1,-2
11126,11160.3,1.0,1,-2,1656,812,-15,0
11127,11161.3,1.0,0,-1,1640,812,-16,0
11128,11162.3,1.0,1,-2,1640,812,0,0
11129,11163.3,1.0,1,-1,1640,812,0,0
11130,11164.32,1.02,0,-2,1635,812,-5,0
11131,11165.31,0.999,1,-2,1635,812,0,0
11132,11166.3,0.984,1,-1,1636,811,1,-1
11133,11167.3,0.998,1,-2,1634,811,-2,0
11134,11168.3,1.0,0,-1,1634,811,0,0
11135,11169.3,1.0,1,-2,1634,811,0,0
11136,11170.29,0.998,1,-1,1622,813,-12,2
11137,11171.3,1.002,0,-2,1622,813,0,0
11138,11172.31,1.019,1,-1,1622,813,0,0
11139,11173.3,0.986,1,-2,1622,812,0,-1
11140,11174.3,0.998,1,-2,1619,813,-3,1
11141,11175.34,1.037,0,-1,1619,815,0,2
11142,11176.3,0.965,1,-2,1619,815,0,0
11143,11177.3,1.002,1,-1,1619,816,0,1
11144,11178.36,1.057,0,-2,1619,816,0,0
11145,11179.3,0.937,1,-1,1620,815,1,-1
11146,11180.3,1.001,1,-2,1624,816,4,1
11147,11181.3,0.998,1,-1,1630,819,6,3
11148,11182.31,1.019,1,-2,1630,819,0,0
11149,11183.3,0.984,0,-1,1633,818,3,-1
11150,11184.33,1.028,1,-2,1633,818,0,0
11151,11185.3,0.972,1,-1,1633,818,0,0
11152,11186.3,0.997,1,-2,1635,817,2,-1
11153,11187.3,0.999,0,-1,1638,818,3,1
11154,11188.3,1.0,1,-2,1653,821,15,3
11155,11189.3,1.001,1,-1,1653,821,0,0
11156,11190.3,1.0,1,-2,1653,821,0,0
11157,11191.29,1.0,1,-1,1657,822,4,1
11158,11192.3,1.001,0,-2,1657,822,0,0
11159,11193.3,1.0,1,-1,1659,821,2,-1
11160,11194.29,1.0,1,-2,1666,822,7,1
11161,11195.32,1.026,1,-1,1690,825,24,3
11162,11196.3,0.981,1,-2,1699,825,9,0
11163,11197.31,1.012,1,-1,1699,824,0,-1
11164,11198.3,0.984,0,-2,1699,824,0,0
11165,11199.3,0.997,1,-1,1719,825,20,1
11166,11200.3,0.999,1,-2,1720,824,1,-1
11167,11201.3,1.001,1,-1,1726,824,6,0
11168,11202.3,1.0,1,-2,1726,824,0,0
11169,11203.3,1.0,1,-1,1726,824,0,0
11170,11204.3,1.0,1,-2,1735,824,9,0
11171,11205.31,1.02,0,-1,1735,824,0,0
11172,11206.3,0.986,1,-2,1735,824,0,0
11173,11207.3,0.995,1,-1,1737,823,2,-1
11174,11208.3,1.0,1,-1,1740,823,3,0
11175,11209.3,1.0,1,-2,1777,823,37,0
11176,11210.3,1.001,1,-1,1777,823,0,0
11177,11211.3,0.999,1,-2,1786,821,9,-2
11178,11212.3,1.0,1,-1,1786,821,0,0
11179,11213.3,1.0,1,-2,1788,820,2,-1
11180,11214.31,1.019,1,-1,1824,820,36,0
11181,11215.31,0.996,0,-2,1848,818,24,-2
11182,11216.3,0.987,1,-1,1848,818,0,0
11183,11217.3,0.998,1,-1,1852,818,4,0
11184,11218.3,1.0,1,-2,1852,818,0,0
11185,11219.3,1.001,1,-1,1852,818,0,0
11186,11220.29,0.999,1,-2,1854,817,2,-1
11187,11221.29,1.0,1,-1,1879,815,25,-2
11188,11222.31,1.019,1,-2,1908,812,29,-3
11189,11223.3,0.983,1,-1,1908,812,0,0
11190,11224.3,0.998,1,-1,1908,811,0,-1
11191,11225.33,1.037,1,-2,1915,809,7,-2
11192,11226.32,0.989,1,-1,1915,809,0,0
11193,11227.31,0.989,1,-2,1915,808,0,-1
11194,11228.3,0.992,1,-1,1923,808,8,0
11195,11229.3,0.993,1,-1,1959,803,36,-5
11196,11230.3,1.001,1,-2,1959,803,0,0
11197,11231.3,0.999,1,-1,1959,802,0,-1
11198,11232.3,1.0,1,-2,1969,800,10,-2
11199,11233.3,1.0,1,-1,1969,800,0,0
11200,11234.32,1.028,1,-1,1971,799,2,-1
11201,11235.3,0.981,1,-2,1996,796,25,-3
11202,11236.3,0.992,1,-1,2002,794,6,-2
11203,11237.3,1.0,1,-1,2002,794,0,0
11204,11238.3,0.999,1,-2,2002,794,0,0
11205,11239.31,1.019,1,-1,2008,793,6,-1
11206,11240.31,1.0,1,-1,2008,793,0,0
11207,11241.31,0.999,1,-2,2010,791,2,-2
11208,11242.3,0.984,1,-1,2029,787,19,-4
11209,11243.3,0.998,1,-2,2029,787,0,0
11210,11244.3,0.999,1,-1,2035,785,6,-2
11211,11245.3,1.0,1,-1,2035,785,0,0
11212,11246.3,1.0,1,-2,2035,785,0,0
11213,11247.3,1.0,1,-1,2037,784,2,-1
11214,11248.3,0.999,1,-1,2049,781,12,-3
11215,11249.3,1.0,1,-2,2062,775,13,-6
11216,11250.3,1.001,1,-1,2062,775,0,0
11217,11251.3,0.999,1,-1,2062,775,0,0
11218,11252.3,1.0,2,-2,2064,775,2,0
11219,11253.3,1.0,1,-1,2064,775,0,0
11220,11254.3,1.001,1,-1,2065,773,1,-2
11221,11255.31,1.019,1,-1,2068,772,3,-1
11222,11256.3,0.985,1,-2,2071,767,3,-5
11223,11257.3,0.997,1,-1,2071,767,0,0
11224,11258.34,1.044,1,-1,2071,766,0,-1
11225,11259.31,0.972,1,-2,2073,766,2,0
11226,11260.3,0.987,1,-1,2073,766,0,0
11227,11261.3,0.998,1,-1,2074,764,1,-2
11228,11262.3,1.0,2,-2,2074,761,0,-3
11229,11263.3,1.0,1,-1,2073,761,-1,0
11230,11264.3,1.0,1,-1,2073,761,0,0
11231,11265.3,1.0,1,-1,2073,761,0,0
11232,11266.3,1.0,1,-2,2073,760,0,-1
11233,11267.3,1.0,1,-1,2073,760,0,0
11234,11268.29,1.0,1,-1,2074,758,1,-2
11235,11269.3,1.0,2,-1,2072,757,-2,-1
11236,11270.3,1.0,1,-2,2072,755,0,-2
11237,11271.3,1.001,1,-1,2072,755,0,0
11238,11272.3,1.0,1,-1,2072,755,0,0
11239,11273.34,1.044,1,-1,2069,752,-3,-3
11240,11274.3,0.959,1,-2,2070,751,1,-1
11241,11275.3,0.998,2,-1,2067,748,-3,-3
11242,11276.34,1.041,1,-1,2066,748,-1,0
11243,11277.3,0.964,1,-1,2066,748,0,0
11244,11278.3,0.996,1,-2,2067,748,1,0
11245,11279.31,1.017,1,-1,2067,748,0,0
11246,11280.31,1.002,1,-1,2063,745,-4,-3
11247,11281.31,0.999,2,-1,2064,743,1,-2
11248,11282.3,0.983,1,-1,2060,742,-4,-1
11249,11283.32,1.02,1,-2,2055,740,-5,-2
11250,11284.36,1.047,1,-1,2055,740,0,0
11251,11285.3,0.935,1,-1,2055,740,0,0
11252,11286.3,0.997,2,-1,2051,739,-4,-1
11253,11287.3,1.0,1,-1,2051,739,0,0
11254,11288.3,1.0,1,-2,2052,737,1,-2
11255,11289.3,1.002,1,-1,2046,736,-6,-1
11256,11290.3,0.999,2,-1,2045,734,-1,-2
11257,11291.29,0.999,1,-1,2045,734,0,0
11258,11292.3,1.001,1,-1,2045,734,0,0
11259,11293.3,1.0,1,-1,2045,734,0,0
11260,11294.3,1.0,2,-2,2046,733,1,-1
11261,11295.3,1.0,1,-1,2043,733,-3,0
11262,11296.3,1.0,1,-1,2043,733,0,0
11263,11297.31,1.019,1,-1,2034,731,-9,-2
11264,11298.3,0.985,2,-1,2034,731,0,0
11265,11299.32,1.016,1,-1,2034,731,0,0
11266,11300.3,0.982,1,-2,2033,731,-1,0
11267,11301.3,0.998,1,-1,2034,730,1,-1
11268,11302.3,1.0,2,-1,2022,727,-12,-3
11269,11303.3,1.0,1,-1,2015,727,-7,0
11270,11304.31,1.019,1,-1,2015,727,0,0
11271,11305.3,0.986,1,-1,2015,727,0,0
11272,11306.3,1.0,2,-1,2013,727,-2,0
11273,11307.3,0.996,1,-1,2013,727,0,0
11274,11308.3,1.002,1,-2,2014,725,1,-2
11275,11309.3,1.001,2,-1,2009,725,-5,0
11276,11310.3,0.997,1,-1,2009,725,0,0
11277,11311.32,1.02,1,-1,2009,725,0,0
11278,11312.3,0.982,2,-1,2009,725,0,0
11279,11313.3,0.998,1,-1,2009,725,0,0
11280,11314.3,0.999,1,-1,2009,725,0,0
11281,11315.3,1.0,1,-1,2010,724,1,-1
11282,11316.3,1.0,2,-1,2009,724,-1,0
11283,11317.3,0.999,1,-1,2001,724,-8,0
11284,11318.3,1.0,1,-1,2001,724,0,0
11285,11319.35,1.05,2,-1,2000,722,-1,-2
11286,11320.32,0.971,1,-2,2000,722,0,0
11287,11321.3,0.981,1,-1,2001,721,1,-1
11288,11322.3,0.999,2,-1,2000,722,-1,1
11289,11323.3,1.0,1,-1,1998,722,-2,0
11290,11324.3,1.0,1,-1,1998,722,0,0
11291,11325.34,1.044,2,-1,1998,722,0,0
11292,11326.34,1.0,1,-1,1998,722,0,0
11293,11327.32,0.98,2,-1,1998,722,0,0
11294,11328.3,0.979,1,-1,1999,721,1,-1
11295,11329.31,1.013,1,-1,1999,722,0,1
11296,11330.31,1.002,2,-1,1998,722,-1,0
11297,11331.3,0.984,1,-1,1998,722,0,0
11298,11332.3,0.998,1,-1,1998,722,0,0
11299,11333.3,1.0,2,-1,1998,723,0,1
11300,11334.31,1.017,1,-1,1998,723,0,0
11301,11335.31,0.997,2,-1,1999,722,1,-1
11302,11336.3,0.988,1,-1,1999,722,0,0
11303,11337.3,0.998,1,-1,1999,722,0,0
11304,11338.3,1.0,2,-1,2001,722,2,0
11305,11339.34,1.04,1,-1,2001,722,0,0
11306,11340.3,0.968,2,-1,2001,722,0,0
11307,11341.3,0.993,1,-1,2002,721,1,-1
11308,11342.3,0.999,1,-1,2002,722,0,1
11309,11343.3,1.0,2,-1,2002,722,0,0
11310,11344.3,1.0,1,-1,2002,722,0,0
11311,11345.3,1.0,2,-1,2004,722,2,0
11312,11346.3,1.0,1,-1,2004,722,0,0
11313,11347.31,1.019,1,-1,2004,722,0,0
11314,11348.3,0.985,2,0,2005,722,1,0
11315,11349.3,0.998,1,-1,2005,722,0,0
11316,11350.3,0.998,2,-1,2005,722,0,0
11317,11351.31,1.018,1,-1,2005,722,0,0
11318,11352.3,0.984,2,-1,2005,722,0,0
11319,11353.3,0.998,1,-1,2005,722,0,0
11320,11354.3,0.999,1,-1,2007,721,2,-1
11321,11355.3,1.0,2,-1,2007,721,0,0
11322,11356.3,1.0,1,-1,2007,721,0,0
11323,11357.3,1.0,2,-1,2007,721,0,0
11324,11358.3,1.0,1,-1,2007,721,0,0
11325,11359.3,1.0,2,0,2007,721,0,0
11326,11360.3,1.0,1,-1,2007,721,0,0
11327,11361.3,1.0,2,-1,2008,719,1,-2
11328,11362.3,1.0,1,-1,2008,719,0,0
11329,11363.3,1.0,1,-1,2008,719,0,0
11330,11364.3,1.0,2,-1,2010,719,2,0
11331,11365.3,1.0,1,-1,2010,719,0,0
11332,11366.3,1.001,2,-1,2010,719,0,0
11333,11367.3,0.999,1,0,2011,718,1,-1
11334,11368.29,0.999,2,-1,2011,718,0,0
11335,11369.3,1.001,1,-1,2011,718,0,0
11336,11370.3,1.0,2,-1,2011,718,0,0
11337,11371.3,1.001,1,-1,2011,718,0,0
11338,11372.3,1.0,2,-1,2011,718,0,0
11339,11373.3,1.0,1,0,2013,716,2,-2
11340,11374.3,1.0,2,-1,2013,716,0,0
11341,11375.3,1.0,1,-1,2013,716,0,0
11342,11376.3,1.0,2,-1,2013,716,0,0
11343,11377.34,1.048,1,-1,2014,716,1,0
11344,11378.31,0.966,2,0,2014,716,0,0
11345,11379.32,1.009,1,-1,2014,716,0,0
11346,11380.3,0.978,2,-1,2016,715,2,-1
11347,11381.3,1.0,1,-1,2016,715,0,0
11348,11382.3,0.999,2,-1,2016,715,0,0
11349,11383.3,1.002,1,0,2017,715,1,0
11350,11384.3,1.003,2,-1,2017,715,0,0
11351,11385.3,0.997,1,-1,2017,715,0,0
11352,11386.33,1.03,2,-1,2019,713,2,-2
11353,11387.31,0.982,1,0,2019,713,0,0
11354,11388.31,1.005,2,-1,2019,713,0,0
11355,11389.3,0.984,2,-1,2020,713,1,0
11356,11390.3,0.997,1,-1,2020,713,0,0
11357,11391.3,1.001,2,0,2020,713,0,0
11358,11392.3,1.0,1,-1,2022,712,2,-1
11359,11393.3,0.999,2,-1,2022,712,0,0
11360,11394.3,1.0,1,-1,2022,712,0,0
11361,11395.3,1.0,2,0,2022,712,0,0
11362,11396.3,1.0,1,-1,2022,712,0,0
11363,11397.3,1.0,2,-1,2022,712,0,0
11364,11398.31,1.018,1,0,2022,712,0,0
11365,11399.32,1.001,2,-1,2023,712,1,0
11366,11400.3,0.982,2,-1,2023,712,0,0
11367,11401.3,1.0,1,-1,2023,712,0,0
11368,11402.3,0.999,2,0,2025,712,2,0
11369,11403.3,1.001,1,-1,2025,712,0,0
11370,11404.3,1.003,2,-1,2025,712,0,0
11371,11405.3,0.998,1,0,2026,710,1,-2
11372,11406.3,0.999,2,-1,2026,710,0,0
11373,11407.3,0.999,1,-1,2026,710,0,0
11374,11408.3,1.001,2,0,2026,710,0,0
11375,11409.3,0.999,2,-1,2026,710,0,0
11376,11410.3,0.999,1,-1,2028,710,2,0
11377,11411.3,1.0,2,0,2029,709,1,-1
11378,11412.3,1.001,1,-1,2029,709,0,0
11379,11413.3,0.999,2,0,2029,709,0,0
11380,11414.31,1.019,2,-1,2029,709,0,0
11381,11415.3,0.984,1,-1,2029,709,0,0
11382,11416.3,0.997,2,0,2031,709,2,0
11383,11417.3,0.999,1,-1,2032,707,1,-2
11384,11418.3,1.0,2,-1,2032,707,0,0
11385,11419.3,1.0,1,0,2032,707,0,0
11386,11420.3,1.0,2,-1,2032,707,0,0
11387,11421.3,1.0,2,0,2032,707,0,0
11388,11422.3,1.0,1,-1,2032,707,0,0
11389,11423.3,1.0,2,0,2034,706,2,-1
11390,11424.3,1.0,1,-1,2034,706,0,0
11391,11425.3,1.0,2,-1,2034,706,0,0
11392,11426.3,1.0,2,0,2034,706,0,0
11393,11427.3,1.0,1,-1,2034,706,0,0
11394,11428.35,1.05,2,0,2035,706,1,0
11395,11429.31,0.965,2,-1,2037,704,2,-2
11396,11430.33,1.02,1,0,2037,704,0,0
11397,11431.3,0.969,2,-1,2037,704,0,0
11398,11432.3,0.997,1,0,2037,704,0,0
11399,11433.3,0.999,2,-1,2037,704,0,0
11400,11434.34,1.047,2,0,2037,704,0,0
11401,11435.3,0.954,1,-1,2038,703,1,-1
11402,11436.3,1.0,2,-1,2038,703,0,0
11403,11437.34,1.04,2,0,2038,703,0,0
11404,11438.31,0.975,1,-1,2038,703,0,0
11405,11439.3,0.987,2,0,2038,703,0,0
11406,11440.3,0.998,1,-1,2038,703,0,0
11407,11441.3,1.0,2,0,2040,703,2,0
11408,11442.3,1.0,2,-1,2040,703,0,0
11409,11443.3,1.0,1,0,2040,703,0,0
11410,11444.3,1.0,2,0,2040,703,0,0
11411,11445.3,1.0,2,-1,2040,703,0,0
11412,11446.31,1.019,1,0,2041,703,1,0
11413,11447.32,1.004,2,-1,2041,703,0,0
11414,11448.31,0.997,1,0,2043,701,2,-2
11415,11449.3,0.983,2,-1,2044,701,1,0
11416,11450.3,0.999,2,0,2044,701,0,0
11417,11451.3,1.0,1,-1,2046,701,2,0
11418,11452.3,0.999,2,0,2046,701,0,0
11419,11453.3,1.0,2,0,2046,701,0,0
11420,11454.3,1.0,1,-1,2047,700,1,-1
11421,11455.3,1.0,2,0,2047,698,0,-2
11422,11456.3,1.0,2,-1,2047,698,0,0
11423,11457.3,1.0,1,0,2047,698,0,0
11424,11458.3,1.0,2,-1,2049,698,2,0
11425,11459.3,1.0,2,0,2049,698,0,0
11426,11460.31,1.019,1,0,2049,698,0,0
11427,11461.3,0.985,2,-1,2050,697,1,-1
11428,11462.3,0.997,2,0,2052,697,2,0
11429,11463.3,0.999,1,0,2052,697,0,0
11430,11464.3,1.0,2,-1,2053,697,1,0
11431,11465.3,1.001,2,0,2053,697,0,0
11432,11466.3,0.999,1,-1,2053,697,0,0
11433,11467.3,1.0,2,0,2055,697,2,0
11434,11468.3,1.0,2,0,2056,697,1,0
11435,11469.3,1.0,1,-1,2056,697,0,0
11436,11470.3,1.0,2,0,2056,697,0,0
11437,11471.3,1.0,2,0,2058,697,2,0
11438,11472.31,1.019,1,-1,2058,697,0,0
11439,11473.3,0.984,2,0,2058,697,0,0
11440,11474.35,1.056,2,0,2059,697,1,0
11441,11475.3,0.942,1,-1,2059,695,0,-2
11442,11476.3,0.999,2,0,2061,695,2,0
11443,11477.32,1.021,2,0,2061,695,0,0
11444,11478.3,0.983,1,0,2062,695,1,0
11445,11479.36,1.056,2,-1,2062,695,0,0
11446,11480.31,0.955,2,0,2064,695,2,0
11447,11481.31,1.001,1,0,2065,695,1,0
11448,11482.3,0.986,2,-1,2067,695,2,0
11449,11483.3,0.999,2,0,2067,695,0,0
11450,11484.3,1.0,1,0,2067,695,0,0
11451,11485.3,1.001,2,0,2067,695,0,0
11452,11486.3,1.0,2,-1,2067,695,0,0
11453,11487.36,1.064,2,0,2068,694,1,-1
11454,11488.3,0.939,1,0,2070,694,2,0
11455,11489.3,0.997,2,0,2071,694,1,0
11456,11490.3,1.001,2,-1,2071,694,0,0
11457,11491.3,0.999,1,0,2073,692,2,-2
11458,11492.3,1.0,2,0,2073,692,0,0
11459,11493.32,1.02,2,0,2073,692,0,0
11460,11494.3,0.984,1,0,2074,691,1,-1
11461,11495.3,0.999,2,-1,2076,691,2,0
11462,11496.3,1.0,2,0,2077,691,1,0
11463,11497.3,0.999,1,0,2077,691,0,0
11464,11498.3,0.999,2,0,2079,691,2,0
11465,11499.34,1.046,2,0,2079,691,0,0
11466,11500.3,0.955,2,-1,2079,691,0,0
11467,11501.3,0.999,1,0,2080,691,1,0
11468,11502.3,1.0,2,0,2082,691,2,0
11469,11503.3,1.0,2,0,2085,691,3,0
11470,11504.3,1.0,1,0,2085,691,0,0
11471,11505.3,0.999,2,0,2088,691,3,0
11472,11506.3,1.0,2,-1,2088,691,0,0
11473,11507.3,1.001,1,0,2088,691,0,0
11474,11508.3,0.999,2,0,2089,689,1,-2
11475,11509.32,1.021,2,0,2092,689,3,0
11476,11510.3,0.982,1,0,2097,688,5,-1
11477,11511.3,0.998,2,0,2097,688,0,0
11478,11512.3,1.0,2,0,2100,688,3,0
11479,11513.3,0.999,2,0,2100,688,0,0
11480,11514.32,1.02,1,-1,2101,688,1,0
11481,11515.3,0.983,2,0,2106,688,5,0
11482,11516.3,0.997,2,0,2110,688,4,0
11483,11517.3,1.0,1,0,2110,688,0,0
11484,11518.3,1.0,2,0,2113,688,3,0
11485,11519.3,1.0,2,0,2113,688,0,0
11486,11520.29,1.0,1,0,2113,688,0,0
11487,11521.3,1.0,2,0,2115,688,2,0
11488,11522.3,1.001,2,0,2119,688,4,0
11489,11523.3,0.999,2,0,2125,686,6,-2
11490,11524.32,1.021,1,0,2125,686,0,0
11491,11525.3,0.982,2,0,2127,686,2,0
11492,11526.3,0.998,2,0,2128,686,1,0
11493,11527.3,1.0,1,0,2128,686,0,0
11494,11528.3,0.999,2,0,2130,686,2,0
11495,11529.37,1.071,2,0,2131,686,1,0
11496,11530.3,0.931,2,-1,2142,686,11,0
11497,11531.3,0.999,1,0,2142,686,0,0
11498,11532.31,1.019,2,0,2143,686,1,0
11499,11533.31,0.997,2,0,2145,686,2,0
11500,11534.3,0.987,1,0,2145,686,0,0
11501,11535.3,0.998,2,0,2146,686,1,0
11502,11536.3,1.0,2,0,2152,686,6,0
11503,11537.3,1.002,1,1,2154,686,2,0
11504,11538.3,0.999,2,0,2155,686,1,0
11505,11539.33,1.031,2,0,2155,686,0,0
11506,11540.31,0.982,2,0,2161,685,6,-1
11507,11541.3,0.987,1,0,2163,685,2,0
11508,11542.3,0.998,2,0,2169,685,6,0
11509,11543.3,1.0,2,0,2169,685,0,0
11510,11544.3,1.0,1,0,2169,685,0,0
11511,11545.3,0.999,2,0,2172,685,3,0
11512,11546.3,1.0,2,0,2172,685,0,0
11513,11547.3,1.0,2,0,2172,685,0,0
11514,11548.3,1.0,1,0,2173,685,1,0
11515,11549.3,1.0,2,0,2179,685,6,0
11516,11550.3,1.0,2,0,2185,685,6,0
11517,11551.3,1.0,1,0,2187,685,2,0
11518,11552.3,1.0,2,0,2187,685,0,0
11519,11553.3,1.0,2,1,2193,685,6,0
11520,11554.3,1.001,1,0,2193,685,0,0
11521,11555.3,1.001,2,0,2199,685,6,0
11522,11556.3,0.999,2,0,2200,685,1,0
11523,11557.3,1.0,2,0,2200,685,0,0
11524,11558.3,1.0,1,0,2203,685,3,0
11525,11559.3,1.0,2,0,2203,685,0,0
11526,11560.3,1.0,2,0,2206,685,3,0
11527,11561.3,1.0,1,1,2206,685,0,0
11528,11562.3,1.0,2,0,2208,685,2,0
11529,11563.3,1.0,2,0,2208,685,0,0
11530,11564.3,1.0,1,0,2211,685,3,0
11531,11565.3,1.0,2,0,2211,685,0,0
11532,11566.3,1.0,2,0,2211,685,0,0
11533,11567.29,1.0,1,1,2212,685,1,0
11534,11568.3,1.0,2,0,2212,685,0,0
11535,11569.3,1.0,2,0,2212,685,0,0
11536,11570.3,1.0,2,0,2215,685,3,0
11537,11571.31,1.019,1,0,2215,685,0,0
11538,11572.3,0.985,2,1,2215,685,0,0
11539,11573.3,0.999,2,0,2220,685,5,0
11540,11574.3,0.998,1,0,2220,685,0,0
11541,11575.3,1.003,2,0,2220,685,0,0
11542,11576.3,0.999,2,0,2226,686,6,1
11543,11577.3,0.998,1,1,2226,686,0,0
11544,11578.3,0.999,2,0,2226,686,0,0
11545,11579.35,1.052,2,0,2232,686,6,0
11546,11580.31,0.963,1,0,2232,686,0,0
11547,11581.3,0.987,2,1,2232,686,0,0
11548,11582.31,1.01,2,0,2238,686,6,0
11549,11583.3,0.988,2,0,2238,686,0,0
11550,11584.36,1.063,1,0,2238,686,0,0
11551,11585.3,0.94,2,1,2244,687,6,1
11552,11586.3,0.997,2,0,2244,687,0,0
11553,11587.3,0.999,1,0,2247,687,3,0
11554,11588.3,1.0,2,1,2247,687,0,0
11555,11589.3,1.0,2,0,2247,687,0,0
11556,11590.33,1.034,1,0,2250,687,3,0
11557,11591.31,0.98,2,0,2250,687,0,0
11558,11592.3,0.987,2,1,2251,687,1,0
11559,11593.3,0.999,1,0,2251,687,0,0
11560,11594.3,1.0,2,0,2251,687,0,0
11561,11595.3,1.0,2,1,2251,687,0,0
11562,11596.3,1.0,1,0,2253,687,2,0
11563,11597.31,1.019,2,0,2253,687,0,0
11564,11598.3,0.985,2,1,2252,687,-1,0
11565,11599.3,0.997,1,0,2252,687,0,0
11566,11600.3,1.002,2,0,2250,687,-2,0
11567,11601.3,1.004,2,1,2250,687,0,0
11568,11602.3,0.994,1,0,2250,687,0,0
11569,11603.3,0.999,2,1,2249,687,-1,0
11570,11604.3,1.002,2,0,2249,687,0,0
11571,11605.3,1.002,1,0,2249,687,0,0
11572,11606.3,0.997,2,1,2249,687,0,0
11573,11607.3,0.999,2,0,2249,687,0,0
11574,11608.31,1.009,1,0,2249,687,0,0
11575,11609.3,0.992,2,1,2244,689,-5,2
11576,11610.31,1.01,2,0,2244,689,0,0
11577,11611.3,0.989,1,1,2243,690,-1,1
11578,11612.32,1.026,2,0,2243,690,0,0
11579,11613.3,0.977,2,1,2243,690,0,0
11580,11614.3,0.997,1,0,2237,690,-6,0
11581,11615.3,1.0,2,0,2237,690,0,0
11582,11616.3,1.0,2,1,2235,692,-2,2
11583,11617.32,1.022,1,0,2235,692,0,0
11584,11618.3,0.981,2,1,2228,692,-7,0
11585,11619.3,0.998,1,0,2225,692,-3,0
11586,11620.3,0.999,2,1,2225,692,0,0
11587,11621.3,1.0,2,0,2222,693,-3,1
11588,11622.3,1.001,1,1,2222,693,0,0
11589,11623.3,0.999,2,0,2222,693,0,0
11590,11624.3,1.0,2,0,2223,695,1,2
11591,11625.3,1.0,1,1,2223,695,0,0
11592,11626.3,1.0,2,0,2214,696,-9,1
11593,11627.3,1.0,2,1,2215,696,1,0
11594,11628.3,1.0,1,0,2215,696,0,0
11595,11629.3,1.0,2,1,2215,696,0,0
11596,11630.3,1.002,1,0,2217,696,2,0
11597,11631.36,1.059,2,1,2216,696,-1,0
11598,11632.34,0.982,2,1,2208,696,-8,0
11599,11633.32,0.98,1,0,2208,696,0,0
11600,11634.3,0.98,2,1,2208,696,0,0
11601,11635.3,1.0,2,0,2208,696,0,0
11602,11636.3,0.999,1,1,2204,698,-4,2
11603,11637.3,1.0,2,0,2205,698,1,0
11604,11638.3,1.0,1,1,2183,699,-22,1
11605,11639.31,1.019,2,0,2160,701,-23,2
11606,11640.3,0.984,2,1,2160,701,0,0
11607,11641.33,1.034,1,0,2161,701,1,0
11608,11642.31,0.978,2,1,2157,701,-4,0
11609,11643.3,0.988,1,1,2157,701,0,0
11610,11644.3,0.998,2,0,2158,702,1,1
11611,11645.3,1.0,2,1,2141,704,-17,2
11612,11646.3,1.0,1,0,2141,704,0,0
11613,11647.3,1.0,2,1,2141,704,0,0
11614,11648.3,1.0,1,0,2136,704,-5,0
11615,11649.3,1.0,2,1,2136,704,0,0
11616,11650.3,1.0,2,1,2136,704,0,0
11617,11651.3,1.0,1,0,2137,705,1,1
11618,11652.3,0.999,2,1,2132,707,-5,2
11619,11653.3,1.0,1,1,2106,707,-26,0
11620,11654.3,1.0,2,0,2106,707,0,0
11621,11655.3,1.0,2,1,2105,707,-1,0
11622,11656.3,1.0,1,0,2105,707,0,0
11623,11657.3,1.0,2,1,2106,707,1,0
11624,11658.32,1.02,1,1,2088,708,-18,1
11625,11659.3,0.983,2,0,2073,710,-15,2
11626,11660.3,0.998,1,1,2073,710,0,0
11627,11661.3,1.0,2,1,2070,710,-3,0
11628,11662.3,0.999,2,0,2070,710,0,0
11629,11663.33,1.03,1,1,2070,710,0,0
11630,11664.3,0.978,2,1,2071,711,1,1
11631,11665.3,0.993,1,0,2064,711,-7,0
11632,11666.3,0.999,2,1,2043,713,-21,2
11633,11667.3,1.0,1,1,2043,713,0,0
11634,11668.3,1.0,2,1,2044,713,1,0
11635,11669.3,1.0,1,0,2042,713,-2,0
11636,11670.29,1.0,2,1,2042,713,0,0
11637,11671.3,1.0,2,1,2043,713,1,0
11638,11672.3,1.0,1,0,2040,714,-3,1
11639,11673.3,1.0,2,1,2018,717,-22,3
11640,11674.3,1.0,1,1,2015,717,-3,0
11641,11675.3,1.0,2,1,2015,717,0,0
11642,11676.3,1.0,1,0,2010,719,-5,2
11643,11677.3,1.0,2,1,2010,719,0,0
11644,11678.35,1.051,1,1,2011,720,1,1
11645,11679.3,0.952,2,1,2009,722,-2,2
11646,11680.31,1.016,1,0,2006,722,-3,0
11647,11681.31,1.0,2,1,2006,722,0,0
11648,11682.32,1.01,1,1,2006,722,0,0
11649,11683.31,0.988,2,1,2004,722,-2,0
11650,11684.3,0.985,1,0,2004,722,0,0
11651,11685.3,0.999,2,1,2005,722,1,0
11652,11686.3,1.0,1,1,2000,725,-5,3
11653,11687.3,1.0,2,1,1998,725,-2,0
11654,11688.3,1.001,1,1,1998,725,0,0
11655,11689.3,1.0,2,0,1998,725,0,0
11656,11690.29,1.0,2,1,1998,726,0,1
11657,11691.3,1.0,1,1,1999,728,1,2
11658,11692.32,1.025,2,1,1999,729,0,1
11659,11693.32,0.996,1,1,1999,731,0,2
11660,11694.3,0.982,1,0,1999,731,0,0
11661,11695.3,0.997,2,1,1999,732,0,1
11662,11696.3,1.0,1,1,1999,732,0,0
11663,11697.3,1.0,2,1,1999,732,0,0
11664,11698.3,1.0,1,1,2001,734,2,2
11665,11699.3,1.0,2,1,2001,735,0,1
11666,11700.3,0.999,1,0,2002,735,1,0
11667,11701.3,1.0,2,1,2002,735,0,0
11668,11702.3,1.0,1,1,2005,737,3,2
11669,11703.3,1.0,2,1,2005,737,0,0
11670,11704.29,0.999,1,1,2005,737,0,0
11671,11705.29,1.0,2,1,2007,738,2,1
11672,11706.29,1.0,1,1,2014,741,7,3
11673,11707.3,1.0,2,1,2016,741,2,0
11674,11708.29,0.999,1,0,2016,741,0,0
11675,11709.3,1.0,2,1,2019,743,3,2
11676,11710.3,1.0,1,1,2019,743,0,0
11677,11711.29,1.0,1,1,2020,743,1,0
11678,11712.29,1.0,2,1,2022,744,2,1
11679,11713.3,1.0,1,1,2031,747,9,3
11680,11714.3,1.0,2,1,2041,750,10,3
11681,11715.3,1.0,1,1,2041,750,0,0
11682,11716.29,0.999,2,1,2044,750,3,0
11683,11717.29,1.0,1,1,2044,750,0,0
11684,11718.3,1.0,1,1,2044,750,0,0
11685,11719.3,1.0,2,0,2046,752,2,2
11686,11720.29,1.0,1,1,2055,753,9,1
11687,11721.29,1.0,2,1,2068,756,13,3
11688,11722.32,1.022,1,1,2068,756,0,0
11689,11723.3,0.982,2,1,2073,756,5,0
11690,11724.3,0.998,1,1,2073,756,0,0
11691,11725.34,1.045,1,1,2073,756,0,0
11692,11726.3,0.958,2,1,2074,758,1,2
11693,11727.3,0.998,1,1,2088,759,14,1
11694,11728.3,0.999,2,1,2103,761,15,2
11695,11729.3,1.0,1,1,2103,761,0,0
11696,11730.3,1.0,1,1,2107,761,4,0
11697,11731.3,1.0,2,1,2107,761,0,0
11698,11732.32,1.02,1,1,2109,762,2,1
11699,11733.34,1.027,2,1,2122,764,13,2
11700,11734.35,1.007,1,1,2142,764,20,0
11701,11735.3,0.951,1,1,2142,764,0,0
11702,11736.3,0.997,2,1,2148,764,6,0
11703,11737.3,1.001,1,1,2148,764,0,0
11704,11738.3,1.0,1,1,2148,764,0,0
11705,11739.3,1.0,2,1,2149,765,1,1
11706,11740.3,0.999,1,1,2163,765,14,0
11707,11741.34,1.041,1,1,2181,765,18,0
11708,11742.3,0.962,2,1,2181,765,0,0
11709,11743.33,1.034,1,1,2181,765,0,0
11710,11744.31,0.978,1,1,2181,765,0,0
11711,11745.3,0.986,2,1,2184,765,3,0
11712,11746.3,0.998,1,1,2185,767,1,2
11713,11747.3,1.0,2,2,2191,767,6,0
11714,11748.3,1.0,1,1,2217,767,26,0
11715,11749.3,1.001,1,1,2217,767,0,0
11716,11750.3,0.999,1,1,2223,767,6,0
11717,11751.3,1.001,2,1,2223,767,0,0
11718,11752.3,0.999,1,1,2223,767,0,0
11719,11753.3,1.0,1,1,2224,768,1,1
11720,11754.3,1.0,2,1,2239,768,15,0
11721,11755.3,1.0,1,1,2244,768,5,0
11722,11756.32,1.022,1,1,2244,768,0,0
11723,11757.3,0.981,2,1,2247,768,3,0
11724,11758.3,0.997,1,1,2248,770,1,2
11725,11759.3,1.0,1,2,2248,770,0,0
11726,11760.3,1.0,2,1,2250,771,2,1
11727,11761.3,1.0,1,1,2262,771,12,0
11728,11762.3,1.0,1,1,2266,771,4,0
11729,11763.3,1.0,1,1,2266,771,0,0
11730,11764.32,1.02,2,1,2271,771,5,0
11731,11765.3,0.983,1,1,2271,771,0,0
11732,11766.3,0.998,1,1,2271,771,0,0
11733,11767.3,0.999,1,2,2272,773,1,2
11734,11768.3,1.0,2,1,2277,773,5,0
11735,11769.3,1.0,1,1,2280,773,3,0
11736,11770.3,1.0,1,1,2280,773,0,0
11737,11771.3,1.0,2,1,2280,773,0,0
11738,11772.3,1.001,1,1,2280,773,0,0
11739,11773.3,0.999,1,2,2281,774,1,1
11740,11774.3,1.0,1,1,2280,774,-1,0
11741,11775.3,1.0,1,1,2279,774,-1,0
11742,11776.3,0.999,2,1,2279,774,0,0
11743,11777.3,1.0,1,1,2279,773,0,-1
11744,11778.3,1.0,1,1,2279,773,0,0
11745,11779.34,1.043,1,2,2280,773,1,0
11746,11780.3,0.96,2,1,2281,774,1,1
11747,11781.3,0.998,1,1,2280,774,-1,0
11748,11782.32,1.02,1,1,2279,774,-1,0
11749,11783.36,1.04,1,1,2279,774,0,0
11750,11784.31,0.953,1,2,2277,774,-2,0
11751,11785.3,0.989,2,1,2277,774,0,0
11752,11786.3,0.999,1,1,2277,774,0,0
11753,11787.3,1.002,1,1,2278,776,1,2
11754,11788.3,0.998,1,1,2277,775,-1,-1
11755,11789.3,1.0,1,2,2273,775,-4,0
11756,11790.3,1.0,2,1,2273,775,0,0
11757,11791.3,1.0,1,1,2271,775,-2,0
11758,11792.3,1.0,1,1,2271,775,0,0
11759,11793.3,1.0,1,2,2271,775,0,0
11760,11794.33,1.03,1,1,2272,776,1,1
11761,11795.31,0.984,1,1,2265,775,-7,-1
11762,11796.3,0.988,2,1,2256,775,-9,0
11763,11797.3,0.998,1,2,2256,775,0,0
11764,11798.3,1.0,1,1,2253,775,-3,0
11765,11799.3,1.0,1,1,2253,775,0,0
11766,11800.3,1.0,1,1,2253,775,0,0
11767,11801.3,1.0,1,2,2254,776,1,1
11768,11802.3,1.0,1,1,2244,776,-10,0
11769,11803.32,1.02,2,1,2232,775,-12,-1
11770,11804.3,0.983,1,1,2232,775,0,0
11771,11805.32,1.017,1,2,2229,775,-3,0
11772,11806.3,0.984,1,1,2229,775,0,0
11773,11807.3,0.997,1,1,2230,776,1,1
11774,11808.3,1.0,1,2,2219,776,-11,0
11775,11809.3,1.0,1,1,2205,776,-14,0
11776,11810.3,1.0,1,1,2205,776,0,0
11777,11811.3,1.0,1,2,2199,776,-6,0
11778,11812.3,1.0,2,1,2199,776,0,0
11779,11813.3,1.0,1,1,2199,776,0,0
11780,11814.3,1.0,1,1,2200,777,1,1
11781,11815.3,1.0,1,2,2187,777,-13,0
11782,11816.3,1.0,1,1,2166,777,-21,0
11783,11817.3,1.0,1,1,2166,777,0,0
11784,11818.3,1.0,1,2,2166,777,0,0
11785,11819.3,1.001,1,1,2160,777,-6,0
11786,11820.3,0.999,1,1,2160,777,0,0
11787,11821.32,1.021,1,2,2161,779,1,2
11788,11822.31,0.998,1,1,2154,779,-7,0
11789,11823.3,0.984,1,1,2154,779,0,0
11790,11824.3,0.998,1,2,2154,779,0,0
11791,11825.3,0.999,1,1,2121,779,-33,0
11792,11826.3,1.0,1,2,2121,779,0,0
11793,11827.3,1.0,1,1,2121,779,0,0
11794,11828.3,1.0,1,1,2122,780,1,1
11795,11829.3,1.0,1,2,2117,780,-5,0
11796,11830.32,1.021,2,1,2091,780,-26,0
11797,11831.3,0.982,1,1,2091,780,0,0
11798,11832.31,1.014,1,2,2084,780,-7,0
11799,11833.34,1.029,1,1,2084,782,0,2
11800,11834.31,0.965,1,1,2085,783,1,1
11801,11835.32,1.009,1,2,2055,783,-30,0
11802,11836.3,0.984,1,1,2037,783,-18,0
11803,11837.3,0.997,1,2,2037,783,0,0
11804,11838.3,0.999,0,1,2037,785,0,2
11805,11839.32,1.022,1,1,2037,785,0,0
11806,11840.3,0.981,1,2,2037,785,0,0
11807,11841.3,0.997,1,1,2038,786,1,1
11808,11842.3,1.0,1,2,2027,786,-11,0
11809,11843.3,1.0,1,1,2003,786,-24,0
11810,11844.3,1.0,1,1,2003,786,0,0
11811,11845.3,1.001,1,2,1982,789,-21,3
11812,11846.3,1.0,1,1,1982,789,0,0
11813,11847.34,1.046,1,2,1982,789,0,0
11814,11848.3,0.955,1,1,1983,791,1,2
11815,11849.3,0.998,1,2,1977,791,-6,0
11816,11850.3,1.0,1,1,1940,794,-37,3
11817,11851.3,1.001,1,1,1940,794,0,0
11818,11852.3,0.999,1,2,1934,795,-6,1
11819,11853.3,1.0,1,1,1934,795,0,0
11820,11854.3,1.0,1,2,1934,795,0,0
11821,11855.3,1.0,1,1,1935,797,1,2
11822,11856.3,1.0,0,2,1917,798,-18,1
11823,11857.3,1.0,1,1,1904,800,-13,2
11824,11858.3,1.0,1,2,1898,801,-6,1
11825,11859.3,1.0,1,1,1898,801,0,0
11826,11860.29,0.999,1,1,1881,803,-17,2
11827,11861.3,1.001,1,2,1881,803,0,0
11828,11862.3,1.0,1,1,1872,807,-9,4
11829,11863.3,1.0,1,2,1869,810,-3,3
11830,11864.3,1.0,0,1,1869,810,0,0
11831,11865.3,1.0,1,2,1868,812,-1,2
11832,11866.3,1.0,1,1,1868,812,0,0
11833,11867.3,1.001,1,2,1859,815,-9,3
11834,11868.3,0.999,1,1,1859,815,0,0
11835,11869.3,1.0,1,2,1857,818,-2,3
11836,11870.3,1.003,1,1,1857,818,0,0
11837,11871.3,0.997,0,2,1853,821,-4,3
11838,11872.3,1.0,1,1,1853,821,0,0
11839,11873.3,0.999,1,2,1853,822,0,1
11840,11874.3,1.0,1,1,1853,824,0,2
11841,11875.3,1.0,1,2,1853,824,0,0
11842,11876.3,1.0,0,1,1853,825,0,1
11843,11877.3,1.0,1,2,1853,825,0,0
11844,11878.3,1.0,1,1,1853,827,0,2
11845,11879.3,1.0,1,2,1853,827,0,0
11846,11880.3,1.0,1,1,1855,830,2,3
11847,11881.3,1.0,0,2,1855,830,0,0
11848,11882.3,1.0,1,1,1855,830,0,0
11849,11883.34,1.046,1,2,1857,831,2,1
11850,11884.37,1.032,1,1,1858,833,1,2
11851,11885.32,0.945,1,2,1858,833,0,0
11852,11886.31,0.992,0,1,1858,834,0,1
11853,11887.3,0.989,1,2,1858,834,0,0
11854,11888.3,0.999,1,1,1858,834,0,0
11855,11889.3,0.999,1,2,1860,836,2,2
11856,11890.31,1.008,0,1,1861,836,1,0
11857,11891.3,0.99,1,2,1866,837,5,1
11858,11892.3,0.999,1,1,1866,837,0,0
11859,11893.3,0.999,1,2,1867,839,1,2
11860,11894.3,1.001,0,2,1867,839,0,0
11861,11895.3,0.999,1,1,1867,839,0,0
11862,11896.3,1.001,1,2,1869,840,2,1
11863,11897.3,0.999,0,1,1882,845,13,5
11864,11898.33,1.032,1,2,1894,848,12,3
11865,11899.32,0.987,1,1,1894,848,0,0
11866,11900.3,0.983,0,2,1896,848,2,0
11867,11901.3,0.998,1,1,1896,848,0,0
11868,11902.3,1.0,1,2,1896,848,0,0
11869,11903.3,1.0,1,2,1896,849,0,1
11870,11904.3,1.0,0,1,1908,852,12,3
11871,11905.3,1.0,1,2,1921,854,13,2
11872,11906.3,1.0,1,1,1921,854,0,0
11873,11907.3,1.0,0,2,1924,854,3,0
11874,11908.34,1.045,1,1,1924,854,0,0
11875,11909.3,0.958,1,2,1924,855,0,1
11876,11910.3,0.998,0,2,1938,857,14,2
11877,11911.3,0.999,1,1,1953,857,15,0
11878,11912.3,1.0,0,2,1953,857,0,0
11879,11913.3,1.0,1,1,1957,857,4,0
11880,11914.32,1.021,1,2,1957,857,0,0
11881,11915.3,0.983,0,1,1957,857,0,0
11882,11916.3,0.997,1,2,1957,858,0,1
11883,11917.3,1.0,1,2,1960,858,3,0
11884,11918.3,1.0,0,1,1989,860,29,2
11885,11919.3,1.0,1,2,1989,860,0,0
11886,11920.3,1.0,0,1,1989,860,0,0
11887,11921.3,1.0,1,2,1993,860,4,0
11888,11922.3,1.0,0,2,1993,860,0,0
11889,11923.3,1.0,1,1,1995,861,2,1
11890,11924.3,1.0,1,2,1996,861,1,0
11891,11925.3,0.999,0,1,2020,861,24,0
11892,11926.3,1.0,1,2,2020,863,0,2
11893,11927.3,1.0,0,2,2020,863,0,0
11894,11928.3,1.0,1,1,2026,863,6,0
11895,11929.34,1.046,0,2,2026,863,0,0
11896,11930.31,0.974,1,1,2028,864,2,1
11897,11931.3,0.984,1,2,2046,864,18,0
11898,11932.3,0.998,0,2,2050,864,4,0
11899,11933.3,1.001,1,1,2050,864,0,0
11900,11934.34,1.047,0,2,2050,864,0,0
11901,11935.31,0.967,1,2,2062,866,12,2
11902,11936.3,0.988,0,1,2064,867,2,1
11903,11937.3,0.999,1,2,2073,867,9,0
11904,11938.3,0.998,0,1,2077,867,4,0
11905,11939.3,1.0,1,2,2077,867,0,0
11906,11940.3,1.0,0,2,2089,869,12,2
11907,11941.3,1.0,1,1,2089,869,0,0
11908,11942.3,1.0,0,2,2089,869,0,0
11909,11943.3,0.999,1,2,2091,870,2,1
11910,11944.3,1.0,0,1,2098,870,7,0
11911,11945.3,1.0,1,2,2100,870,2,0
11912,11946.33,1.035,0,2,2100,870,0,0
11913,11947.3,0.966,0,1,2100,872,0,2
11914,11948.3,1.001,1,2,2100,872,0,0
11915,11949.33,1.029,0,1,2101,872,1,0
11916,11950.31,0.984,1,2,2103,873,2,1
11917,11951.3,0.988,0,2,2107,873,4,0
11918,11952.3,0.998,1,1,2110,873,3,0
11919,11953.3,1.0,0,2,2110,873,0,0
11920,11954.3,0.999,1,2,2110,875,0,2
11921,11955.31,1.019,0,1,2110,875,0,0
11922,11956.3,0.985,0,2,2110,875,0,0
11923,11957.3,0.998,1,2,2112,876,2,1
11924,11958.3,1.002,0,1,2111,876,-1,0
11925,11959.3,0.997,1,2,2109,876,-2,0
11926,11960.31,1.019,0,2,2109,876,0,0
11927,11961.3,0.984,0,1,2109,876,0,0
11928,11962.3,0.997,1,2,2108,878,-1,2
11929,11963.3,0.999,0,2,2108,879,0,1
11930,11964.31,1.019,0,1,2106,878,-2,-1
11931,11965.3,0.984,1,2,2106,878,0,0
11932,11966.3,0.997,0,2,2105,878,-1,0
11933,11967.3,1.0,1,1,2105,878,0,0
11934,11968.3,1.0,0,2,2105,878,0,0
11935,11969.3,1.0,0,2,2103,878,-2,0
11936,11970.3,1.0,1,1,2103,879,0,1
11937,11971.3,1.0,0,2,2102,879,-1,0
11938,11972.31,1.019,0,2,2100,879,-2,0
11939,11973.3,0.984,1,1,2100,879,0,0
11940,11974.3,0.998,0,2,2100,879,0,0
11941,11975.34,1.043,0,2,2094,879,-6,0
11942,11976.3,0.959,0,1,2094,879,0,0
11943,11977.3,0.997,1,2,2095,881,1,2
11944,11978.3,0.999,0,2,2088,880,-7,-1
11945,11979.3,1.0,0,1,2088,880,0,0
11946,11980.3,1.0,1,2,2088,880,0,0
11947,11981.3,1.0,0,2,2085,881,-3,1
11948,11982.3,1.0,0,1,2085,881,0,0
11949,11983.3,1.0,0,2,2085,881,0,0
11950,11984.3,1.0,1,2,2085,882,0,1
11951,11985.35,1.051,0,1,2084,882,-1,0
11952,11986.31,0.964,0,2,2070,881,-14,-1
11953,11987.3,0.989,0,2,2070,881,0,0
11954,11988.32,1.017,1,2,2067,881,-3,0
11955,11989.3,0.982,0,1,2067,882,0,1
11956,11990.3,0.997,0,2,2068,884,1,2
11957,11991.31,1.019,0,2,2051,883,-17,-1
11958,11992.3,0.985,1,1,2042,883,-9,0
11959,11993.3,0.995,0,2,2042,883,0,0
11960,11994.3,1.0,0,2,2037,881,-5,-2
11961,11995.3,1.0,0,1,2037,881,0,0
11962,11996.3,1.002,0,2,2037,881,0,0
11963,11997.3,0.998,1,2,2037,882,0,1
11964,11998.3,1.0,0,1,2033,882,-4,0
11965,11999.33,1.033,0,2,2009,882,-24,0
11966,12000.31,0.982,0,2,2009,882,0,0
11967,12001.3,0.987,0,2,2009,882,0,0
11968,12002.3,0.999,1,1,2006,882,-3,0
11969,12003.31,1.017,0,2,2006,882,0,0
11970,12004.3,0.986,0,2,2007,884,1,2
11971,12005.3,0.998,0,1,2003,884,-4,0
11972,12006.32,1.021,0,2,1977,884,-26,0
11973,12007.31,0.996,0,2,1977,884,0,0
11974,12008.3,0.985,0,1,1977,884,0,0
11975,12009.3,0.999,1,2,1973,885,-4,1
11976,12010.3,0.999,0,2,1973,885,0,0
11977,12011.3,1.0,0,2,1973,887,0,2
11978,12012.3,1.0,0,1,1955,887,-18,0
11979,12013.3,1.003,0,2,1950,887,-5,0
11980,12014.32,1.026,0,2,1950,887,0,0
11981,12015.3,0.975,0,1,1950,887,0,0
11982,12016.3,0.997,0,2,1947,887,-3,0
11983,12017.3,1.0,0,2,1947,888,0,1
11984,12018.3,1.0,1,1,1928,890,-19,2
11985,12019.3,1.0,0,2,1928,890,0,0
11986,12020.3,1.0,0,2,1925,891,-3,1
11987,12021.3,1.002,0,2,1925,891,0,0
11988,12022.3,0.998,0,1,1925,891,0,0
11989,12023.3,1.0,0,2,1913,893,-12,2
11990,12024.3,1.0,0,2,1913,894,0,1
11991,12025.3,1.0,0,1,1904,896,-9,2
11992,12026.3,1.0,0,2,1901,896,-3,0
11993,12027.3,1.001,0,2,1901,896,0,0
11994,12028.3,0.999,0,1,1901,896,0,0
11995,12029.3,1.0,0,2,1893,900,-8,4
11996,12030.3,1.0,0,2,1893,900,0,0
11997,12031.3,1.0,0,2,1893,902,0,2
11998,12032.3,1.0,0,1,1887,903,-6,1
11999,12033.3,1.0,0,2,1887,903,0,0
12000,12034.36,1.065,0,2,1887,903,0,0
12001,12035.3,0.939,0,1,1884,905,-3,2
12002,12036.37,1.075,0,2,1884,905,0,0
12003,12037.31,0.937,0,2,1884,905,0,0
12004,12038.32,1.007,0,1,1884,906,0,1
12005,12039.3,0.979,0,2,1883,906,-1,0
12006,12040.3,0.998,0,2,1875,911,-8,5
12007,12041.3,1.001,0,2,1875,911,0,0
12008,12042.3,0.999,0,1,1874,914,-1,3
12009,12043.3,1.0,0,2,1874,914,0,0
12010,12044.3,1.0,0,2,1874,915,0,1
12011,12045.3,1.0,0,1,1872,917,-2,2
12012,12046.3,1.001,0,2,1872,918,0,1
12013,12047.3,1.0,0,2,1872,918,0,0
12014,12048.3,0.999,0,2,1872,921,0,3
12015,12049.3,1.0,-1,1,1872,921,0,0
12016,12050.33,1.03,0,2,1872,921,0,0
12017,12051.31,0.984,0,2,1872,923,0,2
12018,12052.3,0.99,0,1,1872,924,0,1
12019,12053.3,0.997,0,2,1872,926,0,2
12020,12054.3,0.999,0,2,1872,926,0,0
12021,12055.32,1.02,0,1,1872,927,0,1
12022,12056.3,0.984,0,2,1873,929,1,2
12023,12057.3,0.997,0,2,1873,929,0,0
12024,12058.32,1.019,-1,2,1873,930,0,1
12025,12059.3,0.984,0,1,1875,930,2,0
12026,12060.3,0.997,0,2,1878,933,3,3
12027,12061.3,1.0,0,2,1878,935,0,2
12028,12062.3,1.001,0,1,1878,935,0,0
12029,12063.3,0.999,0,2,1879,936,1,1
12030,12064.3,1.0,0,2,1879,936,0,0
12031,12065.3,1.0,-1,1,1879,938,0,2
12032,12066.3,1.004,0,2,1884,939,5,1
12033,12067.3,0.996,0,2,1885,941,1,2
12034,12068.32,1.02,0,2,1885,941,0,0
12035,12069.3,0.983,0,1,1885,941,0,0
12036,12070.3,0.997,-1,2,1890,942,5,1
12037,12071.3,1.0,0,2,1890,944,0,2
12038,12072.3,0.999,0,1,1896,945,6,1
12039,12073.3,1.001,0,2,1897,945,1,0
12040,12074.3,0.999,0,2,1897,945,0,0
12041,12075.32,1.022,-1,1,1903,950,6,5
12042,12076.3,0.982,0,2,1903,950,0,0
12043,12077.3,0.998,0,2,1903,950,0,0
12044,12078.3,0.999,0,1,1903,951,0,1
12045,12079.3,1.0,-1,2,1909,951,6,0
12046,12080.3,1.0,0,2,1911,953,2,2
12047,12081.3,1.0,0,1,1911,953,0,0
12048,12082.3,1.0,0,2,1914,953,3,0
12049,12083.3,1.0,-1,2,1914,953,0,0
12050,12084.32,1.021,0,2,1914,953,0,0
12051,12085.3,0.982,0,1,1914,954,0,1
12052,12086.35,1.046,0,2,1920,956,6,2
12053,12087.33,0.982,-1,2,1927,956,7,0
12054,12088.32,0.989,0,1,1927,956,0,0
12055,12089.3,0.981,0,2,1929,960,2,4
12056,12090.3,0.999,-1,2,1936,960,7,0
12057,12091.31,1.016,0,1,1936,960,0,0
12058,12092.3,0.984,0,2,1945,962,9,2
12059,12093.3,1.001,0,2,1945,962,0,0
12060,12094.3,0.999,-1,1,1948,962,3,0
12061,12095.3,1.0,0,2,1948,962,0,0
12062,12096.3,1.002,0,2,1957,965,9,3
12063,12097.3,0.999,-1,1,1960,968,3,3
12064,12098.3,0.999,0,2,1960,968,0,0
12065,12099.34,1.046,0,2,1963,969,3,1
12066,12100.3,0.96,-1,1,1963,969,0,0
12067,12101.33,1.03,0,2,1969,969,6,0
12068,12102.31,0.98,-1,2,1969,969,0,0
12069,12103.3,0.987,0,1,1974,969,5,0
12070,12104.3,0.999,0,2,1974,969,0,0
12071,12105.3,1.0,-1,2,1975,971,1,2
12072,12106.3,1.0,0,1,1984,971,9,0
12073,12107.3,1.0,0,2,1984,971,0,0
12074,12108.3,1.0,-1,2,1987,971,3,0
12075,12109.3,1.0,0,1,1987,971,0,0
12076,12110.3,1.0,-1,2,1987,971,0,0
12077,12111.3,1.0,0,2,1987,971,0,0
12078,12112.29,0.999,0,1,1987,971,0,0
12079,12113.3,1.0,-1,2,1987,971,0,0
12080,12114.3,1.0,0,2,1995,972,8,1
12081,12115.32,1.022,-1,1,1995,972,0,0
12082,12116.3,0.982,0,2,1995,972,0,0
12083,12117.3,0.997,-1,1,1998,974,3,2
12084,12118.3,1.0,0,2,1998,974,0,0
12085,12119.3,1.0,-1,2,1997,975,-1,1
12086,12120.31,1.018,0,1,1999,975,2,0
12087,12121.3,0.984,0,2,2007,975,8,0
12088,12122.3,1.0,-1,2,2007,975,0,0
12089,12123.3,0.998,0,1,2007,975,0,0
12090,12124.3,1.0,-1,2,2007,977,0,2
12091,12125.3,1.0,0,2,2007,977,0,0
12092,12126.3,1.0,-1,1,2006,978,-1,1
12093,12127.3,1.0,0,2,2017,977,11,-1
12094,12128.3,1.0,-1,1,2026,976,9,-1
12095,12129.3,1.0,0,2,2026,976,0,0
12096,12130.32,1.02,-1,2,2026,976,0,0
12097,12131.3,0.984,0,1,2026,977,0,1
12098,12132.3,0.997,-1,2,2025,978,-1,1
12099,12133.3,0.999,0,2,2028,978,3,0
12100,12134.3,1.0,-1,1,2031,977,3,-1
12101,12135.3,1.001,0,2,2031,977,0,0
12102,12136.3,1.0,-1,1,2041,976,10,-1
12103,12137.3,1.0,-1,2,2041,976,0,0
12104,12138.3,1.001,0,2,2041,976,0,0
12105,12139.36,1.068,-1,1,2040,977,-1,1
12106,12140.3,0.935,0,2,2041,977,1,0
12107,12141.3,0.996,-1,2,2049,976,8,-1
12108,12142.3,1.0,0,1,2049,976,0,0
12109,12143.3,1.0,-1,2,2049,976,0,0
12110,12144.3,1.0,-1,1,2050,974,1,-2
12111,12145.3,1.0,0,2,2050,974,0,0
12112,12146.3,1.0,-1,2,2049,975,-1,1
12113,12147.3,0.999,0,1,2050,975,1,0
12114,12148.3,1.0,-1,2,2053,975,3,0
12115,12149.3,1.0,0,1,2053,975,0,0
12116,12150.3,1.0,-1,2,2053,977,0,2
12117,12151.31,1.017,-1,2,2055,977,2,0
12118,12152.3,0.991,0,1,2055,977,0,0
12119,12153.3,0.993,-1,2,2054,978,-1,1
12120,12154.3,1.0,-1,1,2054,977,0,-1
12121,12155.31,1.019,0,2,2055,977,1,0
12122,12156.3,0.986,-1,1,2055,977,0,0
12123,12157.3,0.996,0,2,2055,977,0,0
12124,12158.3,1.0,-1,2,2055,977,0,0
12125,12159.3,0.998,-1,1,2055,978,0,1
12126,12160.3,1.0,0,2,2055,978,0,0
12127,12161.32,1.021,-1,1,2055,978,0,0
12128,12162.34,1.019,-1,2,2055,978,0,0
12129,12163.3,0.965,0,1,2055,980,0,2
12130,12164.3,0.997,-1,2,2055,980,0,0
12131,12165.3,0.999,-1,2,2055,980,0,0
12132,12166.35,1.058,-1,1,2055,981,0,1
12133,12167.3,0.942,0,2,2055,981,0,0
12134,12168.3,1.0,-1,1,2055,981,0,0
12135,12169.3,1.0,-1,2,2055,983,0,2
12136,12170.3,1.0,0,1,2055,983,0,0
12137,12171.3,1.002,-1,2,2055,983,0,0
12138,12172.3,0.999,-1,1,2055,984,0,1
12139,12173.3,1.0,0,2,2055,984,0,0
12140,12174.3,1.0,-1,1,2055,984,0,0
12141,12175.3,1.0,-1,2,2055,984,0,0
12142,12176.3,1.0,-1,2,2055,986,0,2
12143,12177.3,1.0,0,1,2055,986,0,0
12144,12178.3,1.0,-1,2,2055,987,0,1
12145,12179.3,1.001,-1,1,2055,987,0,0
12146,12180.3,1.001,-1,2,2055,987,0,0
12147,12181.3,0.999,0,1,2055,987,0,0
12148,12182.3,1.001,-1,2,2055,989,0,2
12149,12183.3,1.0,-1,1,2055,989,0,0
12150,12184.36,1.06,-1,2,2055,989,0,0
12151,12185.3,0.943,-1,1,2055,990,0,1
12152,12186.3,0.997,0,2,2055,990,0,0
12153,12187.3,0.999,-1,1,2055,990,0,0
12154,12188.3,1.0,-1,2,2055,990,0,0
12155,12189.3,1.002,-1,1,2055,990,0,0
12156,12190.3,0.999,-1,2,2055,990,0,0
12157,12191.3,0.999,0,1,2054,992,-1,2
12158,12192.36,1.065,-1,2,2054,992,0,0
12159,12193.31,0.949,-1,1,2054,992,0,0
12160,12194.32,1.005,-1,2,2054,992,0,0
12161,12195.31,0.997,-1,1,2054,992,0,0
12162,12196.32,1.005,0,2,2054,993,0,1
12163,12197.3,0.982,-1,1,2054,995,0,2
12164,12198.3,0.998,-1,2,2054,995,0,0
12165,12199.3,0.999,-1,1,2054,995,0,0
12166,12200.32,1.021,-1,2,2054,995,0,0
12167,12201.32,1.0,-1,1,2054,995,0,0
12168,12202.31,0.997,-1,2,2054,996,0,1
12169,12203.3,0.986,0,1,2052,998,-2,2
12170,12204.3,0.998,-1,2,2052,998,0,0
12171,12205.32,1.019,-1,1,2052,998,0,0
12172,12206.3,0.98,-1,2,2052,998,0,0
12173,12207.3,1.0,-1,1,2052,998,0,0
12174,12208.3,1.0,-1,1,2052,999,0,1
12175,12209.33,1.037,-1,2,2051,1001,-1,2
12176,12210.3,0.966,-1,1,2051,1001,0,0
12177,12211.3,0.997,0,2,2051,1001,0,0
12178,12212.3,0.999,-1,1,2051,1001,0,0
12179,12213.32,1.022,-1,2,2051,1001,0,0
12180,12214.3,0.981,-1,1,2051,1002,0,1
12181,12215.3,0.998,-1,2,2049,1004,-2,2
12182,12216.3,0.998,-1,1,2049,1004,0,0
12183,12217.3,1.0,-1,1,2049,1004,0,0
12184,12218.3,1.0,-1,2,2049,1004,0,0
12185,12219.3,0.999,-1,1,2049,1004,0,0
12186,12220.3,1.0,-1,2,2049,1004,0,0
12187,12221.3,1.0,-1,1,2048,1005,-1,1
12188,12222.31,1.019,-1,1,2048,1005,0,0
12189,12223.3,0.985,-1,2,2048,1005,0,0
12190,12224.31,1.013,-1,1,2048,1005,0,0
12191,12225.3,0.988,-1,2,2048,1005,0,0
12192,12226.3,0.997,-1,1,2048,1005,0,0
12193,12227.3,0.999,-1,2,2046,1007,-2,2
12194,12228.3,1.0,-1,1,2046,1007,0,0
12195,12229.3,1.0,0,1,2046,1007,0,0
12196,12230.3,1.0,-1,2,2046,1007,0,0
12197,12231.3,1.001,-1,1,2046,1007,0,0
12198,12232.3,1.0,-1,1,2046,1007,0,0
12199,12233.3,1.0,-1,2,2045,1008,-1,1
12200,12234.3,1.0,-1,1,2045,1008,0,0
12201,12235.3,1.0,-1,2,2045,1008,0,0
12202,12236.3,1.0,-1,1,2045,1008,0,0
12203,12237.3,1.0,-2,1,2045,1008,0,0
12204,12238.3,1.001,-1,2,2045,1008,0,0
12205,12239.3,0.999,-1,1,2045,1008,0,0
12206,12240.32,1.02,-1,1,2043,1010,-2,2
12207,12241.3,0.983,-1,2,2043,1010,0,0
12208,12242.3,0.998,-1,1,2043,1010,0,0
12209,12243.34,1.047,-1,1,2043,1010,0,0
12210,12244.34,0.993,-1,2,2043,1010,0,0
12211,12245.3,0.962,-1,1,2043,1010,0,0
12212,12246.3,0.998,-1,2,2042,1011,-1,1
12213,12247.3,1.0,-1,1,2042,1011,0,0
12214,12248.3,1.0,-1,1,2042,1011,0,0
12215,12249.3,1.0,-1,1,2042,1011,0,0
12216,12250.3,1.0,-1,2,2042,1011,0,0
12217,12251.3,1.001,-1,1,2042,1011,0,0
12218,12252.31,1.017,-1,1,2040,1013,-2,2
12219,12253.3,0.992,-1,2,2040,1013,0,0
12220,12254.3,0.991,-1,1,2040,1013,0,0
12221,12255.3,1.0,-2,1,2040,1013,0,0
12222,12256.3,0.999,-1,2,2040,1014,0,1
12223,12257.3,1.0,-1,1,2040,1014,0,0
12224,12258.3,0.999,-1,1,2039,1016,-1,2
12225,12259.3,1.0,-1,2,2039,1016,0,0
12226,12260.3,1.0,-1,1,2039,1016,0,0
12227,12261.3,1.0,-1,1,2039,1016,0,0
12228,12262.3,1.0,-1,1,2039,1016,0,0
12229,12263.3,1.0,-1,2,2039,1016,0,0
12230,12264.31,1.018,-2,1,2037,1017,-2,1
12231,12265.3,0.985,-1,1,2037,1017,0,0
12232,12266.3,0.998,-1,2,2037,1017,0,0
12233,12267.3,1.001,-1,1,2037,1017,0,0
12234,12268.3,0.999,-1,1,2037,1019,0,2
12235,12269.3,1.0,-1,1,2037,1019,0,0
12236,12270.3,0.999,-1,2,2036,1020,-1,1
12237,12271.3,1.001,-2,1,2036,1020,0,0
12238,12272.3,1.0,-1,1,2036,1020,0,0
12239,12273.3,1.0,-1,1,2036,1020,0,0
12240,12274.3,0.999,-1,2,2034,1020,-2,0
12241,12275.3,1.0,-1,1,2034,1020,0,0
12242,12276.3,1.0,-1,1,2033,1022,-1,2
12243,12277.3,1.0,-2,1,2033,1022,0,0
12244,12278.3,1.0,-1,2,2033,1022,0,0
12245,12279.3,1.001,-1,1,2033,1022,0,0
12246,12280.3,1.0,-1,1,2031,1022,-2,0
12247,12281.3,0.999,-1,1,2031,1022,0,0
12248,12282.3,1.0,-2,1,2030,1023,-1,1
12249,12283.3,1.0,-1,2,2030,1023,0,0
12250,12284.3,1.001,-1,1,2030,1023,0,0
12251,12285.3,0.999,-1,1,2030,1023,0,0
12252,12286.3,1.0,-1,1,2030,1023,0,0
12253,12287.3,1.0,-2,1,2028,1023,-2,0
12254,12288.3,1.0,-1,2,2027,1025,-1,2
12255,12289.3,0.999,-1,1,2027,1025,0,0
12256,12290.3,1.0,-1,1,2027,1025,0,0
12257,12291.3,1.0,-2,1,2027,1025,0,0
12258,12292.3,1.0,-1,1,2027,1025,0,0
12259,12293.3,1.0,-1,1,2027,1026,0,1
12260,12294.33,1.033,-1,2,2025,1028,-2,2
12261,12295.34,1.007,-1,1,2025,1028,0,0
12262,12296.3,0.965,-2,1,2025,1028,0,0
12263,12297.3,0.996,-1,1,2025,1028,0,0
12264,12298.3,0.999,-1,1,2025,1028,0,0
12265,12299.3,1.0,-2,1,2025,1028,0,0
12266,12300.3,1.0,-1,2,2024,1029,-1,1
12267,12301.3,1.0,-1,1,2024,1029,0,0
12268,12302.3,1.0,-1,1,2024,1029,0,0
12269,12303.31,1.015,-2,1,2024,1029,0,0
12270,12304.31,1.0,-1,1,2024,1029,0,0
12271,12305.3,0.985,-1,1,2024,1029,0,0
12272,12306.3,0.999,-1,1,2022,1031,-2,2
12273,12307.3,1.0,-2,1,2022,1031,0,0
12274,12308.3,1.0,-1,1,2022,1031,0,0
12275,12309.3,1.0,-1,2,2022,1031,0,0
12276,12310.3,1.0,-2,1,2022,1031,0,0
12277,12311.3,1.0,-1,1,2022,1031,0,0
12278,12312.3,1.0,-1,1,2021,1032,-1,1
12279,12313.3,1.0,-2,1,2021,1032,0,0
12280,12314.3,1.0,-1,1,2021,1032,0,0
12281,12315.3,1.0,-1,1,2021,1032,0,0
12282,12316.3,1.0,-2,1,2021,1032,0,0
12283,12317.3,1.002,-1,1,2019,1032,-2,0
12284,12318.3,0.998,-1,1,2018,1034,-1,2
12285,12319.3,1.004,-1,1,2018,1034,0,0
12286,12320.3,0.997,-2,1,2018,1034,0,0
12287,12321.3,1.001,-1,2,2018,1034,0,0
12288,12322.3,0.999,-2,1,2018,1034,0,0
12289,12323.3,1.0,-1,1,2016,1034,-2,0
12290,12324.3,1.0,-1,1,2015,1035,-1,1
12291,12325.3,1.0,-2,1,2015,1035,0,0
12292,12326.3,1.0,-1,1,2015,1035,0,0
12293,12327.3,1.0,-1,1,2015,1035,0,0
12294,12328.3,1.0,-2,1,2015,1035,0,0
12295,12329.3,1.001,-1,1,2015,1035,0,0
12296,12330.3,0.999,-1,1,2013,1037,-2,2
12297,12331.3,1.0,-2,1,2013,1037,0,0
12298,12332.3,1.0,-1,1,2013,1037,0,0
12299,12333.32,1.024,-1,1,2013,1037,0,0
12300,12334.37,1.053,-2,1,2013,1037,0,0
12301,12335.3,0.926,-1,1,2012,1037,-1,0
12302,12336.3,0.997,-2,1,2012,1037,0,0
12303,12337.3,0.999,-1,1,2010,1038,-2,1
12304,12338.3,1.0,-1,1,2010,1038,0,0
12305,12339.3,1.001,-2,1,2010,1038,0,0
12306,12340.3,0.999,-1,1,2010,1038,0,0
12307,12341.3,1.0,-2,1,2009,1038,-1,0
12308,12342.3,1.0,-1,1,2009,1038,0,0
12309,12343.3,1.0,-1,1,2007,1040,-2,2
12310,12344.3,1.0,-2,1,2007,1040,0,0
12311,12345.3,1.001,-1,1,2007,1040,0,0
12312,12346.37,1.074,-2,1,2007,1040,0,0
12313,12347.31,0.942,-1,0,2007,1040,0,0
12314,12348.3,0.986,-2,1,2007,1040,0,0
12315,12349.31,1.015,-1,1,2006,1041,-1,1
12316,12350.3,0.984,-1,1,2006,1041,0,0
12317,12351.3,0.998,-2,1,2006,1041,0,0
12318,12352.3,0.999,-1,1,2006,1041,0,0
12319,12353.32,1.02,-2,1,2006,1041,0,0
12320,12354.32,1.008,-1,1,2006,1041,0,0
12321,12355.31,0.988,-2,1,2004,1043,-2,2
12322,12356.3,0.988,-1,1,2004,1043,0,0
12323,12357.3,0.997,-1,1,2004,1043,0,0
12324,12358.3,0.999,-2,1,2004,1043,0,0
12325,12359.3,1.0,-1,0,2004,1043,0,0
12326,12360.3,1.0,-2,1,2004,1043,0,0
12327,12361.3,1.0,-1,1,2003,1044,-1,1
12328,12362.3,1.0,-2,1,2003,1044,0,0
12329,12363.29,1.0,-1,1,2003,1044,0,0
12330,12364.33,1.03,-2,1,2003,1044,0,0
12331,12365.3,0.974,-1,1,2003,1044,0,0
12332,12366.3,0.997,-2,1,2003,1044,0,0
12333,12367.3,1.0,-1,0,2001,1046,-2,2
12334,12368.3,1.0,-2,1,2001,1046,0,0
12335,12369.3,1.0,-1,1,2001,1046,0,0
12336,12370.3,1.0,-2,1,2001,1046,0,0
12337,12371.31,1.018,-1,1,2000,1046,-1,0
12338,12372.3,0.985,-2,1,2000,1046,0,0
12339,12373.3,0.998,-1,0,1998,1047,-2,1
12340,12374.3,1.0,-1,1,1998,1047,0,0
12341,12375.3,1.0,-2,1,1998,1047,0,0
12342,12376.3,1.0,-1,1,1998,1047,0,0
12343,12377.3,1.0,-2,1,1998,1047,0,0
12344,12378.29,1.0,-2,0,1997,1047,-1,0
12345,12379.32,1.022,-1,1,1995,1049,-2,2
12346,12380.3,0.982,-2,1,1995,1049,0,0
12347,12381.3,0.997,-1,1,1995,1049,0,0
12348,12382.3,1.0,-2,1,1995,1049,0,0
12349,12383.3,0.999,-1,0,1995,1049,0,0
12350,12384.3,1.0,-2,1,1995,1049,0,0
12351,12385.3,1.0,-1,1,1994,1050,-1,1
12352,12386.3,1.0,-2,1,1994,1050,0,0
12353,12387.3,1.0,-1,0,1994,1050,0,0
12354,12388.32,1.023,-2,1,1994,1050,0,0
12355,12389.3,0.981,-1,1,1994,1050,0,0
12356,12390.3,0.997,-2,1,1992,1050,-2,0
12357,12391.3,0.999,-1,0,1991,1052,-1,2
12358,12392.3,1.0,-2,1,1991,1052,0,0
12359,12393.3,1.0,-1,1,1991,1052,0,0
12360,12394.3,1.0,-2,1,1991,1052,0,0
12361,12395.31,1.016,-1,0,1991,1052,0,0
12362,12396.35,1.042,-2,1,1989,1052,-2,0
12363,12397.3,0.944,-2,1,1988,1053,-1,1
12364,12398.3,0.998,-1,0,1988,1053,0,0
12365,12399.3,1.0,-2,1,1988,1053,0,0
12366,12400.3,1.0,-1,1,1988,1053,0,0
12367,12401.3,1.0,-2,0,1988,1053,0,0
12368,12402.3,1.0,-1,1,1986,1053,-2,0
12369,12403.3,1.0,-2,1,1985,1055,-1,2
12370,12404.34,1.04,-1,1,1985,1055,0,0
12371,12405.31,0.979,-2,0,1985,1055,0,0
12372,12406.3,0.985,-2,1,1985,1055,0,0
12373,12407.3,0.998,-1,1,1985,1055,0,0
12374,12408.3,0.999,-2,0,1985,1055,0,0
12375,12409.3,1.0,-1,1,1983,1055,-2,0
12376,12410.3,1.0,-2,0,1983,1055,0,0
12377,12411.34,1.044,-1,1,1983,1055,0,0
12378,12412.3,0.959,-2,1,1983,1055,0,0
12379,12413.3,0.998,-2,0,1983,1055,0,0
12380,12414.3,0.999,-1,1,1983,1055,0,0
12381,12415.3,1.0,-2,1,1982,1056,-1,1
12382,12416.3,1.0,-1,0,1982,1056,0,0
12383,12417.3,1.0,-2,1,1982,1056,0,0
12384,12418.3,1.0,-2,0,1982,1056,0,0
12385,12419.3,1.0,-1,1,1982,1056,0,0
12386,12420.3,1.0,-2,1,1980,1056,-2,0
12387,12421.3,1.0,-1,0,1979,1056,-1,0
12388,12422.3,1.0,-2,1,1979,1056,0,0
12389,12423.3,1.0,-2,0,1979,1056,0,0
12390,12424.3,1.0,-1,1,1979,1056,0,0
12391,12425.3,1.0,-2,1,1979,1056,0,0
12392,12426.3,1.001,-1,0,1979,1056,0,0
12393,12427.3,0.999,-2,1,1977,1056,-2,0
12394,12428.3,1.0,-2,0,1977,1056,0,0
12395,12429.3,1.0,-1,1,1977,1056,0,0
12396,12430.32,1.022,-2,0,1977,1056,0,0
12397,12431.3,0.982,-1,1,1977,1056,0,0
12398,12432.3,0.998,-2,0,1976,1056,-1,0
12399,12433.3,0.999,-2,1,1976,1056,0,0
12400,12434.3,1.0,-1,0,1974,1058,-2,2
12401,12435.3,1.0,-2,1,1974,1058,0,0
12402,12436.3,1.0,-2,0,1974,1058,0,0
12403,12437.29,0.999,-1,1,1974,1058,0,0
12404,12438.3,1.0,-2,0,1973,1058,-1,0
12405,12439.3,1.001,-1,1,1973,1058,0,0
12406,12440.3,1.0,-2,0,1971,1058,-2,0
12407,12441.3,1.0,-2,1,1971,1058,0,0
12408,12442.32,1.021,-1,0,1971,1058,0,0
12409,12443.3,0.982,-2,1,1971,1058,0,0
12410,12444.3,0.998,-2,0,1971,1058,0,0
12411,12445.3,1.0,-1,1,1971,1058,0,0
12412,12446.34,1.046,-2,0,1970,1058,-1,0
12413,12447.3,0.957,-2,1,1970,1058,0,0
12414,12448.39,1.09,-1,0,1970,1058,0,0
12415,12449.31,0.922,-2,1,1970,1058,0,0
12416,12450.32,1.005,-1,0,1968,1058,-2,0
12417,12451.3,0.983,-2,1,1968,1058,0,0
12418,12452.3,0.998,-2,0,1967,1058,-1,0
12419,12453.3,0.999,-1,0,1967,1058,0,0
12420,12454.3,1.0,-2,1,1967,1058,0,0
12421,12455.3,1.002,-2,0,1967,1058,0,0
12422,12456.3,1.0,-1,1,1965,1058,-2,0
12423,12457.37,1.07,-2,0,1965,1058,0,0
12424,12458.31,0.947,-2,0,1964,1058,-1,0
12425,12459.3,0.984,-1,1,1964,1058,0,0
12426,12460.3,0.998,-2,0,1964,1058,0,0
12427,12461.3,0.999,-2,1,1964,1058,0,0
12428,12462.3,0.999,-1,0,1962,1058,-2,0
12429,12463.3,1.0,-2,0,1962,1058,0,0
12430,12464.3,1.0,-2,1,1961,1058,-1,0
12431,12465.3,1.0,-1,0,1961,1058,0,0
12432,12466.3,0.999,-2,0,1961,1058,0,0
12433,12467.3,1.0,-2,1,1961,1058,0,0
12434,12468.3,1.0,-1,0,1959,1058,-2,0
12435,12469.3,1.0,-2,1,1959,1058,0,0
12436,12470.3,1.0,-2,0,1958,1058,-1,0
12437,12471.3,1.0,-1,0,1958,1058,0,0
12438,12472.32,1.021,-2,1,1958,1058,0,0
12439,12473.32,1.0,-2,0,1958,1058,0,0
12440,12474.3,0.984,-1,0,1956,1058,-2,0
12441,12475.3,0.998,-2,0,1956,1058,0,0
12442,12476.3,0.999,-2,1,1955,1059,-1,1
12443,12477.3,0.999,-1,0,1955,1059,0,0
12444,12478.3,1.0,-2,0,1955,1059,0,0
12445,12479.3,1.001,-2,1,1955,1059,0,0
12446,12480.3,1.0,-1,0,1955,1059,0,0
12447,12481.3,1.0,-2,0,1955,1059,0,0
12448,12482.3,1.0,-2,1,1953,1059,-2,0
12449,12483.3,1.0,-1,0,1953,1059,0,0
12450,12484.36,1.066,-2,0,1953,1059,0,0
12451,12485.3,0.937,-2,0,1953,1059,0,0
12452,12486.3,0.997,-2,1,1953,1059,0,0
12453,12487.3,0.999,-1,0,1953,1059,0,0
12454,12488.32,1.029,-2,0,1952,1059,-1,0
12455,12489.32,0.992,-2,0,1952,1059,0,0
12456,12490.3,0.983,-1,1,1952,1059,0,0
12457,12491.3,0.997,-2,0,1952,1059,0,0
12458,12492.3,1.0,-2,0,1952,1059,0,0
12459,12493.3,1.0,-1,0,1952,1059,0,0
12460,12494.3,1.0,-2,0,1950,1059,-2,0
12461,12495.3,1.0,-2,1,1950,1059,0,0
12462,12496.3,1.0,-1,0,1950,1059,0,0
12463,12497.3,1.0,-2,0,1950,1059,0,0
12464,12498.3,1.001,-2,0,1949,1059,-1,0
12465,12499.3,1.0,-2,0,1949,1059,0,0
12466,12500.3,1.0,-1,1,1947,1059,-2,0
12467,12501.3,1.0,-2,0,1947,1059,0,0
12468,12502.3,1.0,-2,0,1947,1059,0,0
12469,12503.3,0.999,-1,0,1947,1059,0,0
12470,12504.32,1.023,-2,0,1946,1059,-1,0
12471,12505.31,0.995,-2,0,1946,1059,0,0
12472,12506.3,0.986,-1,1,1944,1061,-2,2
12473,12507.3,0.997,-2,0,1944,1061,0,0
12474,12508.3,1.003,-2,0,1944,1061,0,0
12475,12509.34,1.036,-1,0,1944,1061,0,0
12476,12510.31,0.975,-2,0,1944,1061,0,0
12477,12511.3,0.988,-2,0,1943,1061,-1,0
12478,12512.3,0.997,-2,0,1941,1061,-2,0
12479,12513.31,1.016,-1,0,1941,1061,0,0
12480,12514.32,1.004,-2,1,1941,1061,0,0
12481,12515.3,0.984,-2,0,1941,1061,0,0
12482,12516.3,0.997,-1,0,1941,1061,0,0
12483,12517.3,1.004,-2,0,1940,1061,-1,0
12484,12518.3,0.996,-2,0,1938,1061,-2,0
12485,12519.32,1.02,-1,0,1938,1061,0,0
12486,12520.32,1.002,-2,0,1938,1061,0,0
12487,12521.3,0.981,-2,0,1938,1061,0,0
12488,12522.3,0.998,-2,0,1938,1061,0,0
12489,12523.3,0.999,-1,0,1938,1061,0,0
12490,12524.3,1.0,-2,0,1937,1061,-1,0
12491,12525.3,1.0,-2,0,1937,1061,0,0
12492,12526.3,1.0,-1,0,1937,1061,0,0
12493,12527.3,1.0,-2,0,1937,1061,0,0
12494,12528.3,1.0,-2,0,1937,1061,0,0
12495,12529.3,1.001,-2,0,1937,1061,0,0
12496,12530.3,0.999,-1,0,1935,1061,-2,0
12497,12531.3,1.0,-2,0,1935,1061,0,0
12498,12532.3,1.0,-2,0,1935,1061,0,0
12499,12533.29,1.0,-1,0,1935,1061,0,0
12500,12534.3,1.0,-2,0,1935,1061,0,0
12501,12535.3,1.0,-2,0,1934,1061,-1,0
12502,12536.3,1.0,-1,0,1932,1061,-2,0
12503,12537.3,1.0,-2,0,1932,1061,0,0
12504,12538.3,1.0,-2,0,1932,1061,0,0
12505,12539.3,1.0,-2,0,1932,1061,0,0
12506,12540.3,1.0,-1,0,1932,1061,0,0
12507,12541.3,1.0,-2,0,1931,1061,-1,0
12508,12542.29,1.0,-2,0,1929,1061,-2,0
12509,12543.3,1.0,-1,0,1929,1061,0,0
12510,12544.3,1.0,-2,0,1929,1061,0,0
12511,12545.3,1.0,-2,0,1929,1061,0,0
12512,12546.3,1.0,-2,0,1929,1061,0,0
12513,12547.3,1.0,-1,0,1928,1061,-1,0
12514,12548.3,1.0,-2,0,1926,1061,-2,0
12515,12549.3,1.0,-2,0,1926,1061,0,0
12516,12550.29,0.999,-1,0,1926,1061,0,0
12517,12551.31,1.016,-2,0,1926,1061,0,0
12518,12552.3,0.987,-2,0,1926,1061,0,0
12519,12553.3,0.998,-1,-1,1926,1061,0,0
12520,12554.35,1.053,-2,0,1925,1061,-1,0
12521,12555.31,0.963,-2,0,1925,1061,0,0
12522,12556.3,0.987,-2,0,1925,1061,0,0
12523,12557.3,0.997,-1,0,1925,1061,0,0
12524,12558.3,1.0,-2,0,1925,1061,0,0
12525,12559.3,0.999,-2,0,1923,1061,-2,0
12526,12560.33,1.032,-1,0,1922,1061,-1,0
12527,12561.31,0.984,-2,-1,1922,1061,0,0
12528,12562.3,0.986,-2,0,1922,1061,0,0
12529,12563.3,0.999,-1,0,1922,1061,0,0
12530,12564.3,0.999,-2,0,1922,1061,0,0
12531,12565.3,1.0,-2,0,1920,1061,-2,0
12532,12566.3,1.001,-1,0,1919,1061,-1,0
12533,12567.3,1.0,-2,-1,1919,1061,0,0
12534,12568.3,1.0,-2,0,1919,1061,0,0
12535,12569.3,1.0,-2,0,1919,1061,0,0
12536,12570.3,1.001,-1,0,1919,1061,0,0
12537,12571.3,0.999,-2,0,1917,1061,-2,0
12538,12572.31,1.019,-2,-1,1916,1060,-1,-1
12539,12573.3,0.984,-1,0,1916,1060,0,0
12540,12574.3,0.997,-2,0,1916,1060,0,0
12541,12575.3,0.999,-2,0,1916,1060,0,0
12542,12576.3,1.0,-1,0,1916,1060,0,0
12543,12577.3,1.0,-2,-1,1914,1060,-2,0
12544,12578.3,1.0,-2,0,1913,1058,-1,-2
12545,12579.29,1.0,-1,0,1913,1058,0,0
12546,12580.3,1.001,-2,0,1913,1058,0,0
12547,12581.3,1.0,-2,-1,1913,1058,0,0
12548,12582.3,0.999,-2,0,1913,1058,0,0
12549,12583.29,1.0,-1,0,1913,1058,0,0
12550,12584.3,1.001,-2,0,1911,1058,-2,0
12551,12585.3,1.0,-2,-1,1911,1058,0,0
12552,12586.3,1.0,-1,0,1911,1058,0,0
12553,12587.3,1.0,-2,0,1911,1058,0,0
12554,12588.3,1.0,-2,-1,1911,1058,0,0
12555,12589.3,1.0,-1,0,1911,1058,0,0
12556,12590.3,1.0,-2,0,1910,1058,-1,0
12557,12591.3,1.0,-2,-1,1910,1058,0,0
12558,12592.3,1.0,-1,0,1910,1058,0,0
12559,12593.3,1.0,-2,0,1910,1058,0,0
12560,12594.3,1.0,-2,0,1910,1058,0,0
12561,12595.3,1.0,-1,-1,1908,1058,-2,0
12562,12596.3,1.0,-2,0,1907,1057,-1,-1
12563,12597.31,1.019,-2,0,1907,1057,0,0
12564,12598.3,0.984,-1,-1,1907,1057,0,0
12565,12599.3,0.998,-2,0,1907,1057,0,0
12566,12600.3,0.999,-2,-1,1907,1057,0,0
12567,12601.3,1.0,-1,0,1905,1057,-2,0
12568,12602.3,1.0,-2,0,1905,1057,0,0
12569,12603.3,1.0,-2,-1,1904,1055,-1,-2
12570,12604.35,1.058,-1,0,1904,1055,0,0
12571,12605.3,0.945,-2,0,1904,1055,0,0
12572,12606.3,0.998,-2,-1,1904,1055,0,0
12573,12607.3,1.0,-1,0,1902,1055,-2,0
12574,12608.3,1.0,-2,-1,1902,1055,0,0
12575,12609.3,1.0,-2,0,1901,1055,-1,0
12576,12610.3,1.0,-1,0,1901,1055,0,0
12577,12611.32,1.026,-2,-1,1901,1055,0,0
12578,12612.31,0.989,-2,0,1901,1055,0,0
12579,12613.32,1.004,-1,-1,1899,1055,-2,0
12580,12614.31,0.997,-2,0,1899,1055,0,0
12581,12615.3,0.989,-2,0,1898,1054,-1,-1
12582,12616.32,1.024,-1,-1,1898,1054,0,0
12583,12617.3,0.973,-2,0,1898,1054,0,0
12584,12618.3,0.999,-2,-1,1898,1054,0,0
12585,12619.3,0.999,-1,0,1896,1054,-2,0
12586,12620.3,1.0,-2,-1,1896,1054,0,0
12587,12621.3,1.002,-1,0,1895,1054,-1,0
12588,12622.3,0.998,-2,-1,1895,1054,0,0
12589,12623.3,1.0,-2,0,1895,1054,0,0
12590,12624.3,1.0,-1,-1,1895,1054,0,0
12591,12625.3,1.0,-2,0,1895,1054,0,0
12592,12626.3,1.0,-2,-1,1895,1054,0,0
12593,12627.3,1.0,-1,0,1893,1052,-2,-2
12594,12628.3,1.0,-2,-1,1893,1052,0,0
12595,12629.31,1.018,-1,0,1893,1052,0,0
12596,12630.3,0.986,-2,-1,1893,1052,0,0
12597,12631.3,0.996,-2,0,1892,1052,-1,0
12598,12632.3,0.999,-1,-1,1892,1052,0,0
12599,12633.3,1.0,-2,0,1890,1051,-2,-1
12600,12634.36,1.06,-2,-1,1890,1051,0,0
12601,12635.3,0.943,-1,0,1890,1051,0,0
12602,12636.3,0.997,-2,-1,1890,1051,0,0
12603,12637.3,0.999,-1,0,1889,1051,-1,0
12604,12638.3,1.0,-2,-1,1889,1051,0,0
12605,12639.32,1.021,-2,0,1887,1049,-2,-2
12606,12640.3,0.983,-1,-1,1887,1049,0,0
12607,12641.3,0.996,-2,0,1887,1049,0,0
12608,12642.3,1.0,-2,-1,1887,1049,0,0
12609,12643.3,1.001,-1,-1,1887,1049,0,0
12610,12644.3,1.0,-2,0,1886,1049,-1,0
12611,12645.32,1.022,-1,-1,1884,1048,-2,-1
12612,12646.3,0.982,-2,0,1884,1048,0,0
12613,12647.3,0.997,-2,-1,1884,1048,0,0
12614,12648.3,0.999,-1,-1,1884,1048,0,0
12615,12649.3,1.0,-2,0,1884,1048,0,0
12616,12650.31,1.019,-1,-1,1884,1048,0,0
12617,12651.3,0.984,-2,0,1883,1046,-1,-2
12618,12652.3,0.998,-1,-1,1883,1046,0,0
12619,12653.3,0.999,-2,-1,1883,1046,0,0
12620,12654.4,1.101,-2,0,1883,1046,0,0
12621,12655.31,0.917,-1,-1,1883,1046,0,0
12622,12656.3,0.984,-2,-1,1881,1046,-2,0
12623,12657.3,0.999,-1,0,1880,1046,-1,0
12624,12658.3,0.999,-2,-1,1880,1046,0,0
12625,12659.3,1.0,-2,0,1880,1046,0,0
12626,12660.34,1.044,-1,-1,1880,1046,0,0
12627,12661.3,0.959,-2,-1,1880,1046,0,0
12628,12662.33,1.033,-1,0,1880,1046,0,0
12629,12663.31,0.977,-2,-1,1878,1045,-2,-1
12630,12664.3,0.988,-1,-1,1878,1045,0,0
12631,12665.3,0.998,-2,-1,1878,1045,0,0
12632,12666.3,1.0,-1,0,1878,1045,0,0
12633,12667.3,1.0,-2,-1,1878,1045,0,0
12634,12668.3,0.999,-2,-1,1877,1045,-1,0
12635,12669.3,1.0,-1,0,1875,1043,-2,-2
12636,12670.3,1.0,-2,-1,1875,1043,0,0
12637,12671.3,0.999,-1,-1,1875,1043,0,0
12638,12672.3,1.0,-2,0,1875,1043,0,0
12639,12673.3,1.0,-1,-1,1875,1043,0,0
12640,12674.3,1.0,-2,-1,1875,1043,0,0
12641,12675.3,0.999,-1,-1,1874,1042,-1,-1
12642,12676.32,1.022,-2,0,1874,1042,0,0
12643,12677.3,0.982,-1,-1,1874,1042,0,0
12644,12678.3,0.997,-2,-1,1874,1042,0,0
12645,12679.3,0.999,-2,-1,1874,1042,0,0
12646,12680.31,1.019,-1,0,1872,1042,-2,0
12647,12681.3,0.984,-2,-1,1871,1040,-1,-2
12648,12682.3,0.998,-1,-1,1871,1040,0,0
12649,12683.3,0.999,-2,-1,1871,1040,0,0
12650,12684.3,1.0,-1,0,1871,1040,0,0
12651,12685.3,1.0,-2,-1,1871,1040,0,0
12652,12686.3,1.0,-1,-1,1869,1040,-2,0
12653,12687.3,1.001,-2,-1,1868,1040,-1,0
12654,12688.3,1.0,-1,-1,1868,1040,0,0
12655,12689.3,1.0,-2,0,1868,1040,0,0
12656,12690.3,1.0,-1,-1,1868,1040,0,0
12657,12691.32,1.022,-2,-1,1868,1040,0,0
12658,12692.32,0.998,-1,-1,1868,1040,0,0
12659,12693.3,0.984,-2,-1,1866,1039,-2,-1
12660,12694.3,0.997,-1,0,1866,1039,0,0
12661,12695.3,0.999,-2,-1,1866,1039,0,0
12662,12696.3,0.999,-1,-1,1866,1039,0,0
12663,12697.29,1.0,-2,-1,1866,1039,0,0
12664,12698.3,1.001,-1,-1,1866,1039,0,0
12665,12699.3,1.0,-2,-1,1865,1037,-1,-2
12666,12700.3,1.0,-1,0,1865,1037,0,0
12667,12701.3,1.0,-2,-1,1865,1037,0,0
12668,12702.3,1.002,-1,-1,1865,1037,0,0
12669,12703.3,0.999,-2,-1,1865,1037,0,0
12670,12704.3,1.0,-1,-1,1865,1037,0,0
12671,12705.41,1.117,-1,-1,1863,1037,-2,0
12672,12706.3,0.884,-2,-1,1863,1037,0,0
12673,12707.32,1.018,-1,-1,1863,1037,0,0
12674,12708.3,0.983,-2,0,1863,1037,0,0
12675,12709.3,0.998,-1,-1,1863,1037,0,0
12676,12710.3,0.999,-2,-1,1862,1037,-1,0
12677,12711.3,1.0,-1,-1,1862,1037,0,0
12678,12712.3,1.0,-2,-1,1860,1036,-2,-1
12679,12713.33,1.036,-1,-1,1860,1036,0,0
12680,12714.31,0.979,-1,-1,1860,1036,0,0
12681,12715.3,0.988,-2,-1,1860,1036,0,0
12682,12716.29,0.997,-1,-1,1859,1036,-1,0
12683,12717.3,1.001,-2,-1,1859,1036,0,0
12684,12718.3,1.0,-1,-1,1857,1034,-2,-2
12685,12719.3,1.0,-2,-1,1857,1034,0,0
12686,12720.3,1.0,-1,0,1857,1034,0,0
12687,12721.3,0.999,-1,-1,1857,1034,0,0
12688,12722.31,1.019,-2,-1,1856,1034,-1,0
12689,12723.3,0.984,-1,-1,1856,1034,0,0
12690,12724.3,0.997,-2,-1,1854,1033,-2,-1
12691,12725.3,1.0,-1,-1,1854,1033,0,0
12692,12726.3,1.0,-1,-1,1854,1033,0,0
12693,12727.3,1.0,-2,-1,1854,1033,0,0
12694,12728.3,1.0,-1,-1,1853,1033,-1,0
12695,12729.3,1.0,-2,-1,1853,1033,0,0
12696,12730.3,1.0,-1,-1,1851,1031,-2,-2
12697,12731.3,1.0,-1,-1,1851,1031,0,0
12698,12732.3,1.0,-2,-1,1851,1031,0,0
12699,12733.29,1.0,-1,-1,1851,1031,0,0
12700,12734.3,1.0,-2,-1,1851,1031,0,0
12701,12735.3,1.0,-1,-1,1851,1031,0,0
12702,12736.3,1.0,-1,-1,1850,1030,-1,-1
12703,12737.3,1.0,-2,-1,1850,1030,0,0
12704,12738.32,1.021,-1,-1,1850,1030,0,0
12705,12739.3,0.982,-1,-1,1850,1030,0,0
12706,12740.3,0.997,-2,-1,1850,1030,0,0
12707,12741.3,1.0,-1,-1,1850,1030,0,0
12708,12742.31,1.016,-2,-1,1848,1028,-2,-2
12709,12743.3,0.987,-1,-1,1848,1028,0,0
12710,12744.3,0.998,-1,-1,1848,1028,0,0
12711,12745.3,0.999,-2,-1,1848,1028,0,0
12712,12746.3,1.002,-1,-2,1848,1028,0,0
12713,12747.3,0.998,-1,-1,1847,1028,-1,0
12714,12748.3,1.0,-2,-1,1845,1027,-2,-1
12715,12749.3,1.0,-1,-1,1845,1027,0,0
12716,12750.3,1.0,-1,-1,1845,1027,0,0
12717,12751.3,1.0,-2,-1,1845,1027,0,0
12718,12752.3,1.0,-1,-1,1845,1027,0,0
12719,12753.3,1.0,-1,-1,1845,1027,0,0
12720,12754.32,1.021,-1,-1,1844,1025,-1,-2
12721,12755.31,0.996,-2,-1,1844,1025,0,0
12722,12756.35,1.041,-1,-1,1844,1025,0,0
12723,12757.3,0.946,-1,-1,1844,1025,0,0
12724,12758.32,1.024,-2,-2,1844,1025,0,0
12725,12759.3,0.977,-1,-1,1844,1025,0,0
12726,12760.3,0.997,-1,-1,1842,1024,-2,-1
12727,12761.3,0.999,-2,-1,1842,1024,0,0
12728,12762.3,1.0,-1,-1,1842,1024,0,0
12729,12763.3,1.002,-1,-1,1842,1024,0,0
12730,12764.33,1.036,-1,-1,1842,1024,0,0
12731,12765.31,0.977,-2,-1,1841,1024,-1,0
12732,12766.3,0.987,-1,-1,1839,1022,-2,-2
12733,12767.3,0.999,-1,-2,1839,1022,0,0
12734,12768.3,1.0,-1,-1,1839,1022,0,0
12735,12769.34,1.045,-2,-1,1839,1022,0,0
12736,12770.3,0.958,-1,-1,1839,1022,0,0
12737,12771.3,0.997,-1,-1,1838,1022,-1,0
12738,12772.3,1.0,-1,-1,1836,1021,-2,-1
12739,12773.3,1.0,-2,-2,1836,1021,0,0
12740,12774.3,1.0,-1,-1,1836,1021,0,0
12741,12775.3,0.999,-1,-1,1836,1021,0,0
12742,12776.3,1.0,-1,-1,1836,1021,0,0
12743,12777.3,1.0,-2,-1,1836,1019,0,-2
12744,12778.3,1.0,-1,-1,1835,1018,-1,-1
12745,12779.3,1.0,-1,-2,1835,1018,0,0
12746,12780.3,1.0,-1,-1,1835,1018,0,0
12747,12781.3,1.0,-2,-1,1835,1018,0,0
12748,12782.3,1.0,-1,-1,1835,1018,0,0
12749,12783.3,1.0,-1,-1,1833,1016,-2,-2
12750,12784.35,1.058,-1,-2,1832,1015,-1,-1
12751,12785.3,0.945,-1,-1,1832,1015,0,0
12752,12786.3,0.998,-2,-1,1832,1015,0,0
12753,12787.3,1.0,-1,-1,1832,1015,0,0
12754,12788.3,1.0,-1,-1,1832,1015,0,0
12755,12789.3,1.001,-1,-2,1832,1013,0,-2
12756,12790.3,0.999,-1,-1,1830,1012,-2,-1
12757,12791.3,1.0,-1,-1,1830,1012,0,0
12758,12792.3,1.0,-2,-1,1830,1012,0,0
12759,12793.3,1.0,-1,-2,1830,1012,0,0
12760,12794.3,1.0,-1,-1,1830,1012,0,0
12761,12795.3,1.0,-1,-1,1830,1012,0,0
12762,12796.29,1.0,-1,-1,1829,1010,-1,-2
12763,12797.3,1.001,-1,-2,1829,1010,0,0
12764,12798.3,1.0,-2,-1,1829,1010,0,0
12765,12799.3,1.001,-1,-1,1829,1010,0,0
12766,12800.32,1.02,-1,-1,1829,1010,0,0
12767,12801.3,0.983,-1,-2,1829,1010,0,0
12768,12802.3,0.997,-1,-1,1829,1010,0,0
12769,12803.3,0.999,-1,-1,1827,1009,-2,-1
12770,12804.3,1.0,-1,-2,1827,1009,0,0
12771,12805.32,1.022,-2,-1,1827,1009,0,0
12772,12806.3,0.983,-1,-1,1827,1009,0,0
12773,12807.35,1.055,-1,-1,1827,1007,0,-2
12774,12808.31,0.956,-1,-2,1827,1007,0,0
12775,12809.3,0.988,-1,-1,1826,1006,-1,-1
12776,12810.3,0.998,-1,-1,1826,1006,0,0
12777,12811.3,1.0,-1,-2,1826,1006,0,0
12778,12812.3,1.0,-1,-1,1826,1006,0,0
12779,12813.3,1.0,-1,-1,1826,1006,0,0
12780,12814.3,1.001,-1,-2,1826,1006,0,0
12781,12815.32,1.026,-2,-1,1824,1004,-2,-2
12782,12816.32,0.994,-1,-1,1824,1004,0,0
12783,12817.3,0.982,-1,-2,1824,1004,0,0
12784,12818.3,0.997,-1,-1,1824,1004,0,0
12785,12819.3,1.0,-1,-1,1824,1004,0,0
12786,12820.3,1.0,-1,-1,1824,1004,0,0
12787,12821.34,1.044,-1,-2,1823,1003,-1,-1
12788,12822.3,0.959,-1,-1,1823,1003,0,0
12789,12823.3,0.997,-1,-2,1823,1003,0,0
12790,12824.3,0.999,-1,-1,1823,1003,0,0
12791,12825.3,1.0,-1,-1,1821,1003,-2,0
12792,12826.3,1.0,-1,-2,1821,1003,0,0
12793,12827.3,1.0,-1,-1,1820,1001,-1,-2
12794,12828.3,1.0,-1,-1,1820,1001,0,0
12795,12829.3,1.0,-1,-2,1820,1001,0,0
12796,12830.3,1.001,-1,-1,1820,1001,0,0
12797,12831.3,1.0,-1,-1,1820,1000,0,-1
12798,12832.34,1.046,-1,-2,1820,1000,0,0
12799,12833.3,0.958,-1,-1,1818,998,-2,-2
12800,12834.3,0.997,-1,-2,1818,998,0,0
12801,12835.3,0.999,-1,-1,1818,998,0,0
12802,12836.3,1.0,-1,-1,1818,998,0,0
12803,12837.3,1.0,-1,-2,1818,998,0,0
12804,12838.3,1.0,-1,-1,1818,998,0,0
12805,12839.3,1.0,-1,-1,1817,997,-1,-1
12806,12840.3,1.0,-1,-2,1817,997,0,0
12807,12841.3,1.0,-1,-1,1817,997,0,0
12808,12842.3,1.0,-1,-2,1817,997,0,0
12809,12843.3,1.0,-1,-1,1817,995,0,-2
12810,12844.3,1.0,-1,-2,1817,995,0,0
12811,12845.3,0.999,-1,-1,1815,994,-2,-1
12812,12846.3,1.0,-1,-1,1815,994,0,0
12813,12847.32,1.021,-1,-2,1815,994,0,0
12814,12848.3,0.983,-1,-1,1815,994,0,0
12815,12849.3,0.997,-1,-2,1815,994,0,0
12816,12850.3,1.0,-1,-1,1815,992,0,-2
12817,12851.3,0.999,-1,-1,1814,991,-1,-1
12818,12852.3,1.0,0,-2,1814,991,0,0
12819,12853.3,1.0,-1,-1,1814,991,0,0
12820,12854.3,1.001,-1,-2,1814,991,0,0
12821,12855.3,0.999,-1,-1,1814,991,0,0
12822,12856.3,1.001,-1,-2,1814,991,0,0
12823,12857.35,1.056,-1,-1,1812,989,-2,-2
12824,12858.37,1.019,-1,-2,1812,989,0,0
12825,12859.3,0.925,-1,-1,1812,989,0,0
12826,12860.3,1.0,-1,-1,1812,989,0,0
12827,12861.3,1.0,-1,-2,1812,989,0,0
12828,12862.3,1.0,0,-1,1812,988,0,-1
12829,12863.31,1.019,-1,-2,1812,986,0,-2
12830,12864.3,0.983,-1,-1,1812,986,0,0
12831,12865.3,0.998,-1,-2,1812,986,0,0
12832,12866.3,1.0,-1,-1,1812,986,0,0
12833,12867.3,1.0,-1,-2,1812,986,0,0
12834,12868.33,1.036,-1,-1,1812,985,0,-1
12835,12869.31,0.979,0,-2,1811,983,-1,-2
12836,12870.3,0.989,-1,-1,1811,983,0,0
12837,12871.3,0.996,-1,-2,1811,983,0,0
12838,12872.3,1.0,-1,-1,1811,983,0,0
12839,12873.3,1.0,-1,-2,1811,983,0,0
12840,12874.3,1.0,-1,-1,1811,983,0,0
12841,12875.3,1.001,0,-2,1809,982,-2,-1
12842,12876.3,1.0,-1,-1,1809,982,0,0
12843,12877.3,1.0,-1,-2,1809,982,0,0
12844,12878.3,1.0,-1,-1,1809,982,0,0
12845,12879.34,1.045,-1,-2,1809,982,0,0
12846,12880.3,0.958,0,-1,1809,982,0,0
12847,12881.3,0.998,-1,-2,1808,980,-1,-2
12848,12882.3,0.999,-1,-1,1808,980,0,0
12849,12883.3,1.0,-1,-2,1808,980,0,0
12850,12884.3,1.0,0,-1,1808,980,0,0
12851,12885.3,1.0,-1,-2,1808,980,0,0
12852,12886.3,1.0,-1,-1,1808,980,0,0
12853,12887.29,0.999,-1,-2,1806,979,-2,-1
12854,12888.29,1.0,-1,-1,1806,979,0,0
12855,12889.32,1.022,0,-2,1806,979,0,0
12856,12890.3,0.982,-1,-1,1806,979,0,0
12857,12891.3,0.997,-1,-2,1806,979,0,0
12858,12892.3,0.999,0,-2,1806,979,0,0
12859,12893.3,1.0,-1,-1,1805,977,-1,-2
12860,12894.34,1.043,-1,-2,1805,977,0,0
12861,12895.3,0.959,-1,-1,1805,977,0,0
12862,12896.3,0.997,0,-2,1805,977,0,0
12863,12897.3,0.999,-1,-1,1805,977,0,0
12864,12898.3,1.0,-1,-2,1805,977,0,0
12865,12899.3,1.0,0,-1,1803,976,-2,-1
12866,12900.3,1.0,-1,-2,1803,976,0,0
12867,12901.3,1.0,-1,-1,1803,976,0,0
12868,12902.3,1.0,-1,-2,1803,976,0,0
12869,12903.3,1.0,0,-2,1803,976,0,0
12870,12904.29,0.999,-1,-1,1803,974,0,-2
12871,12905.3,1.001,-1,-2,1802,973,-1,-1
12872,12906.3,1.0,0,-1,1802,973,0,0
12873,12907.3,1.001,-1,-2,1802,973,0,0
12874,12908.53,1.238,-1,-1,1802,973,0,0
12875,12909.31,0.775,0,-2,1802,973,0,0
12876,12910.32,1.007,-1,-2,1802,971,0,-2
12877,12911.3,0.982,0,-1,1800,970,-2,-1
12878,12912.3,0.998,-1,-2,1800,970,0,0
12879,12913.3,0.999,-1,-1,1800,970,0,0
12880,12914.3,1.001,0,-2,1800,970,0,0
12881,12915.3,1.0,-1,-1,1800,970,0,0
12882,12916.3,1.0,-1,-2,1800,970,0,0
12883,12917.3,1.0,0,-2,1800,968,0,-2
12884,12918.3,1.0,-1,-1,1800,968,0,0
12885,12919.3,1.002,0,-2,1800,968,0,0
12886,12920.33,1.032,-1,-1,1800,968,0,0
12887,12921.31,0.982,-1,-2,1800,968,0,0
12888,12922.3,0.988,0,-2,1800,967,0,-1
12889,12923.3,0.997,-1,-1,1800,967,0,0
12890,12924.3,0.999,0,-2,1799,965,-1,-2
12891,12925.3,1.0,-1,-1,1799,965,0,0
12892,12926.3,1.0,0,-2,1799,965,0,0
12893,12927.3,1.0,-1,-2,1799,965,0,0
12894,12928.3,1.0,-1,-1,1799,965,0,0
12895,12929.3,1.001,0,-2,1799,965,0,0
12896,12930.3,1.001,-1,-2,1797,964,-2,-1
12897,12931.3,0.999,0,-1,1797,964,0,0
12898,12932.3,1.0,-1,-2,1797,964,0,0
12899,12933.3,1.0,0,-1,1797,964,0,0
12900,12934.35,1.054,-1,-2,1797,962,0,-2
12901,12935.3,0.949,0,-2,1797,962,0,0
12902,12936.3,0.997,-1,-1,1797,961,0,-1
12903,12937.3,1.0,0,-2,1797,961,0,0
12904,12938.3,1.0,-1,-2,1797,961,0,0
12905,12939.3,1.0,0,-1,1797,961,0,0
12906,12940.3,1.001,-1,-2,1797,959,0,-2
12907,12941.34,1.046,0,-1,1797,959,0,0
12908,12942.32,0.973,-1,-2,1796,958,-1,-1
12909,12943.3,0.985,0,-2,1796,958,0,0
12910,12944.3,0.997,-1,-1,1796,958,0,0
12911,12945.3,0.999,0,-2,1796,958,0,0
12912,12946.3,1.0,-1,-2,1796,958,0,0
12913,12947.3,1.0,0,-1,1796,958,0,0
12914,12948.3,1.0,-1,-2,1794,956,-2,-2
12915,12949.3,1.0,0,-2,1794,956,0,0
12916,12950.32,1.021,-1,-1,1794,956,0,0
12917,12951.3,0.984,0,-2,1794,956,0,0
12918,12952.3,0.997,0,-1,1794,955,0,-1
12919,12953.3,0.998,-1,-2,1794,955,0,0
12920,12954.3,1.001,0,-2,1793,953,-1,-2
12921,12955.3,1.0,-1,-1,1793,953,0,0
12922,12956.31,1.017,0,-2,1793,953,0,0
12923,12957.3,0.987,0,-2,1793,953,0,0
12924,12958.3,0.996,-1,-1,1793,952,0,-1
12925,12959.35,1.054,0,-2,1793,952,0,0
12926,12960.3,0.948,-1,-2,1793,950,0,-2
12927,12961.3,0.999,0,-1,1793,950,0,0
12928,12962.3,1.0,0,-2,1793,950,0,0
12929,12963.32,1.018,-1,-2,1793,950,0,0
12930,12964.3,0.984,0,-1,1793,950,0,0
12931,12965.3,0.998,-1,-2,1793,950,0,0
12932,12966.3,0.999,0,-2,1791,949,-2,-1
12933,12967.3,1.0,0,-1,1791,949,0,0
12934,12968.3,1.0,-1,-2,1791,949,0,0
12935,12969.3,1.0,0,-2,1791,949,0,0
12936,12970.35,1.057,0,-1,1791,949,0,0
12937,12971.31,0.958,-1,-2,1791,949,0,0
12938,12972.31,1.003,0,-2,1791,947,0,-2
12939,12973.3,0.985,0,-1,1791,947,0,0
12940,12974.3,0.999,-1,-2,1791,947,0,0
12941,12975.3,1.001,0,-2,1791,947,0,0
12942,12976.3,0.999,0,-1,1791,947,0,0
12943,12977.3,1.0,0,-2,1791,947,0,0
12944,12978.3,1.0,-1,-2,1791,946,0,-1
12945,12979.3,1.0,0,-1,1791,946,0,0
12946,12980.3,1.0,0,-2,1791,946,0,0
12947,12981.3,1.0,-1,-2,1791,946,0,0
12948,12982.29,0.999,0,-1,1791,946,0,0
12949,12983.3,1.001,0,-2,1791,946,0,0
12950,12984.3,1.0,0,-2,1791,944,0,-2
12951,12985.3,1.001,-1,-2,1791,944,0,0
12952,12986.3,0.999,0,-1,1791,944,0,0
12953,12987.3,1.0,0,-2,1791,944,0,0
12954,12988.34,1.046,0,-2,1791,944,0,0
12955,12989.3,0.957,-1,-1,1791,944,0,0
12956,12990.3,0.998,0,-2,1791,943,0,-1
12957,12991.3,0.999,0,-2,1791,943,0,0
12958,12992.3,1.0,0,-1,1791,943,0,0
12959,12993.3,1.0,-1,-2,1791,943,0,0
12960,12994.3,1.0,0,-2,1791,943,0,0
12961,12995.3,1.0,0,-1,1791,941,0,-2
12962,12996.29,1.0,0,-2,1790,940,-1,-1
12963,12997.3,1.001,0,-2,1790,940,0,0
12964,12998.3,0.999,-1,-1,1790,940,0,0
12965,12999.3,1.0,0,-2,1790,940,0,0
12966,13000.3,1.0,0,-2,1790,940,0,0
12967,13001.29,1.0,0,-2,1790,938,0,-2
12968,13002.3,1.0,0,-1,1790,937,0,-1
12969,13003.3,1.001,0,-2,1790,937,0,0
12970,13004.36,1.065,-1,-2,1790,937,0,0
12971,13005.3,0.94,0,-1,1790,937,0,0
12972,13006.3,0.996,0,-2,1790,937,0,0
12973,13007.3,0.999,0,-2,1790,935,0,-2
12974,13008.3,1.001,0,-1,1790,934,0,-1
12975,13009.3,1.004,0,-2,1790,934,0,0
12976,13010.35,1.05,0,-2,1790,934,0,0
12977,13011.3,0.948,-1,-2,1790,934,0,0
12978,13012.3,0.997,0,-1,1790,934,0,0
12979,13013.3,1.001,0,-2,1790,932,0,-2
12980,13014.3,1.0,0,-2,1790,931,0,-1
12981,13015.3,0.999,0,-1,1790,931,0,0
12982,13016.3,1.0,0,-2,1790,931,0,0
12983,13017.3,1.001,0,-2,1790,931,0,0
12984,13018.3,0.999,0,-1,1790,931,0,0
12985,13019.32,1.02,0,-2,1790,929,0,-2
12986,13020.3,0.983,0,-2,1790,928,0,-1
12987,13021.33,1.035,0,-2,1790,928,0,0
12988,13022.31,0.977,-1,-1,1790,928,0,0
12989,13023.3,0.987,0,-2,1790,928,0,0
12990,13024.3,0.998,0,-2,1790,928,0,0
12991,13025.3,1.001,0,-1,1790,928,0,0
12992,13026.3,0.998,0,-2,1790,926,0,-2
12993,13027.3,1.0,0,-2,1790,926,0,0
12994,13028.3,1.0,0,-2,1790,926,0,0
12995,13029.3,1.0,0,-1,1790,926,0,0
12996,13030.3,1.001,0,-2,1790,926,0,0
12997,13031.32,1.02,0,-2,1790,925,0,-1
12998,13032.3,0.979,0,-1,1790,923,0,-2
12999,13033.3,1.0,0,-2,1790,923,0,0
13000,13034.32,1.021,0,-2,1790,923,0,0
13001,13035.3,0.982,0,-1,1790,923,0,0
13002,13036.3,0.998,0,-2,1790,923,0,0
13003,13037.3,0.999,0,-2,1790,922,0,-1
13004,13038.3,1.0,0,-2,1790,920,0,-2
13005,13039.3,1.0,0,-1,1790,920,0,0
13006,13040.3,1.0,0,-2,1790,920,0,0
13007,13041.3,1.0,0,-2,1790,920,0,0
13008,13042.3,1.0,0,-1,1790,920,0,0
13009,13043.3,1.0,0,-2,1790,919,0,-1
13010,13044.3,0.999,0,-2,1790,917,0,-2
13011,13045.3,1.001,1,-1,1790,917,0,0
13012,13046.3,0.999,0,-2,1790,917,0,0
13013,13047.3,1.001,0,-2,1790,917,0,0
13014,13048.3,1.001,0,-2,1790,917,0,0
13015,13049.3,0.999,0,-1,1790,917,0,0
13016,13050.31,1.018,0,-2,1790,916,0,-1
13017,13051.3,0.984,0,-2,1790,916,0,0
13018,13052.3,0.998,0,-1,1790,916,0,0
13019,13053.3,1.0,0,-2,1790,916,0,0
13020,13054.3,0.999,0,-2,1790,916,0,0
13021,13055.32,1.021,0,-1,1790,916,0,0
13022,13056.3,0.982,1,-2,1791,914,1,-2
13023,13057.3,0.998,0,-2,1791,914,0,0
13024,13058.3,0.999,0,-2,1791,914,0,0
13025,13059.3,1.0,0,-1,1791,914,0,0
13026,13060.35,1.053,0,-2,1791,914,0,0
13027,13061.3,0.949,0,-2,1791,913,0,-1
13028,13062.3,0.999,0,-1,1791,911,0,-2
13029,13063.3,1.0,1,-2,1791,911,0,0
13030,13064.3,1.001,0,-2,1791,911,0,0
13031,13065.3,0.999,0,-1,1791,911,0,0
13032,13066.32,1.02,0,-2,1791,911,0,0
13033,13067.3,0.985,0,-2,1791,910,0,-1
13034,13068.3,1.001,0,-2,1791,908,0,-2
13035,13069.3,0.995,1,-1,1791,908,0,0
13036,13070.3,0.999,0,-2,1791,908,0,0
13037,13071.3,1.002,0,-2,1791,908,0,0
13038,13072.34,1.038,0,-1,1791,908,0,0
13039,13073.31,0.975,0,-2,1791,907,0,-1
13040,13074.3,0.986,1,-2,1792,905,1,-2
13041,13075.3,0.998,0,-1,1792,905,0,0
13042,13076.3,1.0,0,-2,1792,905,0,0
13043,13077.3,1.0,0,-2,1792,905,0,0
13044,13078.3,1.0,1,-1,1792,905,0,0
13045,13079.3,1.0,0,-2,1792,905,0,0
13046,13080.3,1.0,0,-2,1794,904,2,-1
13047,13081.3,1.0,0,-2,1794,904,0,0
13048,13082.32,1.02,1,-1,1794,904,0,0
13049,13083.3,0.983,0,-2,1794,904,0,0
13050,13084.35,1.051,0,-2,1794,904,0,0
13051,13085.3,0.95,0,-1,1794,904,0,0
13052,13086.3,0.997,1,-2,1794,902,0,-2
13053,13087.3,0.999,0,-2,1794,902,0,0
13054,13088.3,1.002,0,-1,1794,902,0,0
13055,13089.3,0.998,1,-2,1794,902,0,0
13056,13090.3,1.0,0,-2,1794,902,0,0
13057,13091.3,1.0,0,-1,1794,901,0,-1
13058,13092.3,1.0,0,-2,1794,899,0,-2
13059,13093.3,1.0,1,-2,1794,899,0,0
13060,13094.3,0.999,0,-1,1794,899,0,0
13061,13095.3,1.0,0,-2,1794,899,0,0
13062,13096.3,1.0,1,-2,1794,899,0,0
13063,13097.34,1.046,0,-1,1794,898,0,-1
13064,13098.33,0.984,0,-2,1794,896,0,-2
13065,13099.3,0.973,1,-2,1794,896,0,0
13066,13100.3,0.997,0,-1,1794,896,0,0
13067,13101.3,0.999,0,-2,1794,896,0,0
13068,13102.3,1.001,1,-2,1794,896,0,0
13069,13103.3,0.999,0,-1,1794,895,0,-1
13070,13104.3,1.0,1,-2,1794,895,0,0
13071,13105.3,1.0,0,-2,1795,893,1,-2
13072,13106.3,1.0,0,-1,1795,893,0,0
13073,13107.3,1.0,1,-2,1795,893,0,0
13074,13108.3,1.0,0,-2,1795,893,0,0
13075,13109.3,1.0,1,-1,1795,892,0,-1
13076,13110.3,1.0,0,-2,1795,892,0,0
13077,13111.36,1.063,0,-2,1797,890,2,-2
13078,13112.3,0.943,1,-1,1797,890,0,0
13079,13113.3,0.998,0,-2,1797,890,0,0
13080,13114.34,1.037,1,-2,1797,890,0,0
13081,13115.3,0.961,0,-1,1797,889,0,-1
13082,13116.3,1.0,0,-2,1797,889,0,0
13083,13117.3,1.0,1,-2,1797,887,0,-2
13084,13118.3,0.999,0,-1,1797,887,0,0
13085,13119.3,1.0,1,-2,1797,887,0,0
13086,13120.3,1.0,0,-1,1797,887,0,0
13087,13121.3,1.0,1,-2,1797,886,0,-1
13088,13122.3,1.0,0,-2,1797,886,0,0
13089,13123.33,1.031,1,-1,1797,884,0,-2
13090,13124.31,0.983,0,-2,1797,884,0,0
13091,13125.3,0.988,1,-2,1797,884,0,0
13092,13126.3,0.998,0,-1,1797,884,0,0
13093,13127.3,1.0,1,-2,1797,883,0,-1
13094,13128.32,1.02,0,-2,1797,883,0,0
13095,13129.34,1.026,1,-1,1798,881,1,-2
13096,13130.3,0.959,0,-2,1798,881,0,0
13097,13131.3,0.997,1,-1,1798,881,0,0
13098,13132.3,0.999,0,-2,1798,881,0,0
13099,13133.3,0.999,1,-2,1798,880,0,-1
13100,13134.3,1.001,0,-1,1798,880,0,0
13101,13135.3,1.001,1,-2,1798,878,0,-2
13102,13136.3,1.0,0,-2,1798,878,0,0
13103,13137.3,0.999,1,-1,1798,878,0,0
13104,13138.3,1.0,0,-2,1798,878,0,0
13105,13139.32,1.026,1,-1,1798,877,0,-1
13106,13140.3,0.977,1,-2,1798,877,0,0
13107,13141.3,0.997,0,-2,1798,875,0,-2
13108,13142.3,0.999,1,-1,1798,875,0,0
13109,13143.3,1.0,0,-2,1798,875,0,0
13110,13144.31,1.018,1,-1,1798,875,0,0
13111,13145.3,0.985,0,-2,1798,874,0,-1
13112,13146.3,0.999,1,-2,1798,874,0,0
13113,13147.3,0.998,1,-1,1800,872,2,-2
13114,13148.3,1.0,0,-2,1800,872,0,0
13115,13149.3,0.999,1,-1,1800,872,0,0
13116,13150.3,1.001,0,-2,1800,872,0,0
13117,13151.3,1.0,1,-2,1800,872,0,0
13118,13152.3,1.0,1,-1,1800,872,0,0
13119,13153.3,1.0,0,-2,1801,871,1,-1
13120,13154.34,1.047,1,-1,1801,871,0,0
13121,13155.3,0.958,1,-2,1801,871,0,0
13122,13156.32,1.015,0,-1,1801,871,0,0
13123,13157.3,0.98,1,-2,1801,869,0,-2
13124,13158.3,1.0,0,-2,1801,869,0,0
13125,13159.35,1.054,1,-1,1801,868,0,-1
13126,13160.31,0.961,1,-2,1801,868,0,0
13127,13161.3,0.988,0,-1,1801,868,0,0
13128,13162.35,1.056,1,-2,1801,868,0,0
13129,13163.3,0.944,1,-1,1801,868,0,0
13130,13164.3,0.999,0,-2,1801,868,0,0
13131,13165.3,0.999,1,-2,1803,866,2,-2
13132,13166.3,1.0,1,-1,1803,866,0,0
13133,13167.3,1.0,1,-2,1803,866,0,0
13134,13168.3,1.0,0,-1,1803,866,0,0
13135,13169.3,1.0,1,-2,1803,866,0,0
13136,13170.3,0.999,1,-1,1803,865,0,-1
13137,13171.3,1.0,0,-2,1804,863,1,-2
13138,13172.3,1.0,1,-1,1804,863,0,0
13139,13173.3,1.0,1,-2,1804,863,0,0
13140,13174.32,1.024,1,-2,1804,863,0,0
13141,13175.31,0.991,0,-1,1804,863,0,0
13142,13176.31,1.004,1,-2,1804,863,0,0
13143,13177.3,0.984,1,-1,1806,862,2,-1
13144,13178.3,0.998,0,-2,1806,862,0,0
13145,13179.3,0.999,1,-1,1806,862,0,0
13146,13180.31,1.019,1,-2,1806,862,0,0
13147,13181.3,0.984,1,-1,1806,862,0,0
13148,13182.3,1.002,1,-2,1806,862,0,0
13149,13183.3,0.995,0,-1,1807,860,1,-2
13150,13184.3,1.002,1,-2,1807,860,0,0
13151,13185.3,0.998,1,-1,1807,860,0,0
13152,13186.3,1.0,1,-2,1807,860,0,0
13153,13187.3,1.0,0,-1,1807,860,0,0
13154,13188.3,1.0,1,-2,1807,859,0,-1
13155,13189.3,1.0,1,-1,1807,857,0,-2
13156,13190.3,1.0,1,-2,1807,857,0,0
13157,13191.32,1.02,1,-1,1807,857,0,0
13158,13192.3,0.982,0,-2,1807,857,0,0
13159,13193.3,0.998,1,-1,1807,857,0,0
13160,13194.3,0.999,1,-2,1807,856,0,-1
13161,13195.3,1.0,1,-1,1809,854,2,-2
13162,13196.29,0.999,1,-2,1809,854,0,0
13163,13197.3,1.0,1,-1,1809,854,0,0
13164,13198.3,1.0,0,-2,1809,854,0,0
13165,13199.3,1.0,1,-1,1809,854,0,0
13166,13200.3,1.0,1,-2,1809,853,0,-1
13167,13201.3,1.0,1,-1,1810,851,1,-2
13168,13202.3,1.0,1,-2,1810,851,0,0
13169,13203.3,1.0,1,-1,1810,851,0,0
13170,13204.3,0.999,1,-2,1810,851,0,0
13171,13205.29,1.0,0,-1,1810,851,0,0
13172,13206.33,1.039,1,-2,1810,850,0,-1
13173,13207.31,0.976,1,-1,1812,848,2,-2
13174,13208.3,0.992,1,-1,1812,848,0,0
13175,13209.3,0.995,1,-2,1812,848,0,0
13176,13210.3,0.999,1,-1,1812,848,0,0
13177,13211.3,1.0,1,-2,1812,848,0,0
13178,13212.32,1.019,1,-1,1812,847,0,-1
13179,13213.36,1.046,1,-2,1813,845,1,-2
13180,13214.31,0.948,1,-1,1813,845,0,0
13181,13215.3,0.988,0,-2,1813,845,0,0
13182,13216.3,0.997,1,-1,1813,845,0,0
13183,13217.3,1.002,1,-1,1813,845,0,0
13184,13218.3,0.999,1,-2,1813,845,0,0
13185,13219.3,0.999,1,-1,1815,844,2,-1
13186,13220.3,1.0,1,-2,1815,844,0,0
13187,13221.3,1.0,1,-1,1815,844,0,0
13188,13222.31,1.019,1,-2,1815,844,0,0
13189,13223.3,0.984,1,-1,1815,844,0,0
13190,13224.33,1.03,1,-1,1815,844,0,0
13191,13225.31,0.982,1,-2,1816,842,1,-2
13192,13226.3,0.987,1,-1,1816,842,0,0
13193,13227.3,0.999,1,-2,1816,842,0,0
13194,13228.3,0.999,1,-1,1816,842,0,0
13195,13229.3,1.0,1,-1,1816,842,0,0
13196,13230.3,1.0,1,-2,1816,841,0,-1
13197,13231.3,1.0,1,-1,1818,839,2,-2
13198,13232.3,1.0,1,-2,1818,839,0,0
13199,13233.3,1.0,1,-1,1818,839,0,0
13200,13234.35,1.057,1,-1,1818,839,0,0
13201,13235.3,0.946,1,-2,1818,839,0,0
13202,13236.3,0.997,1,-1,1818,839,0,0
13203,13237.3,0.999,1,-1,1818,839,0,0
13204,13238.3,1.0,1,-2,1819,838,1,-1
13205,13239.3,1.001,1,-1,1819,838,0,0
13206,13240.3,0.999,1,-1,1819,838,0,0
13207,13241.3,1.0,1,-2,1819,838,0,0
13208,13242.3,1.0,1,-1,1819,836,0,-2
13209,13243.3,1.0,1,-2,1819,836,0,0
13210,13244.3,1.0,1,-1,1821,835,2,-1
13211,13245.3,1.0,1,-1,1821,835,0,0
13212,13246.29,0.999,1,-2,1821,835,0,0
13213,13247.3,1.0,1,-1,1821,835,0,0
13214,13248.3,1.0,1,-1,1821,833,0,-2
13215,13249.3,1.0,1,-2,1821,833,0,0
13216,13250.29,1.0,1,-1,1822,832,1,-1
13217,13251.3,1.001,1,-1,1822,832,0,0
13218,13252.3,1.0,2,-2,1822,832,0,0
13219,13253.34,1.046,1,-1,1822,832,0,0
13220,13254.3,0.957,1,-1,1822,832,0,0
13221,13255.3,0.997,1,-1,1822,832,0,0
13222,13256.3,0.999,1,-2,1824,830,2,-2
13223,13257.3,1.0,1,-1,1824,830,0,0
13224,13258.3,1.0,1,-1,1824,830,0,0
13225,13259.3,1.0,1,-2,1824,830,0,0
13226,13260.3,1.0,1,-1,1824,830,0,0
13227,13261.3,1.0,1,-1,1824,830,0,0
13228,13262.3,1.0,2,-2,1825,829,1,-1
13229,13263.32,1.022,1,-1,1825,829,0,0
13230,13264.34,1.027,1,-1,1825,829,0,0
13231,13265.31,0.966,1,-1,1825,829,0,0
13232,13266.3,0.988,1,-2,1825,829,0,0
13233,13267.3,1.0,1,-1,1825,829,0,0
13234,13268.3,0.998,1,-1,1827,827,2,-2
13235,13269.32,1.021,2,-1,1827,827,0,0
13236,13270.3,0.982,1,-2,1827,827,0,0
13237,13271.3,0.997,1,-1,1827,827,0,0
13238,13272.3,0.999,1,-1,1827,827,0,0
13239,13273.3,1.0,1,-1,1827,827,0,0
13240,13274.33,1.036,1,-2,1828,826,1,-1
13241,13275.31,0.98,2,-1,1828,826,0,0
13242,13276.3,0.988,1,-1,1828,826,0,0
13243,13277.3,0.998,1,-1,1828,826,0,0
13244,13278.3,1.0,1,-2,1830,826,2,0
13245,13279.3,1.0,1,-1,1830,826,0,0
13246,13280.3,1.002,1,-1,1831,824,1,-2
13247,13281.3,1.0,2,-1,1831,824,0,0
13248,13282.3,0.999,1,-1,1831,824,0,0
13249,13283.3,1.0,1,-2,1831,824,0,0
13250,13284.3,0.999,1,-1,1831,824,0,0
13251,13285.32,1.02,1,-1,1833,824,2,0
13252,13286.3,0.983,2,-1,1834,823,1,-1
13253,13287.3,0.997,1,-1,1834,823,0,0
13254,13288.3,0.999,1,-2,1834,823,0,0
13255,13289.3,1.001,1,-1,1834,823,0,0
13256,13290.3,1.0,2,-1,1834,823,0,0
13257,13291.3,1.0,1,-1,1836,823,2,0
13258,13292.3,1.0,1,-1,1837,821,1,-2
13259,13293.3,1.0,1,-1,1837,821,0,0
13260,13294.3,1.0,2,-2,1837,821,0,0
13261,13295.3,1.0,1,-1,1837,821,0,0
13262,13296.29,0.999,1,-1,1837,821,0,0
13263,13297.3,1.0,1,-1,1837,821,0,0
13264,13298.3,1.0,2,-1,1839,820,2,-1
13265,13299.3,1.0,1,-1,1839,820,0,0
13266,13300.32,1.02,1,-2,1839,820,0,0
13267,13301.31,0.991,1,-1,1839,820,0,0
13268,13302.3,0.99,2,-1,1839,820,0,0
13269,13303.3,0.999,1,-1,1839,820,0,0
13270,13304.3,1.0,1,-1,1840,818,1,-2
13271,13305.32,1.022,1,-1,1840,818,0,0
13272,13306.3,0.982,2,-1,1840,818,0,0
13273,13307.3,0.997,1,-1,1840,818,0,0
13274,13308.3,1.001,1,-2,1840,818,0,0
13275,13309.3,0.998,2,-1,1840,818,0,0
13276,13310.3,1.0,1,-1,1842,817,2,-1
13277,13311.3,1.0,1,-1,1842,817,0,0
13278,13312.3,1.0,2,-1,1842,817,0,0
13279,13313.3,1.001,1,-1,1842,817,0,0
13280,13314.35,1.053,1,-1,1842,817,0,0
13281,13315.3,0.949,1,-1,1842,817,0,0
13282,13316.31,1.016,2,-1,1843,815,1,-2
13283,13317.3,0.985,1,-1,1843,815,0,0
13284,13318.3,1.001,1,-1,1843,815,0,0
13285,13319.3,0.997,2,-1,1843,815,0,0
13286,13320.3,0.998,1,-2,1843,815,0,0
13287,13321.3,1.001,1,-1,1843,815,0,0
13288,13322.3,1.0,2,-1,1845,814,2,-1
13289,13323.3,0.999,1,-1,1845,814,0,0
13290,13324.3,1.0,1,-1,1845,814,0,0
13291,13325.34,1.041,2,-1,1845,814,0,0
13292,13326.31,0.976,1,-1,1845,814,0,0
13293,13327.3,0.985,2,-1,1845,814,0,0
13294,13328.3,0.998,1,-1,1846,812,1,-2
13295,13329.3,1.0,1,-1,1846,812,0,0
13296,13330.3,1.0,2,-1,1846,812,0,0
13297,13331.32,1.02,1,-1,1846,812,0,0
13298,13332.3,0.983,1,-1,1846,812,0,0
13299,13333.3,0.997,2,-1,1846,812,0,0
13300,13334.3,1.0,1,-1,1848,811,2,-1
13301,13335.3,1.0,2,-1,1848,811,0,0
13302,13336.3,1.0,1,-1,1848,811,0,0
13303,13337.3,1.0,1,-1,1848,811,0,0
13304,13338.3,1.0,2,-1,1848,811,0,0
13305,13339.3,1.0,1,-1,1848,811,0,0
13306,13340.3,1.0,2,-1,1849,809,1,-2
13307,13341.3,1.0,1,-1,1849,809,0,0
13308,13342.3,0.999,1,-1,1849,809,0,0
13309,13343.3,1.0,2,-1,1849,809,0,0
13310,13344.3,1.0,1,-1,1849,809,0,0
13311,13345.3,1.0,2,-1,1851,809,2,0
13312,13346.3,1.0,1,-1,1852,808,1,-1
13313,13347.32,1.02,1,-1,1852,808,0,0
13314,13348.3,0.983,2,0,1852,808,0,0
13315,13349.3,0.998,1,-1,1852,808,0,0
13316,13350.3,0.999,2,-1,1852,808,0,0
13317,13351.3,1.0,1,-1,1852,808,0,0
13318,13352.3,1.0,2,-1,1854,806,2,-2
13319,13353.3,1.0,1,-1,1854,806,0,0
13320,13354.3,1.0,1,-1,1854,806,0,0
13321,13355.3,1.001,2,-1,1854,806,0,0
13322,13356.3,0.999,1,-1,1854,806,0,0
13323,13357.3,1.0,2,-1,1854,806,0,0
13324,13358.29,1.0,1,-1,1854,806,0,0
13325,13359.3,1.0,2,0,1855,805,1,-1
13326,13360.3,1.0,1,-1,1855,805,0,0
13327,13361.3,1.0,2,-1,1855,805,0,0
13328,13362.3,1.0,1,-1,1855,805,0,0
13329,13363.31,1.019,1,-1,1855,805,0,0
13330,13364.3,0.984,2,-1,1855,805,0,0
13331,13365.35,1.051,1,-1,1857,803,2,-2
13332,13366.3,0.948,2,-1,1857,803,0,0
13333,13367.3,0.998,1,0,1857,803,0,0
13334,13368.3,1.0,2,-1,1857,803,0,0
13335,13369.3,1.0,1,-1,1858,803,1,0
13336,13370.3,1.0,2,-1,1858,803,0,0
13337,13371.3,1.0,1,-1,1860,803,2,0
13338,13372.3,1.0,2,-1,1860,803,0,0
13339,13373.3,1.001,1,0,1860,803,0,0
13340,13374.3,0.999,2,-1,1860,803,0,0
13341,13375.3,1.001,1,-1,1860,803,0,0
13342,13376.33,1.032,2,-1,1860,803,0,0
13343,13377.31,0.982,1,-1,1861,802,1,-1
13344,13378.3,0.988,2,0,1861,802,0,0
13345,13379.31,1.016,1,-1,1861,802,0,0
13346,13380.3,0.987,2,-1,1861,802,0,0
13347,13381.3,0.996,1,-1,1861,802,0,0
13348,13382.3,0.998,2,-1,1861,802,0,0
13349,13383.3,1.0,1,0,1863,800,2,-2
13350,13384.36,1.062,2,-1,1863,800,0,0
13351,13385.3,0.942,1,-1,1863,800,0,0
13352,13386.3,0.996,2,-1,1863,800,0,0
13353,13387.3,1.0,1,0,1863,800,0,0
13354,13388.3,0.999,2,-1,1863,800,0,0
13355,13389.32,1.027,2,-1,1864,799,1,-1
13356,13390.3,0.977,1,-1,1864,799,0,0
13357,13391.3,0.998,2,0,1864,799,0,0
13358,13392.3,1.0,1,-1,1864,799,0,0
13359,13393.3,0.999,2,-1,1866,799,2,0
13360,13394.3,1.0,1,-1,1866,799,0,0
13361,13395.33,1.036,2,0,1867,797,1,-2
13362,13396.3,0.966,1,-1,1867,797,0,0
13363,13397.3,0.998,2,-1,1867,797,0,0
13364,13398.3,1.0,1,0,1867,797,0,0
13365,13399.3,1.0,2,-1,1867,797,0,0
13366,13400.3,1.0,2,-1,1867,797,0,0
13367,13401.3,0.999,1,-1,1869,796,2,-1
13368,13402.3,1.0,2,0,1869,796,0,0
13369,13403.3,1.0,1,-1,1869,796,0,0
13370,13404.3,1.0,2,-1,1869,796,0,0
13371,13405.34,1.045,1,0,1869,796,0,0
13372,13406.3,0.958,2,-1,1869,796,0,0
13373,13407.3,0.997,1,-1,1870,794,1,-2
13374,13408.3,1.0,2,0,1870,794,0,0
13375,13409.32,1.021,2,-1,1870,794,0,0
13376,13410.3,0.982,1,-1,1870,794,0,0
13377,13411.3,0.999,2,0,1870,794,0,0
13378,13412.3,0.998,1,-1,1872,794,2,0
13379,13413.32,1.022,2,0,1873,794,1,0
13380,13414.3,0.981,2,-1,1873,794,0,0
13381,13415.37,1.069,1,-1,1873,794,0,0
13382,13416.31,0.943,2,0,1873,794,0,0
13383,13417.3,0.987,1,-1,1873,794,0,0
13384,13418.3,0.998,2,-1,1875,794,2,0
13385,13419.3,1.0,1,0,1876,794,1,0
13386,13420.3,1.0,2,-1,1876,794,0,0
13387,13421.3,1.0,2,0,1876,794,0,0
13388,13422.3,1.001,1,-1,1876,794,0,0
13389,13423.3,0.999,2,0,1876,794,0,0
13390,13424.3,1.0,1,-1,1878,794,2,0
13391,13425.3,1.0,2,-1,1879,793,1,-1
13392,13426.3,1.0,2,0,1879,793,0,0
13393,13427.32,1.027,1,-1,1879,793,0,0
13394,13428.31,0.988,2,0,1879,793,0,0
13395,13429.3,0.988,2,-1,1879,793,0,0
13396,13430.31,1.017,1,0,1881,793,2,0
13397,13431.3,0.984,2,-1,1882,791,1,-2
13398,13432.3,0.998,1,0,1882,791,0,0
13399,13433.3,0.999,2,-1,1882,791,0,0
13400,13434.3,1.0,2,0,1882,791,0,0
13401,13435.3,1.0,1,-1,1882,791,0,0
13402,13436.3,1.0,2,-1,1884,791,2,0
13403,13437.3,1.0,2,0,1885,791,1,0
13404,13438.3,1.0,1,-1,1885,791,0,0
13405,13439.3,1.0,2,0,1885,791,0,0
13406,13440.32,1.021,1,-1,1885,791,0,0
13407,13441.3,0.982,2,0,1885,791,0,0
13408,13442.3,0.999,2,-1,1885,791,0,0
13409,13443.3,0.999,1,0,1887,791,2,0
13410,13444.3,1.0,2,0,1887,791,0,0
13411,13445.3,1.0,2,-1,1887,791,0,0
13412,13446.29,0.999,1,0,1887,791,0,0
13413,13447.3,1.001,2,-1,1887,791,0,0
13414,13448.3,0.999,1,0,1887,791,0,0
13415,13449.29,1.0,2,-1,1888,790,1,-1
13416,13450.3,1.0,2,0,1888,790,0,0
13417,13451.3,1.001,1,-1,1888,790,0,0
13418,13452.3,1.0,2,0,1888,790,0,0
13419,13453.31,1.011,2,0,1888,790,0,0
13420,13454.3,0.988,1,-1,1890,790,2,0
13421,13455.3,1.0,2,0,1891,790,1,0
13422,13456.29,1.0,2,-1,1891,790,0,0
13423,13457.3,1.0,1,0,1891,790,0,0
13424,13458.3,1.0,2,-1,1891,790,0,0
13425,13459.3,1.0,2,0,1891,790,0,0
13426,13460.3,1.0,1,0,1893,790,2,0
13427,13461.3,1.0,2,-1,1894,790,1,0
13428,13462.3,1.0,2,0,1894,790,0,0
13429,13463.3,1.0,1,0,1894,790,0,0
13430,13464.3,1.0,2,-1,1894,790,0,0
13431,13465.3,1.0,2,0,1894,790,0,0
13432,13466.35,1.057,1,-1,1896,790,2,0
13433,13467.31,0.958,2,0,1897,788,1,-2
13434,13468.3,0.987,2,0,1897,788,0,0
13435,13469.3,0.998,1,-1,1897,788,0,0
13436,13470.3,1.0,2,0,1897,788,0,0
13437,13471.3,0.999,2,0,1897,788,0,0
13438,13472.34,1.044,1,-1,1899,788,2,0
13439,13473.3,0.959,2,0,1900,788,1,0
13440,13474.3,0.998,2,0,1900,788,0,0
13441,13475.3,0.999,1,-1,1900,788,0,0
13442,13476.3,1.0,2,0,1900,788,0,0
13443,13477.3,1.0,2,0,1900,788,0,0
13444,13478.34,1.042,1,0,1902,788,2,0
13445,13479.31,0.974,2,-1,1903,788,1,0
13446,13480.3,0.989,2,0,1903,788,0,0
13447,13481.3,0.998,1,0,1903,788,0,0
13448,13482.3,0.998,2,-1,1903,788,0,0
13449,13483.3,0.999,2,0,1903,788,0,0
13450,13484.3,1.001,1,0,1905,788,2,0
13451,13485.3,1.0,2,0,1906,788,1,0
13452,13486.3,1.0,2,-1,1906,788,0,0
13453,13487.3,1.0,2,0,1906,788,0,0
13454,13488.32,1.021,1,0,1906,788,0,0
13455,13489.32,1.007,2,0,1906,788,0,0
13456,13490.32,0.992,2,-1,1908,788,2,0
13457,13491.32,1.0,1,0,1909,788,1,0
13458,13492.3,0.983,2,0,1909,788,0,0
13459,13493.3,0.998,2,0,1909,788,0,0
13460,13494.3,0.999,1,0,1909,788,0,0
13461,13495.3,1.0,2,-1,1909,788,0,0
13462,13496.29,1.0,2,0,1911,788,2,0
13463,13497.3,1.0,1,0,1911,788,0,0
13464,13498.3,1.0,2,0,1912,787,1,-1
13465,13499.3,1.0,2,0,1912,787,0,0
13466,13500.3,1.0,2,-1,1912,787,0,0
13467,13501.3,1.0,1,0,1912,787,0,0
13468,13502.3,1.0,2,0,1914,787,2,0
13469,13503.34,1.047,2,0,1914,787,0,0
13470,13504.3,0.957,1,0,1915,787,1,0
13471,13505.3,0.997,2,0,1915,787,0,0
13472,13506.3,1.0,2,-1,1915,787,0,0
13473,13507.3,1.0,1,0,1915,787,0,0
13474,13508.3,1.001,2,0,1917,787,2,0
13475,13509.3,1.0,2,0,1917,787,0,0
13476,13510.3,1.0,1,0,1918,787,1,0
13477,13511.29,1.0,2,0,1918,787,0,0
13478,13512.3,1.001,2,0,1918,787,0,0
13479,13513.32,1.021,2,0,1918,787,0,0
13480,13514.31,0.998,1,-1,1918,787,0,0
13481,13515.3,0.984,2,0,1918,787,0,0
13482,13516.3,0.997,2,0,1920,787,2,0
13483,13517.35,1.053,1,0,1920,787,0,0
13484,13518.3,0.949,2,0,1920,787,0,0
13485,13519.31,1.017,2,0,1920,787,0,0
13486,13520.3,0.984,1,0,1920,787,0,0
13487,13521.3,0.998,2,0,1920,787,0,0
13488,13522.3,0.998,2,0,1921,787,1,0
13489,13523.3,1.0,2,0,1921,787,0,0
13490,13524.3,1.0,1,0,1921,787,0,0
13491,13525.36,1.067,2,0,1921,787,0,0
13492,13526.3,0.933,2,0,1923,787,2,0
13493,13527.3,1.001,1,0,1923,787,0,0
13494,13528.3,0.999,2,0,1924,787,1,0
13495,13529.3,1.002,2,0,1924,787,0,0
13496,13530.33,1.037,2,-1,1924,787,0,0
13497,13531.31,0.976,1,0,1924,787,0,0
13498,13532.3,0.987,2,0,1926,787,2,0
13499,13533.3,0.998,2,0,1926,787,0,0
13500,13534.36,1.06,1,0,1927,787,1,0
13501,13535.3,0.943,2,0,1927,787,0,0
13502,13536.3,0.998,2,0,1927,787,0,0
13503,13537.3,0.999,1,1,1927,787,0,0
13504,13538.29,0.999,2,0,1929,787,2,0
13505,13539.3,1.001,2,0,1929,787,0,0
13506,13540.3,1.0,2,0,1930,787,1,0
13507,13541.3,1.0,1,0,1930,787,0,0
13508,13542.29,0.999,2,0,1930,787,0,0
13509,13543.3,1.001,2,0,1930,787,0,0
13510,13544.3,1.0,1,0,1932,787,2,0
13511,13545.3,1.0,2,0,1932,787,0,0
13512,13546.3,1.0,2,0,1933,787,1,0
13513,13547.3,1.0,2,0,1933,787,0,0
13514,13548.3,1.0,1,0,1933,787,0,0
13515,13549.3,1.0,2,0,1933,787,0,0
13516,13550.3,1.0,2,0,1933,787,0,0
13517,13551.31,1.02,1,0,1933,787,0,0
13518,13552.3,0.984,2,0,1935,787,2,0
13519,13553.3,0.998,2,1,1935,787,0,0
13520,13554.3,0.999,1,0,1935,787,0,0
13521,13555.32,1.021,2,0,1935,787,0,0
13522,13556.3,0.985,2,0,1936,787,1,0
13523,13557.3,0.995,2,0,1936,787,0,0
13524,13558.3,0.999,1,0,1938,787,2,0
13525,13559.3,1.002,2,0,1938,787,0,0
13526,13560.3,0.999,2,0,1938,787,0,0
13527,13561.3,1.0,1,1,1938,787,0,0
13528,13562.3,1.0,2,0,1939,787,1,0
13529,13563.3,1.0,2,0,1939,787,0,0
13530,13564.3,1.0,1,0,1941,788,2,1
13531,13565.3,1.001,2,0,1941,788,0,0
13532,13566.32,1.02,2,0,1941,788,0,0
13533,13567.3,0.981,1,1,1941,788,0,0
13534,13568.37,1.077,2,0,1941,788,0,0
13535,13569.3,0.923,2,0,1942,788,1,0
13536,13570.3,0.998,2,0,1944,788,2,0
13537,13571.3,1.0,1,0,1944,788,0,0
13538,13572.3,1.0,2,1,1944,788,0,0
13539,13573.3,1.0,2,0,1944,788,0,0
13540,13574.3,1.001,1,0,1944,788,0,0
13541,13575.3,0.999,2,0,1945,788,1,0
13542,13576.3,1.0,2,0,1947,788,2,0
13543,13577.3,1.0,1,1,1946,788,-1,0
13544,13578.3,1.0,2,0,1946,788,0,0
13545,13579.3,1.0,2,0,1946,788,0,0
13546,13580.29,0.999,1,0,1944,788,-2,0
13547,13581.3,1.0,2,1,1944,788,0,0
13548,13582.33,1.036,2,0,1944,788,0,0
13549,13583.31,0.98,2,0,1945,788,1,0
13550,13584.3,0.99,1,0,1944,788,-1,0
13551,13585.3,0.996,2,1,1943,788,-1,0
13552,13586.3,0.999,2,0,1943,788,0,0
13553,13587.3,1.0,1,0,1941,788,-2,0
13554,13588.3,1.002,2,1,1941,788,0,0
13555,13589.3,0.998,2,0,1942,789,1,1
13556,13590.3,1.0,1,0,1941,789,-1,0
13557,13591.3,1.0,2,0,1940,789,-1,0
13558,13592.3,1.0,2,1,1940,789,0,0
13559,13593.3,1.0,1,0,1938,789,-2,0
13560,13594.3,1.0,2,0,1938,789,0,0
13561,13595.3,1.0,2,1,1938,789,0,0
13562,13596.3,1.0,1,0,1939,789,1,0
13563,13597.31,1.019,2,0,1938,789,-1,0
13564,13598.3,0.984,2,1,1935,789,-3,0
13565,13599.3,0.997,1,0,1935,789,0,0
13566,13600.3,0.999,2,0,1936,789,1,0
13567,13601.3,1.0,2,1,1934,789,-2,0
13568,13602.3,1.001,1,0,1934,789,0,0
13569,13603.3,0.999,2,1,1935,789,1,0
13570,13604.3,1.0,2,0,1934,791,-1,2
13571,13605.3,1.0,1,0,1925,791,-9,0
13572,13606.3,1.0,2,1,1925,791,0,0
13573,13607.3,1.0,2,0,1925,791,0,0
13574,13608.3,1.0,1,0,1925,791,0,0
13575,13609.3,1.0,2,1,1925,791,0,0
13576,13610.3,1.0,2,0,1926,792,1,1
13577,13611.3,1.0,1,1,1919,794,-7,2
13578,13612.31,1.019,2,0,1916,794,-3,0
13579,13613.3,0.984,2,1,1917,794,1,0
13580,13614.3,0.998,1,0,1917,794,0,0
13581,13615.31,1.019,2,0,1916,794,-1,0
13582,13616.3,0.984,2,1,1916,794,0,0
13583,13617.3,0.999,1,0,1917,794,1,0
13584,13618.39,1.093,2,1,1910,795,-7,1
13585,13619.31,0.918,1,0,1908,795,-2,0
13586,13620.3,0.988,2,1,1908,795,0,0
13587,13621.3,1.0,2,0,1908,795,0,0
13588,13622.3,0.999,1,1,1902,795,-6,0
13589,13623.3,0.999,2,0,1903,797,1,2
13590,13624.3,1.0,2,0,1896,798,-7,1
13591,13625.3,1.0,1,1,1895,800,-1,2
13592,13626.3,1.0,2,0,1895,800,0,0
13593,13627.3,1.0,2,1,1896,800,1,0
13594,13628.31,1.019,1,0,1896,800,0,0
13595,13629.3,0.983,2,1,1889,801,-7,1
13596,13630.32,1.017,1,0,1890,803,1,2
13597,13631.3,0.984,2,1,1883,804,-7,1
13598,13632.33,1.029,2,1,1880,804,-3,0
13599,13633.31,0.983,1,0,1880,804,0,0
13600,13634.3,0.991,2,1,1880,804,0,0
13601,13635.3,0.996,2,0,1871,807,-9,3
13602,13636.3,0.999,1,1,1871,807,0,0
13603,13637.3,1.0,2,0,1872,809,1,2
13604,13638.3,1.001,1,1,1863,810,-9,1
13605,13639.3,1.002,2,0,1860,810,-3,0
13606,13640.3,0.998,2,1,1861,810,1,0
13607,13641.3,1.0,1,0,1861,810,0,0
13608,13642.3,1.0,2,1,1859,812,-2,2
13609,13643.3,1.001,1,1,1859,812,0,0
13610,13644.3,0.999,2,0,1860,813,1,1
13611,13645.3,1.0,2,1,1848,816,-12,3
13612,13646.3,1.001,1,0,1845,816,-3,0
13613,13647.3,1.0,2,1,1845,816,0,0
13614,13648.3,1.0,1,0,1845,816,0,0
13615,13649.3,1.0,2,1,1835,818,-10,2
13616,13650.3,1.0,2,1,1836,819,1,1
13617,13651.3,1.0,1,0,1824,822,-12,3
13618,13652.3,1.0,2,1,1821,822,-3,0
13619,13653.3,1.0,1,1,1821,822,0,0
13620,13654.3,1.0,2,0,1811,825,-10,3
13621,13655.3,1.003,2,1,1811,825,0,0
13622,13656.3,0.999,1,0,1811,825,0,0
13623,13657.3,1.001,2,1,1812,827,1,2
13624,13658.32,1.018,1,1,1802,828,-10,1
13625,13659.31,0.998,2,0,1799,830,-3,2
13626,13660.3,0.986,1,1,1799,830,0,0
13627,13661.3,0.997,2,1,1794,830,-5,0
13628,13662.3,0.999,2,0,1794,830,0,0
13629,13663.3,1.002,1,1,1794,830,0,0
13630,13664.3,0.998,2,1,1795,830,1,0
13631,13665.3,0.999,1,0,1782,833,-13,3
13632,13666.3,1.0,2,1,1766,834,-16,1
13633,13667.3,1.0,1,1,1766,834,0,0
13634,13668.3,1.0,2,1,1767,834,1,0
13635,13669.35,1.055,1,0,1766,834,-1,0
13636,13670.3,0.948,2,1,1766,834,0,0
13637,13671.3,0.999,2,1,1767,834,1,0
13638,13672.3,1.0,1,0,1763,836,-4,2
13639,13673.3,0.999,2,1,1743,839,-20,3
13640,13674.31,1.015,1,1,1739,839,-4,0
13641,13675.3,0.987,2,1,1739,839,0,0
13642,13676.3,0.998,1,0,1731,840,-8,1
13643,13677.3,1.0,2,1,1731,840,0,0
13644,13678.3,1.0,1,1,1732,842,1,2
13645,13679.3,0.999,2,1,1728,842,-4,0
13646,13680.32,1.02,1,0,1724,842,-4,0
13647,13681.3,0.983,2,1,1724,842,0,0
13648,13682.3,0.997,1,1,1724,842,0,0
13649,13683.33,1.033,2,1,1719,843,-5,1
13650,13684.35,1.022,1,0,1720,843,1,0
13651,13685.3,0.948,2,1,1706,845,-14,2
13652,13686.3,0.998,1,1,1706,845,0,0
13653,13687.3,0.999,2,1,1703,845,-3,0
13654,13688.3,1.0,1,1,1703,845,0,0
13655,13689.3,1.0,2,0,1703,845,0,0
13656,13690.3,1.0,2,1,1692,845,-11,0
13657,13691.3,1.001,1,1,1693,846,1,1
13658,13692.3,0.999,2,1,1683,848,-10,2
13659,13693.3,1.0,1,1,1680,848,-3,0
13660,13694.3,1.0,1,0,1680,848,0,0
13661,13695.3,1.0,2,1,1674,849,-6,1
13662,13696.3,1.0,1,1,1674,849,0,0
13663,13697.3,1.0,2,1,1674,849,0,0
13664,13698.31,1.018,1,1,1675,851,1,2
13665,13699.3,0.986,2,1,1667,851,-8,0
13666,13700.3,0.998,1,0,1662,851,-5,0
13667,13701.3,1.001,2,1,1662,851,0,0
13668,13702.3,0.998,1,1,1662,851,0,0
13669,13703.3,1.0,2,1,1663,851,1,0
13670,13704.3,1.0,1,1,1663,851,0,0
13671,13705.32,1.02,2,1,1662,854,-1,3
13672,13706.32,1.001,1,1,1659,854,-3,0
13673,13707.3,0.983,2,1,1659,854,0,0
13674,13708.3,0.998,1,0,1659,854,0,0
13675,13709.31,1.017,2,1,1652,854,-7,0
13676,13710.3,0.984,1,1,1652,854,0,0
13677,13711.3,0.998,1,1,1652,854,0,0
13678,13712.3,1.0,2,1,1653,855,1,1
13679,13713.32,1.021,1,1,1650,857,-3,2
13680,13714.31,0.998,2,1,1644,857,-6,0
13681,13715.3,0.984,1,1,1644,857,0,0
13682,13716.3,0.998,2,1,1643,857,-1,0
13683,13717.3,1.0,1,1,1643,857,0,0
13684,13718.3,0.998,1,1,1643,857,0,0
13685,13719.3,1.0,2,0,1644,858,1,1
13686,13720.35,1.056,1,1,1641,860,-3,2
13687,13721.34,0.988,2,1,1641,860,0,0
13688,13722.3,0.963,1,1,1641,860,0,0
13689,13723.3,0.995,2,1,1641,860,0,0
13690,13724.3,0.999,1,1,1641,860,0,0
13691,13725.3,1.0,1,1,1642,861,1,1
13692,13726.3,1.001,2,1,1642,861,0,0
13693,13727.3,1.0,1,1,1642,861,0,0
13694,13728.29,0.999,2,1,1642,861,0,0
13695,13729.3,1.001,1,1,1642,861,0,0
13696,13730.3,1.0,1,1,1642,861,0,0
13697,13731.3,1.0,2,1,1644,863,2,2
13698,13732.3,1.0,1,1,1645,863,1,0
13699,13733.31,1.018,2,1,1647,864,2,1
13700,13734.31,1.0,1,1,1647,864,0,0
13701,13735.3,0.983,1,1,1650,864,3,0
13702,13736.3,0.999,2,1,1650,864,0,0
13703,13737.3,1.0,1,1,1650,864,0,0
13704,13738.3,1.008,1,1,1651,866,1,2
13705,13739.31,1.002,2,1,1653,866,2,0
13706,13740.3,0.992,1,1,1654,866,1,0
13707,13741.3,1.0,1,1,1654,866,0,0
13708,13742.3,1.0,2,1,1656,866,2,0
13709,13743.3,0.998,1,1,1657,867,1,1
13710,13744.3,1.0,1,1,1657,867,0,0
13711,13745.3,1.0,2,1,1659,869,2,2
13712,13746.31,1.017,1,1,1660,869,1,0
13713,13747.3,0.984,2,2,1666,869,6,0
13714,13748.3,1.0,1,1,1666,869,0,0
13715,13749.3,1.0,1,1,1669,870,3,1
13716,13750.3,1.0,1,1,1669,870,0,0
13717,13751.3,1.0,2,1,1669,870,0,0
13718,13752.3,1.0,1,1,1671,872,2,2
13719,13753.3,0.999,1,1,1678,872,7,0
13720,13754.3,1.0,2,1,1681,873,3,1
13721,13755.3,1.002,1,1,1681,873,0,0
13722,13756.3,0.999,1,1,1684,873,3,0
13723,13757.3,1.0,2,1,1684,873,0,0
13724,13758.3,1.0,1,1,1684,873,0,0
13725,13759.31,1.012,1,2,1686,875,2,2
13726,13760.3,0.989,2,1,1696,876,10,1
13727,13761.3,0.999,1,1,1708,876,12,0
13728,13762.3,1.0,1,1,1708,876,0,0
13729,13763.3,1.001,1,1,1711,878,3,2
13730,13764.3,1.001,2,1,1711,878,0,0
13731,13765.3,0.998,1,1,1711,878,0,0
13732,13766.3,1.0,1,1,1713,879,2,1
13733,13767.3,1.0,1,2,1725,879,12,0
13734,13768.32,1.021,2,1,1737,881,12,2
13735,13769.3,0.984,1,1,1737,881,0,0
13736,13770.35,1.052,1,1,1741,881,4,0
13737,13771.31,0.959,2,1,1741,881,0,0
13738,13772.3,0.987,1,1,1743,882,2,1
13739,13773.3,0.998,1,2,1759,882,16,0
13740,13774.3,1.0,1,1,1771,884,12,2
13741,13775.3,1.0,1,1,1771,884,0,0
13742,13776.3,1.0,2,1,1777,884,6,0
13743,13777.3,1.0,1,1,1777,884,0,0
13744,13778.3,1.0,1,1,1777,884,0,0
13745,13779.3,1.0,1,2,1779,885,2,1
13746,13780.34,1.044,2,1,1794,885,15,0
13747,13781.3,0.962,1,1,1810,885,16,0
13748,13782.3,0.996,1,1,1810,885,0,0
13749,13783.31,1.016,1,1,1810,885,0,0
13750,13784.37,1.054,1,2,1818,885,8,0
13751,13785.32,0.949,2,1,1818,885,0,0
13752,13786.3,0.983,1,1,1819,887,1,2
13753,13787.3,0.998,1,1,1824,887,5,0
13754,13788.3,0.999,1,1,1851,887,27,0
13755,13789.3,1.0,1,2,1851,887,0,0
13756,13790.3,0.999,2,1,1851,887,0,0
13757,13791.3,1.0,1,1,1855,887,4,0
13758,13792.3,1.0,1,1,1855,887,0,0
13759,13793.3,1.0,1,2,1857,888,2,1
13760,13794.3,1.0,1,1,1878,888,21,0
13761,13795.3,1.0,1,1,1885,887,7,-1
13762,13796.29,1.0,2,1,1885,887,0,0
13763,13797.3,1.0,1,2,1885,887,0,0
13764,13798.3,1.0,1,1,1890,887,5,0
13765,13799.32,1.02,1,1,1891,888,1,1
13766,13800.3,0.983,1,1,1911,887,20,-1
13767,13801.3,0.998,1,2,1911,887,0,0
13768,13802.3,0.998,1,1,1915,887,4,0
13769,13803.3,1.0,2,1,1915,887,0,0
13770,13804.3,1.0,1,1,1915,887,0,0
13771,13805.32,1.02,1,2,1927,886,12,-1
13772,13806.3,0.984,1,1,1929,887,2,1
13773,13807.3,0.997,1,1,1944,886,15,-1
13774,13808.3,1.0,1,2,1947,884,3,-2
13775,13809.3,1.001,1,1,1947,884,0,0
13776,13810.3,0.999,1,1,1947,884,0,0
13777,13811.3,1.0,1,2,1959,884,12,0
13778,13812.3,0.999,2,1,1959,884,0,0
13779,13813.3,1.0,1,1,1960,885,1,1
13780,13814.3,1.0,1,1,1971,884,11,-1
13781,13815.34,1.046,1,2,1971,884,0,0
13782,13816.3,0.958,1,1,1971,884,0,0
13783,13817.3,0.998,1,1,1974,884,3,0
13784,13818.3,0.999,1,2,1974,884,0,0
13785,13819.3,1.0,1,1,1974,884,0,0
13786,13820.35,1.055,1,1,1975,885,1,1
13787,13821.31,0.959,1,2,1981,884,6,-1
13788,13822.3,0.987,1,1,1992,881,11,-3
13789,13823.3,0.998,1,1,1992,881,0,0
13790,13824.3,1.0,1,2,1993,880,1,-1
13791,13825.3,1.001,1,1,1993,880,0,0
13792,13826.3,0.999,1,2,1995,881,2,1
13793,13827.3,1.0,1,1,1999,880,4,-1
13794,13828.3,1.001,1,1,2002,878,3,-2
13795,13829.3,0.999,1,2,2002,878,0,0
13796,13830.34,1.046,2,1,2004,879,2,1
13797,13831.3,0.957,1,1,2004,879,0,0
13798,13832.3,0.998,1,2,2004,879,0,0
13799,13833.3,0.999,1,1,2005,881,1,2
13800,13834.35,1.056,1,1,2005,880,0,-1
13801,13835.32,0.964,1,2,2005,880,0,0
13802,13836.3,0.982,1,1,2005,880,0,0
13803,13837.3,0.999,1,2,2005,880,0,0
13804,13838.3,1.0,0,1,2005,880,0,0
13805,13839.3,1.0,1,1,2005,880,0,0
13806,13840.3,1.0,1,2,2007,881,2,1
13807,13841.3,1.0,1,1,2007,880,0,-1
13808,13842.3,1.0,1,2,2007,880,0,0
13809,13843.3,1.0,1,1,2007,880,0,0
13810,13844.3,1.0,1,1,2007,880,0,0
13811,13845.3,1.0,1,2,2007,880,0,0
13812,13846.34,1.046,1,1,2008,881,1,1
13813,13847.36,1.016,1,2,2008,880,0,-1
13814,13848.3,0.942,1,1,2007,880,-1,0
13815,13849.3,0.997,1,2,2007,880,0,0
13816,13850.3,1.0,1,1,2006,880,-1,0
13817,13851.3,1.004,1,1,2006,880,0,0
13818,13852.3,0.998,1,2,2006,880,0,0
13819,13853.3,0.998,1,1,2007,881,1,1
13820,13854.3,1.0,1,2,2007,880,0,-1
13821,13855.41,1.119,1,1,2006,880,-1,0
13822,13856.3,0.883,0,2,2006,880,0,0
13823,13857.3,0.999,1,1,2006,880,0,0
13824,13858.3,1.0,1,2,2004,880,-2,0
13825,13859.3,1.001,1,1,2004,880,0,0
13826,13860.3,0.999,1,1,2005,881,1,1
13827,13861.31,1.019,1,2,2004,881,-1,0
13828,13862.3,0.984,1,1,2004,880,0,-1
13829,13863.32,1.019,1,2,2004,880,0,0
13830,13864.3,0.982,0,1,2004,880,0,0
13831,13865.3,0.997,1,2,2003,880,-1,0
13832,13866.3,1.0,1,1,2003,880,0,0
13833,13867.3,1.0,1,2,2004,881,1,1
13834,13868.3,1.0,1,1,2000,881,-4,0
13835,13869.3,1.003,1,2,1998,880,-2,-1
13836,13870.35,1.055,1,1,1998,881,0,1
13837,13871.31,0.958,0,2,1998,881,0,0
13838,13872.3,0.986,1,1,1997,881,-1,0
13839,13873.3,0.999,1,2,1998,882,1,1
13840,13874.3,1.0,1,1,1992,882,-6,0
13841,13875.3,1.0,1,2,1992,882,0,0
13842,13876.3,0.999,0,1,1991,882,-1,0
13843,13877.3,1.0,1,2,1991,882,0,0
13844,13878.3,1.001,1,1,1991,882,0,0
13845,13879.3,0.999,1,2,1985,881,-6,-1
13846,13880.31,1.019,1,1,1986,882,1,1
13847,13881.3,0.984,0,2,1982,882,-4,0
13848,13882.3,0.997,1,1,1979,882,-3,0
13849,13883.3,1.0,1,2,1979,882,0,0
13850,13884.3,0.999,1,1,1979,882,0,0
13851,13885.31,1.017,1,2,1973,884,-6,2
13852,13886.3,0.991,0,1,1973,884,0,0
13853,13887.3,0.993,1,2,1974,885,1,1
13854,13888.3,0.999,1,1,1965,885,-9,0
13855,13889.32,1.02,1,2,1962,885,-3,0
13856,13890.3,0.984,0,1,1962,885,0,0
13857,13891.3,0.997,1,2,1962,887,0,2
13858,13892.3,1.0,1,1,1955,887,-7,0
13859,13893.3,0.999,1,2,1955,887,0,0
13860,13894.31,1.018,0,2,1955,888,0,1
13861,13895.3,0.984,1,1,1946,890,-9,2
13862,13896.3,0.998,1,2,1941,890,-5,0
13863,13897.3,1.0,0,1,1941,890,0,0
13864,13898.3,1.0,1,2,1941,890,0,0
13865,13899.3,1.0,1,1,1938,891,-3,1
13866,13900.3,1.0,0,2,1939,893,1,2
13867,13901.3,1.0,1,1,1925,894,-14,1
13868,13902.3,1.0,1,2,1925,894,0,0
13869,13903.3,1.0,1,2,1922,894,-3,0
13870,13904.3,1.0,0,1,1922,894,0,0
13871,13905.3,1.0,1,2,1922,894,0,0
13872,13906.29,1.0,1,1,1913,896,-9,2
13873,13907.31,1.02,0,2,1914,897,1,1
13874,13908.3,0.984,1,1,1901,900,-13,3
13875,13909.32,1.018,1,2,1899,902,-2,2
13876,13910.3,0.982,0,2,1899,902,0,0
13877,13911.3,0.998,1,1,1899,903,0,1
13878,13912.3,0.999,0,2,1886,906,-13,3
13879,13913.3,1.0,1,1,1886,906,0,0
13880,13914.32,1.021,1,2,1887,908,1,2
13881,13915.3,0.983,0,1,1874,911,-13,3
13882,13916.3,0.997,1,2,1874,911,0,0
13883,13917.3,1.0,1,2,1874,911,0,0
13884,13918.3,1.0,0,1,1871,912,-3,1
13885,13919.3,1.0,1,2,1871,912,0,0
13886,13920.3,1.0,0,1,1871,912,0,0
13887,13921.4,1.108,1,2,1872,914,1,2
13888,13922.31,0.912,0,2,1868,915,-4,1
13889,13923.3,0.984,1,1,1841,924,-27,9
13890,13924.3,0.997,1,2,1841,924,0,0
13891,13925.3,1.0,0,1,1836,926,-5,2
13892,13926.3,1.0,1,2,1836,926,0,0
13893,13927.3,1.0,0,2,1836,927,0,1
13894,13928.3,1.0,1,1,1821,933,-15,6
13895,13929.29,1.0,0,2,1811,939,-10,6
13896,13930.29,1.0,1,1,1811,939,0,0
13897,13931.29,1.0,1,2,1806,942,-5,3
13898,13932.3,1.001,0,2,1806,942,0,0
13899,13933.3,1.0,1,1,1806,942,0,0
13900,13934.3,1.0,0,2,1806,944,0,2
13901,13935.31,1.019,1,2,1790,953,-16,9
13902,13936.31,0.999,0,1,1778,960,-12,7
13903,13937.3,0.984,1,2,1778,960,0,0
13904,13938.3,1.0,0,1,1778,962,0,2
13905,13939.3,1.0,1,2,1775,965,-3,3
13906,13940.34,1.042,0,2,1775,965,0,0
13907,13941.3,0.959,1,1,1775,966,0,1
13908,13942.3,0.997,0,2,1770,969,-5,3
13909,13943.3,1.0,1,2,1770,969,0,0
13910,13944.3,1.001,0,1,1770,969,0,0
13911,13945.3,0.999,1,2,1755,983,-15,14
13912,13946.3,1.0,0,2,1755,983,0,0
13913,13947.29,1.0,0,1,1755,983,0,0
13914,13948.3,1.0,1,2,1755,984,0,1
13915,13949.3,1.0,0,1,1751,990,-4,6
13916,13950.3,0.999,1,2,1737,1005,-14,15
13917,13951.3,1.001,0,2,1737,1005,0,0
13918,13952.3,1.0,1,1,1736,1010,-1,5
13919,13953.3,1.0,0,2,1736,1010,0,0
13920,13954.3,1.0,1,2,1736,1011,0,1
13921,13955.32,1.02,0,1,1730,1020,-6,9
13922,13956.3,0.985,0,2,1724,1034,-6,14
13923,13957.3,0.996,1,2,1724,1034,0,0
13924,13958.3,0.999,0,1,1721,1040,-3,6
13925,13959.3,1.002,1,2,1721,1040,0,0
13926,13960.3,0.999,0,2,1721,1040,0,0
13927,13961.3,0.999,0,1,1722,1041,1,1
13928,13962.3,1.0,1,2,1719,1053,-3,12
13929,13963.3,1.0,0,2,1718,1065,-1,12
13930,13964.3,1.002,0,1,1718,1065,0,0
13931,13965.3,0.999,1,2,1718,1067,0,2
13932,13966.3,1.0,0,2,1718,1071,0,4
13933,13967.3,1.001,1,1,1718,1071,0,0
13934,13968.3,1.003,0,2,1718,1073,0,2
13935,13969.3,0.996,0,2,1716,1076,-2,3
13936,13970.3,1.0,1,1,1716,1095,0,19
13937,13971.34,1.043,0,2,1716,1095,0,0
13938,13972.36,1.021,0,2,1717,1101,1,6
13939,13973.3,0.941,1,1,1717,1101,0,0
13940,13974.3,0.996,0,2,1717,1101,0,0
13941,13975.3,0.999,0,2,1717,1103,0,2
13942,13976.3,1.0,0,1,1722,1118,5,15
13943,13977.3,1.0,1,2,1723,1121,1,3
13944,13978.3,1.0,0,2,1723,1121,0,0
13945,13979.3,1.001,0,1,1725,1125,2,4
13946,13980.3,0.999,1,2,1725,1127,0,2
13947,13981.3,1.0,0,2,1725,1127,0,0
13948,13982.3,1.0,0,1,1725,1128,0,1
13949,13983.3,1.0,0,2,1731,1139,6,11
13950,13984.35,1.055,1,2,1737,1148,6,9
13951,13985.3,0.949,0,1,1737,1148,0,0
13952,13986.32,1.016,0,2,1740,1151,3,3
13953,13987.34,1.021,0,2,1740,1151,0,0
13954,13988.3,0.968,1,2,1740,1152,0,1
13955,13989.32,1.014,0,1,1750,1164,10,12
13956,13990.31,0.997,0,2,1758,1172,8,8
13957,13991.3,0.984,0,2,1758,1172,0,0
13958,13992.3,0.997,1,1,1761,1176,3,4
13959,13993.3,1.0,0,2,1761,1176,0,0
13960,13994.3,0.999,0,2,1761,1176,0,0
13961,13995.3,1.0,0,1,1761,1178,0,2
13962,13996.3,1.0,0,2,1771,1187,10,9
13963,13997.31,1.019,1,2,1785,1196,14,9
13964,13998.3,0.984,0,1,1785,1196,0,0
13965,13999.3,0.998,0,2,1789,1199,4,3
13966,14000.3,1.0,0,2,1789,1199,0,0
13967,14001.3,1.0,0,2,1789,1199,0,0
13968,14002.32,1.02,1,1,1789,1200,0,1
13969,14003.32,1.0,0,2,1791,1202,2,2
13970,14004.3,0.982,0,2,1813,1212,22,10
13971,14005.3,0.998,0,1,1813,1212,0,0
13972,14006.3,1.0,0,2,1813,1214,0,2
13973,14007.3,1.0,0,2,1821,1217,8,3
13974,14008.3,1.001,0,1,1821,1217,0,0
13975,14009.32,1.02,1,2,1822,1218,1,1
13976,14010.3,0.986,0,2,1825,1220,3,2
13977,14011.3,0.995,0,2,1846,1227,21,7
13978,14012.3,1.001,0,1,1851,1229,5,2
13979,14013.32,1.019,0,2,1851,1230,0,1
13980,14014.3,0.982,0,2,1864,1233,13,3
13981,14015.3,0.998,0,1,1864,1233,0,0
13982,14016.3,0.999,0,2,1864,1235,0,2
13983,14017.33,1.039,0,2,1870,1236,6,1
13984,14018.3,0.966,1,1,1873,1238,3,2
13985,14019.3,0.997,0,2,1873,1239,0,1
13986,14020.3,0.999,0,2,1873,1239,0,0
13987,14021.3,1.0,0,2,1876,1239,3,0
13988,14022.3,1.002,0,1,1876,1239,0,0
13989,14023.35,1.055,0,2,1876,1241,0,2
13990,14024.3,0.945,0,2,1896,1244,20,3
13991,14025.3,1.002,0,1,1902,1245,6,1
13992,14026.3,0.997,0,2,1902,1247,0,2
13993,14027.3,0.998,0,2,1902,1247,0,0
13994,14028.3,0.999,0,1,1914,1248,12,1
13995,14029.3,1.0,0,2,1914,1250,0,2
13996,14030.3,1.001,0,2,1924,1251,10,1
13997,14031.31,1.019,0,2,1929,1251,5,0
13998,14032.3,0.984,0,1,1929,1251,0,0
13999,14033.3,0.998,0,2,1942,1251,13,0
14000,14034.3,0.999,0,2,1942,1251,0,0
14001,14035.3,1.0,0,1,1942,1253,0,2
14002,14036.31,1.019,0,2,1942,1254,0,1
14003,14037.31,0.999,0,2,1956,1254,14,0
14004,14038.3,0.987,0,1,1959,1254,3,0
14005,14039.31,1.013,0,2,1959,1254,0,0
14006,14040.3,0.985,0,2,1962,1254,3,0
14007,14041.3,0.998,0,2,1962,1256,0,2
14008,14042.3,1.0,0,1,1962,1256,0,0
14009,14043.3,1.0,0,2,1962,1257,0,1
14010,14044.3,1.001,0,2,1974,1257,12,0
14011,14045.3,0.999,0,1,1986,1257,12,0
14012,14046.3,1.0,0,2,1986,1257,0,0
14013,14047.3,1.0,0,2,1989,1257,3,0
14014,14048.32,1.023,0,2,1989,1259,0,2
14015,14049.3,0.981,-1,1,1989,1259,0,0
14016,14050.3,0.997,0,2,1989,1260,0,1
14017,14051.3,1.0,0,2,2001,1259,12,-1
14018,14052.3,1.0,0,1,2011,1258,10,-1
14019,14053.3,1.001,0,2,2011,1258,0,0
14020,14054.3,0.999,0,2,2014,1256,3,-2
14021,14055.32,1.021,0,1,2014,1257,0,1
14022,14056.3,0.982,0,2,2014,1259,0,2
14023,14057.3,0.997,0,2,2025,1258,11,-1
14024,14058.3,1.0,-1,2,2032,1255,7,-3
14025,14059.3,0.999,0,1,2032,1255,0,0
14026,14060.3,1.0,0,2,2035,1253,3,-2
14027,14061.3,1.0,0,2,2035,1253,0,0
14028,14062.29,0.999,0,1,2035,1254,0,1
14029,14063.3,1.0,0,2,2035,1256,0,2
14030,14064.31,1.019,0,2,2046,1253,11,-3
14031,14065.3,0.985,-1,1,2055,1249,9,-4
14032,14066.3,0.997,0,2,2055,1249,0,0
14033,14067.3,0.999,0,2,2056,1249,1,0
14034,14068.3,1.001,0,2,2056,1249,0,0
14035,14069.3,1.0,0,1,2056,1249,0,0
14036,14070.3,1.0,-1,2,2056,1250,0,1
14037,14071.3,1.0,0,2,2059,1250,3,0
14038,14072.31,1.02,0,1,2071,1241,12,-9
14039,14073.41,1.099,0,2,2071,1241,0,0
14040,14074.31,0.897,0,2,2071,1241,0,0
14041,14075.3,0.986,-1,1,2073,1240,2,-1
14042,14076.3,0.998,0,2,2073,1240,0,0
14043,14077.3,0.999,0,2,2072,1241,-1,1
14044,14078.3,1.0,0,1,2074,1238,2,-3
14045,14079.3,1.001,-1,2,2082,1229,8,-9
14046,14080.31,1.018,0,2,2083,1228,1,-1
14047,14081.3,0.985,0,1,2083,1228,0,0
14048,14082.3,0.997,0,2,2088,1222,5,-6
14049,14083.3,1.002,-1,2,2088,1222,0,0
14050,14084.3,0.999,0,2,2088,1223,0,1
14051,14085.3,1.003,0,1,2089,1222,1,-1
14052,14086.3,0.998,0,2,2091,1219,2,-3
14053,14087.38,1.082,-1,2,2091,1219,0,0
14054,14088.3,0.92,0,1,2091,1219,0,0
14055,14089.31,1.015,0,2,2091,1216,0,-3
14056,14090.3,0.983,-1,2,2091,1217,0,1
14057,14091.3,0.999,0,1,2094,1211,3,-6
14058,14092.33,1.039,0,2,2094,1211,0,0
14059,14093.3,0.961,0,2,2095,1208,1,-3
14060,14094.3,1.0,-1,1,2095,1208,0,0
14061,14095.3,1.0,0,2,2095,1208,0,0
14062,14096.3,1.0,0,2,2097,1199,2,-9
14063,14097.31,1.019,-1,1,2097,1200,0,1
14064,14098.3,0.984,0,2,2097,1193,0,-7
14065,14099.3,0.998,0,2,2097,1192,0,-1
14066,14100.3,1.0,-1,1,2097,1192,0,0
14067,14101.3,0.999,0,2,2097,1193,0,1
14068,14102.3,1.0,-1,2,2097,1184,0,-9
14069,14103.3,1.0,0,1,2097,1184,0,0
14070,14104.3,1.0,0,2,2097,1185,0,1
14071,14105.31,1.02,-1,2,2097,1178,0,-7
14072,14106.3,0.984,0,1,2097,1178,0,0
14073,14107.3,0.997,0,2,2097,1178,0,0
14074,14108.3,0.999,-1,2,2097,1177,0,-1
14075,14109.3,1.0,0,1,2097,1177,0,0
14076,14110.34,1.042,-1,2,2097,1177,0,0
14077,14111.3,0.961,0,2,2097,1178,0,1
14078,14112.3,0.997,0,1,2097,1177,0,-1
14079,14113.3,0.999,-1,2,2094,1165,-3,-12
14080,14114.32,1.021,0,2,2094,1165,0,0
14081,14115.3,0.983,-1,1,2094,1165,0,0
14082,14116.3,0.997,0,2,2094,1166,0,1
14083,14117.3,1.0,-1,1,2094,1167,0,1
14084,14118.3,1.0,0,2,2093,1165,-1,-2
14085,14119.3,1.0,-1,2,2088,1154,-5,-11
14086,14120.3,1.0,0,1,2088,1154,0,0
14087,14121.3,1.0,0,2,2088,1155,0,1
14088,14122.32,1.022,-1,2,2088,1155,0,0
14089,14123.3,0.982,0,1,2084,1148,-4,-7
14090,14124.35,1.05,-1,2,2082,1149,-2,1
14091,14125.3,0.949,0,2,2081,1145,-1,-4
14092,14126.32,1.017,-1,1,2072,1132,-9,-13
14093,14127.3,0.983,0,2,2072,1132,0,0
14094,14128.3,0.997,-1,1,2072,1133,0,1
14095,14129.3,0.999,0,2,2069,1130,-3,-3
14096,14130.3,1.0,-1,2,2069,1130,0,0
14097,14131.3,1.0,0,1,2069,1131,0,1
14098,14132.29,0.999,-1,2,2063,1123,-6,-8
14099,14133.3,1.0,0,2,2060,1118,-3,-5
14100,14134.36,1.061,-1,1,2060,1119,0,1
14101,14135.3,0.943,0,2,2060,1119,0,0
14102,14136.3,0.997,-1,1,2057,1118,-3,-1
14103,14137.32,1.021,-1,2,2057,1119,0,1
14104,14138.32,1.0,0,2,2049,1111,-8,-8
14105,14139.33,1.01,-1,1,2049,1111,0,0
14106,14140.31,0.986,0,2,2048,1108,-1,-3
14107,14141.3,0.985,-1,2,2048,1108,0,0
14108,14142.3,0.998,0,1,2048,1108,0,0
14109,14143.3,1.0,-1,2,2040,1103,-8,-5
14110,14144.3,1.001,-1,1,2039,1104,-1,1
14111,14145.3,0.999,0,2,2031,1097,-8,-7
14112,14146.3,1.0,-1,2,2028,1096,-3,-1
14113,14147.32,1.021,0,1,2028,1096,0,0
14114,14148.32,1.0,-1,2,2021,1088,-7,-8
14115,14149.3,0.985,0,1,2021,1088,0,0
14116,14150.3,0.995,-1,2,2021,1088,0,0
14117,14151.32,1.022,-1,2,2019,1089,-2,1
14118,14152.3,0.981,0,1,2013,1085,-6,-4
14119,14153.3,0.998,-1,2,2010,1082,-3,-3
14120,14154.3,0.999,-1,1,2010,1082,0,0
14121,14155.32,1.021,0,2,2007,1081,-3,-1
14122,14156.32,0.999,-1,1,2007,1082,0,1
14123,14157.3,0.983,0,2,2007,1082,0,0
14124,14158.32,1.018,-1,2,2007,1083,0,1
14125,14159.31,0.998,-1,1,2000,1078,-7,-5
14126,14160.3,0.984,0,2,1992,1073,-8,-5
14127,14161.3,0.998,-1,1,1992,1073,0,0
14128,14162.3,0.999,-1,2,1989,1070,-3,-3
14129,14163.3,1.0,0,1,1989,1071,0,1
14130,14164.32,1.022,-1,2,1989,1071,0,0
14131,14165.3,0.981,-1,2,1988,1073,-1,2
14132,14166.3,0.998,-1,1,1980,1069,-8,-4
14133,14167.3,0.999,0,2,1971,1064,-9,-5
14134,14168.3,1.0,-1,1,1971,1064,0,0
14135,14169.3,1.0,-1,2,1968,1063,-3,-1
14136,14170.3,1.0,0,1,1968,1063,0,0
14137,14171.3,1.0,-1,2,1968,1063,0,0
14138,14172.3,1.0,-1,1,1967,1064,-1,1
14139,14173.32,1.021,0,2,1958,1058,-9,-6
14140,14174.32,1.003,-1,1,1947,1054,-11,-4
14141,14175.31,0.994,-1,2,1947,1054,0,0
14142,14176.34,1.023,-1,2,1944,1052,-3,-2
14143,14177.3,0.962,0,1,1944,1052,0,0
14144,14178.3,0.998,-1,2,1943,1053,-1,1
14145,14179.3,1.0,-1,1,1934,1049,-9,-4
14146,14180.32,1.02,-1,2,1926,1045,-8,-4
14147,14181.3,0.985,0,1,1926,1045,0,0
14148,14182.3,0.996,-1,2,1923,1046,-3,1
14149,14183.3,0.999,-1,1,1923,1046,0,0
14150,14184.3,1.001,-1,2,1923,1046,0,0
14151,14185.3,0.999,-1,1,1923,1047,0,1
14152,14186.3,1.0,0,2,1914,1043,-9,-4
14153,14187.3,1.0,-1,1,1904,1040,-10,-3
14154,14188.33,1.034,-1,2,1904,1040,0,0
14155,14189.31,0.981,-1,1,1904,1041,0,1
14156,14190.31,1.002,-1,2,1901,1040,-3,-1
14157,14191.3,0.984,0,1,1901,1040,0,0
14158,14192.3,0.998,-1,2,1899,1041,-2,1
14159,14193.3,1.001,-1,1,1896,1040,-3,-1
14160,14194.3,0.999,-1,2,1883,1037,-13,-3
14161,14195.3,1.0,-1,1,1883,1037,0,0
14162,14196.3,1.0,0,2,1883,1037,0,0
14163,14197.32,1.021,-1,1,1881,1036,-2,-1
14164,14198.3,0.983,-1,2,1881,1036,0,0
14165,14199.3,0.997,-1,1,1880,1037,-1,1
14166,14200.3,0.999,-1,2,1869,1036,-11,-1
14167,14201.32,1.022,-1,1,1866,1036,-3,0
14168,14202.3,0.981,-1,2,1866,1036,0,0
14169,14203.3,0.998,0,1,1866,1036,0,0
14170,14204.34,1.044,-1,2,1865,1034,-1,-2
14171,14205.32,0.976,-1,1,1863,1035,-2,1
14172,14206.3,0.983,-1,2,1853,1035,-10,0
14173,14207.3,0.998,-1,1,1853,1035,0,0
14174,14208.3,0.999,-1,1,1851,1035,-2,0
14175,14209.3,1.0,-1,2,1844,1035,-7,0
14176,14210.3,1.0,-1,1,1844,1035,0,0
14177,14211.3,1.001,0,2,1836,1035,-8,0
14178,14212.3,0.999,-1,1,1836,1035,0,0
14179,14213.3,1.0,-1,2,1833,1037,-3,2
14180,14214.3,1.0,-1,1,1833,1037,0,0
14181,14215.3,1.0,-1,2,1827,1037,-6,0
14182,14216.3,1.0,-1,1,1826,1037,-1,0
14183,14217.3,1.001,-1,1,1826,1037,0,0
14184,14218.3,1.0,-1,2,1824,1037,-2,0
14185,14219.3,1.0,-1,1,1824,1037,0,0
14186,14220.32,1.021,-1,2,1818,1040,-6,3
14187,14221.3,0.983,-1,1,1818,1040,0,0
14188,14222.32,1.016,-1,1,1817,1041,-1,1
14189,14223.3,0.984,-1,2,1817,1041,0,0
14190,14224.3,0.997,-1,1,1812,1043,-5,2
14191,14225.3,1.001,-1,2,1812,1043,0,0
14192,14226.33,1.032,-1,1,1812,1043,0,0
14193,14227.31,0.981,-1,2,1811,1043,-1,0
14194,14228.33,1.016,-1,1,1811,1043,0,0
14195,14229.3,0.971,0,1,1811,1043,0,0
14196,14230.3,0.998,-1,2,1811,1043,0,0
14197,14231.3,1.0,-1,1,1809,1044,-2,1
14198,14232.3,1.0,-1,1,1809,1044,0,0
14199,14233.3,1.0,-1,2,1808,1046,-1,2
14200,14234.3,1.0,-1,1,1808,1046,0,0
14201,14235.31,1.019,-1,2,1808,1046,0,0
14202,14236.3,0.984,-1,1,1805,1047,-3,1
14203,14237.3,0.997,-2,1,1803,1049,-2,2
14204,14238.3,1.0,-1,2,1802,1050,-1,1
14205,14239.38,1.088,-1,1,1802,1050,0,0
14206,14240.32,0.941,-1,1,1797,1055,-5,5
14207,14241.31,0.987,-1,2,1797,1055,0,0
14208,14242.3,0.986,-1,1,1797,1055,0,0
14209,14243.3,0.998,-1,1,1793,1064,-4,9
14210,14244.3,0.999,-1,2,1791,1065,-2,1
14211,14245.3,1.0,-1,1,1790,1070,-1,5
14212,14246.3,1.0,-1,2,1788,1071,-2,1
14213,14247.32,1.023,-1,1,1788,1071,0,0
14214,14248.3,0.981,-1,1,1787,1077,-1,6
14215,14249.3,0.998,-1,1,1787,1077,0,0
14216,14250.3,0.999,-1,2,1787,1077,0,0
14217,14251.32,1.021,-1,1,1785,1079,-2,2
14218,14252.3,0.983,-1,1,1784,1088,-1,9
14219,14253.3,0.999,-1,2,1784,1091,0,3
14220,14254.3,0.998,-1,1,1784,1091,0,0
14221,14255.38,1.087,-2,1,1784,1091,0,0
14222,14256.32,0.936,-1,2,1784,1092,0,1
14223,14257.3,0.979,-1,1,1784,1092,0,0
14224,14258.3,0.998,-1,1,1782,1094,-2,2
14225,14259.3,1.0,-1,2,1781,1101,-1,7
14226,14260.3,0.999,-1,1,1781,1113,0,12
14227,14261.3,1.001,-1,1,1781,1113,0,0
14228,14262.3,0.999,-1,1,1781,1113,0,0
14229,14263.3,1.0,-1,2,1781,1118,0,5
14230,14264.32,1.021,-2,1,1781,1118,0,0
14231,14265.3,0.983,-1,1,1779,1119,-2,1
14232,14266.3,0.997,-1,2,1779,1131,0,12
14233,14267.3,1.0,-1,1,1779,1134,0,3
14234,14268.31,1.018,-1,1,1779,1134,0,0
14235,14269.3,0.985,-1,1,1779,1134,0,0
14236,14270.3,0.998,-1,2,1779,1139,0,5
14237,14271.3,0.999,-2,1,1778,1140,-1,1
14238,14272.32,1.021,-1,1,1778,1152,0,12
14239,14273.3,0.983,-1,1,1778,1152,0,0
14240,14274.3,0.997,-1,2,1779,1160,1,8
14241,14275.3,0.999,-1,1,1779,1161,0,1
14242,14276.3,1.002,-1,1,1779,1161,0,0
14243,14277.33,1.033,-2,1,1780,1170,1,9
14244,14278.35,1.022,-1,2,1779,1172,-1,2
14245,14279.3,0.948,-1,1,1782,1182,3,10
14246,14280.31,1.014,-1,1,1782,1185,0,3
14247,14281.32,1.004,-1,1,1782,1185,0,0
14248,14282.32,0.997,-2,1,1782,1185,0,0
14249,14283.3,0.983,-1,2,1786,1199,4,14
14250,14284.37,1.068,-1,1,1786,1199,0,0
14251,14285.3,0.933,-1,1,1785,1200,-1,1
14252,14286.3,0.998,-1,1,1789,1211,4,11
14253,14287.3,1.0,-2,1,1791,1214,2,3
14254,14288.32,1.021,-1,2,1791,1214,0,0
14255,14289.3,0.982,-1,1,1795,1223,4,9
14256,14290.31,1.016,-1,1,1795,1223,0,0
14257,14291.3,0.99,-2,1,1795,1223,0,0
14258,14292.3,0.992,-1,1,1794,1224,-1,1
14259,14293.3,1.0,-1,1,1798,1235,4,11
14260,14294.3,1.0,-1,2,1798,1236,0,1
14261,14295.3,1.0,-1,1,1798,1236,0,0
14262,14296.3,1.0,-2,1,1801,1239,3,3
14263,14297.32,1.02,-1,1,1801,1239,0,0
14264,14298.32,1.001,-1,1,1801,1239,0,0
14265,14299.3,0.981,-2,1,1800,1241,-1,2
14266,14300.31,1.015,-1,2,1806,1254,6,13
14267,14301.32,1.004,-1,1,1812,1262,6,8
14268,14302.3,0.982,-1,1,1812,1262,0,0
14269,14303.3,0.997,-2,1,1815,1266,3,4
14270,14304.3,1.0,-1,1,1815,1266,0,0
14271,14305.3,0.999,-1,1,1815,1266,0,0
14272,14306.3,1.001,-1,1,1814,1268,-1,2
14273,14307.29,0.999,-2,1,1819,1275,5,7
14274,14308.29,1.0,-1,1,1825,1283,6,8
14275,14309.3,1.003,-1,2,1825,1283,0,0
14276,14310.29,0.997,-2,1,1827,1287,2,4
14277,14311.29,1.0,-1,1,1836,1298,9,11
14278,14312.3,1.0,-1,1,1836,1298,0,0
14279,14313.29,1.0,-2,1,1842,1304,6,6
14280,14314.3,1.001,-1,1,1842,1304,0,0
14281,14315.29,0.999,-1,1,1845,1307,3,3
14282,14316.3,1.0,-2,1,1845,1307,0,0
14283,14317.3,1.0,-1,1,1849,1314,4,7
14284,14318.3,1.0,-1,1,1854,1319,5,5
14285,14319.3,1.0,-1,1,1854,1319,0,0
14286,14320.3,1.0,-2,1,1854,1323,0,4
14287,14321.3,1.0,-1,2,1854,1323,0,0
14288,14322.32,1.02,-2,1,1863,1328,9,5
14289,14323.31,0.997,-1,1,1863,1328,0,0
14290,14324.3,0.987,-1,1,1864,1328,1,0
14291,14325.3,0.998,-2,1,1864,1328,0,0
14292,14326.29,0.998,-1,1,1873,1334,9,6
14293,14327.3,1.001,-1,1,1875,1335,2,1
14294,14328.3,1.002,-2,1,1875,1335,0,0
14295,14329.41,1.113,-1,1,1878,1338,3,3
14296,14330.49,1.075,-1,1,1878,1338,0,0
14297,14331.3,0.817,-2,1,1885,1341,7,3
14298,14332.31,1.01,-1,1,1885,1341,0,0
14299,14333.3,0.985,-1,1,1888,1341,3,0
14300,14334.3,0.998,-2,1,1888,1341,0,0
14301,14335.3,0.999,-1,1,1896,1344,8,3
14302,14336.3,1.0,-2,1,1896,1346,0,2
14303,14337.3,1.0,-1,1,1896,1346,0,0
14304,14338.3,1.0,-1,1,1899,1346,3,0
14305,14339.32,1.022,-2,1,1899,1346,0,0
14306,14340.3,0.982,-1,1,1899,1346,0,0
14307,14341.33,1.029,-2,1,1898,1346,-1,0
14308,14342.31,0.983,-1,1,1898,1346,0,0
14309,14343.3,0.987,-1,1,1898,1346,0,0
14310,14344.3,0.998,-2,1,1905,1347,7,1
14311,14345.33,1.039,-1,1,1905,1347,0,0
14312,14346.3,0.964,-2,1,1908,1347,3,0
14313,14347.32,1.018,-1,0,1908,1347,0,0
14314,14348.3,0.981,-2,1,1908,1349,0,2
14315,14349.3,0.997,-1,1,1907,1349,-1,0
14316,14350.3,1.0,-1,1,1907,1349,0,0
14317,14351.3,1.0,-2,1,1907,1349,0,0
14318,14352.3,1.0,-1,1,1915,1349,8,0
14319,14353.3,1.0,-2,1,1915,1349,0,0
14320,14354.3,1.0,-1,1,1915,1349,0,0
14321,14355.3,1.0,-2,1,1917,1349,2,0
14322,14356.3,1.0,-1,1,1917,1349,0,0
14323,14357.3,1.0,-1,1,1917,1349,0,0
14324,14358.29,1.0,-2,1,1916,1350,-1,1
14325,14359.3,1.0,-1,0,1916,1350,0,0
14326,14360.3,1.0,-2,1,1932,1350,16,0
14327,14361.32,1.021,-1,1,1932,1350,0,0
14328,14362.3,0.983,-2,1,1932,1350,0,0
14329,14363.3,0.997,-1,1,1931,1350,-1,0
14330,14364.3,1.0,-2,1,1931,1350,0,0
14331,14365.3,1.002,-1,1,1932,1352,1,2
14332,14366.3,0.998,-2,1,1947,1346,15,-6
14333,14367.3,1.0,-1,0,1947,1346,0,0
14334,14368.3,1.0,-2,1,1947,1346,0,0
14335,14369.3,1.0,-1,1,1953,1342,6,-4
14336,14370.3,1.0,-2,1,1952,1342,-1,0
14337,14371.3,1.0,-1,1,1952,1342,0,0
14338,14372.34,1.04,-2,1,1950,1343,-2,1
14339,14373.3,0.963,-1,0,1959,1334,9,-9
14340,14374.3,0.999,-1,1,1968,1324,9,-10
14341,14375.3,0.998,-2,1,1968,1324,0,0
14342,14376.3,1.0,-1,1,1968,1324,0,0
14343,14377.32,1.022,-2,1,1968,1324,0,0
14344,14378.3,0.982,-2,0,1967,1325,-1,1
14345,14379.35,1.056,-1,1,1971,1316,4,-9
14346,14380.43,1.077,-2,1,1975,1309,4,-7
14347,14381.32,0.885,-1,1,1975,1309,0,0
14348,14382.3,0.982,-2,1,1975,1306,0,-3
14349,14383.3,0.998,-1,0,1975,1306,0,0
14350,14384.3,0.999,-2,1,1975,1306,0,0
14351,14385.3,1.0,-1,1,1974,1307,-1,1
14352,14386.3,1.0,-2,1,1980,1295,6,-12
14353,14387.3,1.0,-1,0,1983,1286,3,-9
14354,14388.3,1.0,-2,1,1983,1286,0,0
14355,14389.3,1.0,-1,1,1983,1283,0,-3
14356,14390.3,1.0,-2,1,1983,1283,0,0
14357,14391.3,1.0,-1,0,1983,1283,0,0
14358,14392.3,1.001,-2,1,1982,1284,-1,1
14359,14393.33,1.033,-1,1,1983,1279,1,-5
14360,14394.3,0.968,-2,1,1986,1261,3,-18
14361,14395.3,0.998,-1,0,1986,1261,0,0
14362,14396.3,1.0,-2,1,1986,1261,0,0
14363,14397.32,1.022,-2,1,1987,1258,1,-3
14364,14398.3,0.982,-1,0,1987,1258,0,0
14365,14399.3,0.998,-2,1,1986,1258,-1,0
14366,14400.3,0.999,-1,1,1986,1252,0,-6
14367,14401.3,1.0,-2,0,1987,1234,1,-18
14368,14402.3,1.0,-1,1,1987,1234,0,0
14369,14403.3,1.0,-2,1,1987,1234,0,0
14370,14404.3,1.0,-1,1,1986,1229,-1,-5
14371,14405.3,1.0,-2,0,1986,1229,0,0
14372,14406.29,1.0,-2,1,1985,1230,-1,1
14373,14407.29,1.0,-1,1,1986,1211,1,-19
14374,14408.32,1.026,-2,0,1986,1210,0,-1
14375,14409.3,0.978,-1,1,1986,1210,0,0
14376,14410.3,0.997,-2,0,1986,1210,0,0
14377,14411.3,0.999,-1,1,1986,1207,0,-3
14378,14412.3,1.0,-2,1,1985,1208,-1,1
14379,14413.3,1.0,-2,0,1983,1187,-2,-21
14380,14414.32,1.022,-1,1,1983,1187,0,0
14381,14415.3,0.981,-2,1,1983,1184,0,-3
14382,14416.3,0.997,-1,0,1983,1184,0,0
14383,14417.3,1.0,-2,1,1983,1184,0,0
14384,14418.3,1.0,-2,0,1982,1172,-1,-12
14385,14419.3,1.0,-1,1,1980,1173,-2,1
14386,14420.3,1.0,-2,1,1979,1162,-1,-11
14387,14421.3,1.0,-1,0,1977,1157,-2,-5
14388,14422.3,1.0,-2,1,1977,1157,0,0
14389,14423.3,1.0,-2,0,1974,1147,-3,-10
14390,14424.32,1.02,-1,1,1974,1147,0,0
14391,14425.3,0.984,-2,1,1974,1147,0,0
14392,14426.3,0.997,-1,0,1973,1148,-1,1
14393,14427.31,1.016,-2,1,1970,1136,-3,-12
14394,14428.3,0.986,-2,0,1968,1132,-2,-4
14395,14429.3,0.998,-1,1,1968,1132,0,0
14396,14430.37,1.073,-2,0,1967,1132,-1,0
14397,14431.31,0.942,-1,1,1965,1129,-2,-3
14398,14432.31,0.995,-2,0,1965,1129,0,0
14399,14433.3,0.99,-2,1,1964,1130,-1,1
14400,14434.36,1.063,-1,0,1961,1120,-3,-10
14401,14435.3,0.94,-2,1,1953,1103,-8,-17
14402,14436.3,0.997,-2,0,1953,1103,0,0
14403,14437.3,0.999,-1,1,1952,1103,-1,0
14404,14438.29,1.0,-2,0,1950,1102,-2,-1
14405,14439.32,1.022,-1,1,1950,1102,0,0
14406,14440.32,0.998,-2,0,1949,1103,-1,1
14407,14441.3,0.984,-2,1,1941,1088,-8,-15
14408,14442.3,0.997,-1,0,1940,1085,-1,-3
14409,14443.34,1.04,-2,1,1940,1085,0,0
14410,14444.31,0.976,-2,0,1940,1085,0,0
14411,14445.32,1.004,-1,1,1937,1081,-3,-4
14412,14446.3,0.982,-2,0,1937,1081,0,0
14413,14447.32,1.019,-2,1,1935,1081,-2,0
14414,14448.3,0.982,-1,0,1928,1069,-7,-12
14415,14449.3,0.996,-2,1,1926,1066,-2,-3
14416,14450.3,0.999,-1,0,1926,1066,0,0
14417,14451.32,1.022,-2,1,1926,1066,0,0
14418,14452.3,0.984,-2,0,1917,1057,-9,-9
14419,14453.31,1.011,-1,0,1916,1058,-1,1
14420,14454.33,1.016,-2,1,1910,1052,-6,-6
14421,14455.32,0.99,-2,0,1907,1049,-3,-3
14422,14456.3,0.981,-1,1,1907,1049,0,0
14423,14457.3,0.998,-2,0,1899,1042,-8,-7
14424,14458.3,1.0,-2,0,1899,1042,0,0
14425,14463.7,5.401,-1,1,1884,1031,-15,-11
14426,14464.45,0.748,-2,0,1884,1031,0,0
14427,14465.83,1.386,-2,1,1883,1030,-1,-1
14428,14466.83,0.997,-1,0,1881,1031,-2,1
14429,14468.17,1.345,-2,0,1874,1025,-7,-6
14430,14468.87,0.697,-2,1,1865,1021,-9,-4
14431,14469.85,0.977,-1,0,1865,1021,0,0
14432,14470.83,0.982,-2,0,1865,1021,0,0
14433,14471.85,1.022,-2,1,1862,1019,-3,-2
14434,14472.85,0.994,-1,0,1862,1019,0,0
14435,14473.83,0.985,-2,1,1860,1020,-2,1
14436,14474.84,1.014,-2,0,1850,1015,-10,-5
14437,14475.83,0.987,-1,0,1847,1015,-3,0
14438,14476.85,1.014,-2,1,1845,1013,-2,-2
14439,14477.84,1.0,-2,0,1844,1013,-1,0
14440,14478.84,0.992,-1,0,1833,1012,-11,-1
14441,14479.83,0.993,-2,0,1833,1012,0,0
14442,14480.85,1.017,-2,1,1832,1012,-1,0
14443,14481.92,1.075,-1,0,1830,1010,-2,-2
14444,14482.84,0.92,-2,0,1827,1010,-3,0
14445,14483.83,0.989,-2,1,1827,1010,0,0
14446,14484.83,0.997,-1,0,1827,1010,0,0
14447,14485.83,0.999,-2,0,1826,1010,-1,0
14448,14486.84,1.016,-2,1,1824,1010,-2,0
14449,14487.84,1.0,-1,0,1818,1010,-6,0
14450,14488.83,0.989,-2,0,1815,1010,-3,0
14451,14489.85,1.018,-2,0,1815,1010,0,0
14452,14490.83,0.98,-2,1,1815,1010,0,0
14453,14491.83,0.998,-1,0,1815,1010,0,0
14454,14492.83,1.0,-2,0,1811,1010,-4,0
14455,14493.87,1.043,-2,0,1809,1010,-2,0
14456,14494.83,0.961,-1,1,1805,1011,-4,1
14457,14495.85,1.013,-2,0,1803,1011,-2,0
14458,14496.83,0.988,-2,0,1803,1011,0,0
14459,14497.83,0.994,-1,0,1802,1011,-1,0
14460,14498.83,1.0,-2,0,1797,1014,-5,3
14461,14499.83,1.001,-2,1,1797,1014,0,0
14462,14500.83,0.999,-1,0,1796,1014,-1,0
14463,14501.84,1.015,-2,0,1791,1017,-5,3
14464,14502.83,0.99,-2,0,1790,1019,-1,2
14465,14503.83,0.997,-2,0,1788,1020,-2,1
14466,14504.83,1.0,-1,1,1787,1020,-1,0
14467,14505.85,1.018,-2,0,1781,1025,-6,5
14468,14506.83,0.986,-2,0,1781,1025,0,0
14469,14507.83,0.996,-1,0,1779,1025,-2,0
14470,14508.84,1.016,-2,0,1778,1026,-1,1
14471,14509.83,0.989,-2,0,1776,1028,-2,2
14472,14510.83,0.996,-1,1,1775,1031,-1,3
14473,14511.83,0.999,-2,0,1773,1031,-2,0
14474,14512.83,1.0,-2,0,1767,1038,-6,7
14475,14513.85,1.021,-1,0,1767,1038,0,0
14476,14514.83,0.979,-2,0,1766,1038,-1,0
14477,14515.83,1.0,-2,0,1764,1041,-2,3
14478,14516.83,0.999,-2,0,1763,1043,-1,2
14479,14517.83,1.0,-1,0,1761,1047,-2,4
14480,14518.85,1.02,-2,1,1760,1047,-1,0
14481,14519.85,0.999,-2,0,1754,1058,-6,11
14482,14520.83,0.985,-1,0,1754,1058,0,0
14483,14521.83,0.996,-2,0,1752,1058,-2,0
14484,14522.83,1.001,-2,0,1752,1059,0,1
14485,14523.83,1.001,-1,0,1751,1062,-1,3
14486,14524.83,0.999,-2,0,1749,1065,-2,3
14487,14525.83,1.001,-2,0,1748,1065,-1,0
14488,14526.84,1.015,-2,0,1743,1076,-5,11
14489,14527.84,1.0,-1,0,1743,1076,0,0
14490,14528.83,0.985,-2,0,1742,1076,-1,0
14491,14529.83,0.999,-2,0,1742,1079,0,3
14492,14530.83,1.001,-1,0,1740,1083,-2,4
14493,14531.9,1.067,-2,0,1739,1088,-1,5
14494,14532.84,0.948,-2,0,1739,1088,0,0
14495,14533.83,0.985,-2,0,1736,1100,-3,12
14496,14534.85,1.016,-1,0,1736,1100,0,0
14497,14535.85,1.003,-2,0,1734,1100,-2,0
14498,14536.83,0.984,-2,0,1734,1103,0,3
14499,14537.83,0.996,-1,0,1733,1107,-1,4
14500,14538.83,1.001,-2,0,1733,1107,0,0
14501,14539.83,0.999,-2,0,1733,1107,0,0
14502,14540.83,0.999,-1,0,1733,1109,0,2
14503,14541.83,1.0,-2,0,1731,1109,-2,0
14504,14542.83,1.0,-2,0,1730,1122,-1,13
14505,14543.86,1.031,-2,0,1730,1122,0,0
14506,14544.83,0.97,-1,0,1730,1127,0,5
14507,14545.83,1.0,-2,0,1730,1127,0,0
14508,14546.85,1.021,-2,0,1730,1127,0,0
14509,14547.83,0.982,-1,0,1730,1137,0,10
14510,14548.84,1.012,-2,0,1728,1137,-2,0
14511,14549.83,0.987,-2,0,1728,1151,0,14
14512,14550.85,1.018,-1,0,1728,1154,0,3
14513,14551.83,0.983,-2,0,1728,1154,0,0
14514,14552.83,0.996,-2,0,1727,1154,-1,0
14515,14553.84,1.016,-2,0,1727,1164,0,10
14516,14554.83,0.987,-1,-1,1727,1164,0,0
14517,14555.85,1.016,-2,0,1725,1164,-2,0
14518,14556.83,0.984,-2,0,1726,1173,1,9
14519,14557.83,0.997,-1,0,1728,1176,2,3
14520,14558.83,1.0,-2,0,1728,1176,0,0
14521,14559.83,0.999,-2,0,1728,1176,0,0
14522,14560.83,1.0,-1,0,1731,1188,3,12
14523,14561.83,1.001,-2,-1,1731,1188,0,0
14524,14562.83,0.999,-2,0,1730,1188,-1,0
14525,14563.83,1.001,-2,0,1732,1199,2,11
14526,14564.83,0.999,-1,0,1734,1202,2,3
14527,14565.83,1.001,-2,0,1734,1202,0,0
14528,14566.83,1.0,-2,-1,1734,1202,0,0
14529,14567.83,0.999,-1,0,1735,1205,1,3
14530,14568.83,1.0,-2,0,1734,1205,-1,0
14531,14569.83,1.001,-2,-1,1740,1217,6,12
14532,14570.83,1.0,-1,0,1741,1220,1,3
14533,14571.83,1.0,-2,0,1741,1220,0,0
14534,14572.83,0.999,-2,0,1741,1220,0,0
14535,14573.83,1.0,-1,-1,1741,1220,0,0
14536,14574.83,1.0,-2,0,1743,1226,2,6
14537,14575.83,1.0,-2,0,1742,1226,-1,0
14538,14576.87,1.038,-1,-1,1749,1236,7,10
14539,14577.84,0.978,-2,0,1750,1238,1,2
14540,14578.83,0.987,-2,-1,1750,1238,0,0
14541,14579.83,0.997,-1,0,1750,1238,0,0
14542,14580.85,1.017,-2,0,1756,1245,6,7
14543,14581.84,0.999,-2,-1,1756,1245,0,0
14544,14582.91,1.063,-1,0,1755,1245,-1,0
14545,14583.83,0.924,-2,-1,1762,1253,7,8
14546,14584.83,0.998,-2,0,1762,1253,0,0
14547,14585.83,0.999,-1,-1,1762,1254,0,1
14548,14586.83,1.001,-2,0,1762,1254,0,0
14549,14587.83,0.999,-1,-1,1762,1254,0,0
14550,14588.88,1.056,-2,0,1761,1254,-1,0
14551,14589.83,0.945,-2,-1,1764,1257,3,3
14552,14590.84,1.016,-1,0,1777,1269,13,12
14553,14591.83,0.989,-2,-1,1777,1269,0,0
14554,14592.83,0.995,-2,-1,1780,1271,3,2
14555,14593.86,1.028,-1,0,1780,1271,0,0
14556,14594.84,0.986,-2,-1,1780,1271,0,0
14557,14595.83,0.987,-1,0,1779,1271,-1,0
14558,14596.84,1.014,-2,-1,1789,1278,10,7
14559,14597.84,0.994,-2,-1,1797,1281,8,3
14560,14598.85,1.009,-1,0,1797,1281,0,0
14561,14599.83,0.984,-2,-1,1803,1284,6,3
14562,14600.85,1.016,-1,-1,1803,1284,0,0
14563,14601.83,0.985,-2,-1,1803,1284,0,0
14564,14602.83,0.997,-1,0,1802,1284,-1,0
14565,14603.83,1.0,-2,-1,1804,1286,2,2
14566,14604.83,0.999,-1,-1,1818,1293,14,7
14567,14605.83,1.0,-2,-1,1818,1293,0,0
14568,14606.83,0.999,-2,0,1817,1293,-1,0
14569,14607.83,1.001,-1,-1,1819,1293,2,0
14570,14608.83,1.001,-2,-1,1819,1293,0,0
14571,14609.83,0.998,-1,-1,1818,1292,-1,-1
14572,14610.83,1.0,-2,-1,1821,1293,3,1
14573,14611.83,1.001,-1,-1,1837,1299,16,6
14574,14612.83,0.999,-2,-1,1839,1299,2,0
14575,14613.83,1.0,-1,0,1839,1299,0,0
14576,14614.86,1.03,-2,-1,1849,1302,10,3
14577,14615.84,0.987,-1,-1,1849,1302,0,0
14578,14616.83,0.985,-2,-1,1848,1301,-1,-1
14579,14617.85,1.024,-1,-1,1851,1301,3,0
14580,14618.83,0.98,-1,-1,1851,1301,0,0
14581,14619.83,0.995,-2,-1,1852,1301,1,0
14582,14620.84,1.015,-1,-1,1852,1301,0,0
14583,14621.83,0.987,-2,-1,1852,1301,0,0
14584,14622.85,1.016,-1,-1,1851,1300,-1,-1
14585,14623.83,0.985,-2,-1,1858,1301,7,1
14586,14624.83,0.998,-1,-2,1873,1302,15,1
14587,14625.84,1.012,-1,-1,1873,1302,0,0
14588,14626.83,0.988,-2,-1,1876,1302,3,0
14589,14627.84,1.015,-1,-1,1876,1302,0,0
14590,14628.83,0.986,-1,-1,1876,1302,0,0
14591,14629.83,0.999,-2,-1,1875,1301,-1,-1
14592,14630.85,1.018,-1,-1,1885,1302,10,1
14593,14631.83,0.986,-1,-2,1894,1302,9,0
14594,14632.83,0.998,-2,-1,1894,1302,0,0
14595,14633.89,1.064,-1,-1,1899,1301,5,-1
14596,14634.84,0.94,-1,-1,1899,1301,0,0
14597,14635.83,0.995,-2,-1,1899,1301,0,0
14598,14636.83,0.998,-1,-2,1898,1300,-1,-1
14599,14637.84,1.016,-1,-1,1905,1300,7,0
14600,14638.83,0.988,-2,-1,1912,1298,7,-2
14601,14639.83,0.997,-1,-2,1912,1298,0,0
14602,14640.83,0.999,-1,-1,1912,1298,0,0
14603,14641.83,1.0,-1,-1,1915,1297,3,-1
14604,14642.83,1.001,-1,-2,1915,1297,0,0
14605,14643.86,1.034,-2,-1,1914,1295,-1,-2
14606,14644.84,0.981,-1,-1,1917,1295,3,0
14607,14645.85,1.004,-1,-2,1929,1294,12,-1
14608,14646.85,1.0,-1,-1,1929,1294,0,0
14609,14647.83,0.984,-1,-2,1929,1294,0,0
14610,14648.83,0.997,-2,-1,1929,1294,0,0
14611,14649.83,1.0,-1,-1,1929,1294,0,0
14612,14650.83,0.999,-1,-2,1928,1292,-1,-2
14613,14651.84,1.017,-1,-1,1936,1289,8,-3
14614,14652.84,1.0,-1,-2,1939,1289,3,0
14615,14653.84,1.0,-1,-1,1941,1289,2,0
14616,14654.83,0.987,-1,-2,1941,1289,0,0
14617,14655.83,0.996,-1,-2,1950,1285,9,-4
14618,14656.87,1.045,-1,-1,1950,1285,0,0
14619,14657.83,0.959,-1,-2,1949,1283,-1,-2
14620,14658.84,1.013,-1,-1,1951,1283,2,0
14621,14659.83,0.991,-1,-2,1953,1282,2,-1
14622,14660.83,0.994,-1,-1,1953,1280,0,-2
14623,14661.85,1.019,-1,-2,1953,1280,0,0
14624,14662.83,0.982,-1,-2,1954,1280,1,0
14625,14663.85,1.017,-1,-1,1953,1279,-1,-1
14626,14664.84,0.997,-1,-2,1960,1276,7,-3
14627,14665.83,0.988,-1,-2,1960,1276,0,0
14628,14666.83,0.996,-1,-1,1962,1276,2,0
14629,14667.83,1.001,-1,-2,1962,1276,0,0
14630,14668.83,0.999,-1,-2,1962,1276,0,0
14631,14669.83,1.0,-1,-2,1966,1271,4,-5
14632,14670.84,1.017,-1,-1,1965,1270,-1,-1
14633,14671.84,0.996,-1,-2,1969,1268,4,-2
14634,14672.85,1.008,-1,-2,1971,1267,2,-1
14635,14673.83,0.984,0,-2,1971,1267,0,0
14636,14674.83,0.996,-1,-1,1971,1265,0,-2
14637,14675.83,1.002,-1,-2,1971,1265,0,0
14638,14676.83,1.004,-1,-2,1975,1264,4,-1
14639,14677.83,0.995,-1,-2,1974,1262,-1,-2
14640,14678.83,0.999,0,-2,1977,1259,3,-3
14641,14679.84,1.016,-1,-1,1978,1259,1,0
14642,14680.83,0.987,-1,-2,1978,1259,0,0
14643,14681.83,0.996,0,-2,1978,1258,0,-1
14644,14682.83,1.0,-1,-2,1983,1255,5,-3
14645,14683.83,1.0,-1,-2,1983,1255,0,0
14646,14684.91,1.077,-1,-2,1982,1253,-1,-2
14647,14685.84,0.937,0,-2,1984,1250,2,-3
14648,14686.84,0.997,-1,-2,1986,1250,2,0
14649,14687.83,0.99,0,-1,1987,1249,1,-1
14650,14688.84,1.014,-1,-2,1987,1249,0,0
14651,14689.83,0.986,-1,-2,1992,1246,5,-3
14652,14690.85,1.018,0,-2,1992,1246,0,0
14653,14691.83,0.982,-1,-2,1991,1244,-1,-2
14654,14692.83,1.0,0,-2,1992,1243,1,-1
14655,14693.83,0.998,-1,-2,1992,1241,0,-2
14656,14694.88,1.052,0,-2,1992,1240,0,-1
14657,14695.84,0.962,-1,-2,1992,1240,0,0
14658,14696.83,0.988,0,-2,1993,1240,1,0
14659,14697.83,0.999,-1,-2,1992,1238,-1,-2
14660,14698.83,1.002,0,-2,1993,1235,1,-3
14661,14699.83,0.999,-1,-2,1993,1235,0,0
14662,14700.83,0.998,0,-2,1995,1235,2,0
14663,14701.83,1.0,-1,-2,1995,1234,0,-1
14664,14702.83,1.001,0,-2,1995,1234,0,0
14665,14703.83,0.999,0,-2,1996,1231,1,-3
14666,14704.83,1.001,-1,-3,1995,1229,-1,-2
14667,14705.85,1.019,0,-2,1996,1228,1,-1
14668,14706.83,0.985,0,-2,1998,1226,2,-2
14669,14707.84,1.011,-1,-2,1998,1226,0,0
14670,14708.85,1.005,0,-2,1998,1225,0,-1
14671,14709.85,0.997,0,-2,1998,1223,0,-2
14672,14710.83,0.988,-1,-2,1998,1223,0,0
14673,14711.83,0.996,0,-2,1997,1222,-1,-1
14674,14712.83,1.002,0,-2,1998,1222,1,0
14675,14713.85,1.016,0,-2,1998,1220,0,-2
14676,14714.85,1.0,-1,-2,1998,1220,0,0
14677,14715.83,0.984,0,-3,1998,1219,0,-1
14678,14716.84,1.014,0,-2,1998,1219,0,0
14679,14717.83,0.988,0,-2,1998,1219,0,0
14680,14718.83,0.997,0,-2,1998,1217,0,-2
14681,14719.84,1.016,0,-2,1998,1217,0,0
14682,14720.83,0.986,0,-2,1998,1217,0,0
14683,14721.84,1.009,-1,-3,1998,1216,0,-1
14684,14722.85,1.007,0,-2,1998,1216,0,0
14685,14723.83,0.984,0,-2,1998,1216,0,0
14686,14724.83,0.998,0,-2,1997,1214,-1,-2
14687,14725.84,1.017,0,-2,1997,1214,0,0
14688,14726.83,0.989,0,-2,1997,1214,0,0
14689,14727.83,0.995,0,-3,1997,1213,0,-1
14690,14728.83,1.0,0,-2,1997,1213,0,0
14691,14729.83,0.999,0,-2,1997,1213,0,0
14692,14730.83,1.001,0,-2,1997,1211,0,-2
14693,14731.84,1.015,0,-2,1997,1211,0,0
14694,14732.83,0.986,0,-2,1997,1211,0,0
14695,14733.83,0.998,0,-3,1997,1211,0,0
14696,14734.83,0.999,1,-2,1997,1210,0,-1
14697,14735.88,1.053,0,-2,1997,1210,0,0
14698,14736.83,0.949,0,-2,1997,1210,0,0
14699,14737.83,0.998,0,-2,1997,1208,0,-2
14700,14738.93,1.105,0,-3,1997,1208,0,0
14701,14739.85,0.917,0,-2,1997,1208,0,0
14702,14740.83,0.982,1,-2,1997,1208,0,0
14703,14741.83,0.997,0,-2,1997,1207,0,-1
14704,14742.84,1.017,0,-2,1997,1207,0,0
14705,14743.83,0.985,0,-3,1997,1205,0,-2
14706,14744.83,0.999,0,-2,1997,1205,0,0
14707,14745.83,1.0,1,-2,1997,1205,0,0
14708,14746.87,1.039,0,-2,1997,1204,0,-1
14709,14747.84,0.975,0,-2,1997,1202,0,-2
14710,14748.84,1.001,1,-3,1997,1202,0,0
14711,14749.83,0.985,0,-2,1997,1201,0,-1
14712,14750.83,0.999,0,-2,1997,1201,0,0
14713,14751.83,0.999,1,-2,1997,1201,0,0
14714,14752.83,1.0,0,-2,1997,1201,0,0
14715,14753.83,0.999,1,-3,1997,1199,0,-2
14716,14754.83,1.001,0,-2,1997,1199,0,0
14717,14755.85,1.02,0,-2,1997,1198,0,-1
14718,14756.83,0.983,1,-2,1997,1198,0,0
14719,14757.83,0.996,0,-2,1997,1198,0,0
14720,14758.83,0.999,1,-3,1997,1198,0,0
14721,14759.83,1.0,0,-2,1997,1198,0,0
14722,14760.83,1.0,1,-2,1997,1196,0,-2
14723,14761.84,1.017,0,-2,1997,1195,0,-1
14724,14762.84,1.0,1,-2,1997,1195,0,0
14725,14763.85,1.003,0,-3,1997,1195,0,0
14726,14764.83,0.987,1,-2,1997,1195,0,0
14727,14765.83,0.995,0,-2,1997,1195,0,0
14728,14766.83,0.999,1,-2,1997,1193,0,-2
14729,14767.83,1.004,0,-2,1998,1192,1,-1
14730,14768.84,1.013,1,-2,1998,1192,0,0
14731,14769.83,0.986,1,-2,1998,1192,0,0
14732,14770.84,1.014,0,-3,1998,1192,0,0
14733,14771.83,0.986,1,-2,1998,1192,0,0
14734,14772.83,0.998,1,-2,1998,1190,0,-2
14735,14773.83,1.001,0,-2,1999,1189,1,-1
14736,14774.83,0.999,1,-2,1999,1189,0,0
14737,14775.83,1.0,1,-2,1999,1189,0,0
14738,14776.83,0.999,0,-2,1999,1189,0,0
14739,14777.83,1.0,1,-2,1999,1189,0,0
14740,14778.83,1.0,1,-3,1999,1187,0,-2
14741,14779.83,1.0,1,-2,2001,1186,2,-1
14742,14780.83,1.001,0,-2,2001,1186,0,0
14743,14781.83,0.998,1,-2,2001,1186,0,0
14744,14782.83,1.001,1,-2,2001,1186,0,0
14745,14783.83,1.0,1,-2,2001,1186,0,0
14746,14784.83,1.001,0,-2,2001,1184,0,-2
14747,14785.83,1.0,1,-2,2002,1183,1,-1
14748,14786.91,1.082,1,-2,2002,1183,0,0
14749,14787.83,0.921,1,-2,2002,1183,0,0
14750,14788.85,1.016,1,-2,2002,1183,0,0
14751,14789.83,0.983,1,-2,2002,1183,0,0
14752,14790.83,0.998,0,-2,2002,1181,0,-2
14753,14791.83,1.0,1,-2,2004,1180,2,-1
14754,14792.84,1.016,1,-2,2004,1180,0,0
14755,14793.83,0.986,1,-2,2004,1180,0,0
14756,14794.83,0.998,1,-2,2004,1180,0,0
14757,14795.83,0.999,1,-2,2004,1180,0,0
14758,14796.83,1.002,1,-2,2004,1178,0,-2
14759,14797.84,1.014,1,-2,2005,1177,1,-1
14760,14798.84,1.001,1,-2,2005,1177,0,0
14761,14799.83,0.986,1,-2,2005,1177,0,0
14762,14800.83,0.997,1,-2,2005,1177,0,0
14763,14801.87,1.04,1,-2,2005,1177,0,0
14764,14802.83,0.962,1,-2,2005,1175,0,-2
14765,14803.84,1.014,1,-2,2007,1174,2,-1
14766,14804.84,1.0,1,-2,2007,1174,0,0
14767,14805.83,0.986,1,-2,2007,1174,0,0
14768,14806.83,0.998,1,-2,2007,1174,0,0
14769,14807.83,1.0,1,-1,2007,1174,0,0
14770,14808.83,1.0,1,-2,2007,1172,0,-2
14771,14809.84,1.016,1,-2,2008,1171,1,-1
14772,14810.84,1.0,1,-2,2008,1171,0,0
14773,14811.83,0.986,1,-2,2008,1171,0,0
14774,14812.83,0.998,1,-2,2008,1171,0,0
14775,14813.84,1.012,1,-1,2008,1171,0,0
14776,14814.83,0.989,1,-2,2008,1169,0,-2
14777,14815.83,1.0,1,-2,2010,1168,2,-1
14778,14816.83,0.999,1,-2,2010,1168,0,0
14779,14817.85,1.017,1,-2,2010,1168,0,0
14780,14818.83,0.986,1,-1,2010,1168,0,0
14781,14819.83,0.996,1,-2,2010,1168,0,0
14782,14820.83,1.0,2,-2,2010,1166,0,-2
14783,14821.89,1.063,1,-2,2010,1166,0,0
14784,14822.83,0.943,1,-1,2011,1165,1,-1
14785,14823.84,1.011,1,-2,2011,1165,0,0
14786,14824.83,0.986,1,-2,2011,1165,0,0
14787,14825.83,0.997,1,-1,2011,1165,0,0
14788,14826.83,0.999,1,-2,2011,1163,0,-2
14789,14827.83,1.002,2,-2,2011,1163,0,0
14790,14828.83,0.998,1,-1,2013,1162,2,-1
14791,14829.83,1.001,1,-2,2013,1162,0,0
14792,14830.85,1.018,1,-2,2013,1162,0,0
14793,14831.83,0.985,1,-1,2013,1162,0,0
14794,14832.83,0.997,1,-2,2013,1160,0,-2
14795,14833.84,1.016,2,-2,2013,1160,0,0
14796,14834.83,0.986,1,-1,2014,1159,1,-1
14797,14835.85,1.014,1,-2,2014,1159,0,0
14798,14836.83,0.986,1,-1,2014,1159,0,0
14799,14837.88,1.051,1,-2,2014,1159,0,0
14800,14838.85,0.965,2,-1,2014,1157,0,-2
14801,14839.84,0.998,1,-2,2014,1157,0,0
14802,14840.83,0.986,1,-1,2016,1156,2,-1
14803,14841.83,0.999,1,-2,2016,1156,0,0
14804,14842.83,0.999,1,-1,2016,1156,0,0
14805,14843.83,1.0,2,-2,2016,1156,0,0
14806,14844.83,1.0,1,-1,2016,1156,0,0
14807,14845.83,1.0,1,-2,2016,1156,0,0
14808,14846.89,1.06,1,-1,2017,1154,1,-2
14809,14847.86,0.974,1,-2,2017,1154,0,0
14810,14848.84,0.981,2,-1,2017,1154,0,0
14811,14849.83,0.987,1,-1,2017,1154,0,0
14812,14850.83,0.998,1,-2,2017,1153,0,-1
14813,14851.83,1.0,1,-1,2017,1153,0,0
14814,14852.83,0.999,2,-1,2019,1151,2,-2
14815,14853.83,1.001,1,-2,2019,1151,0,0
14816,14854.83,0.999,1,-1,2019,1151,0,0
14817,14855.83,1.0,1,-1,2019,1151,0,0
14818,14856.83,0.999,1,-2,2019,1151,0,0
14819,14857.83,1.0,2,-1,2019,1150,0,-1
14820,14858.83,1.001,1,-1,2020,1148,1,-2
14821,14859.84,1.017,1,-2,2020,1148,0,0
14822,14860.83,0.987,1,-1,2020,1148,0,0
14823,14861.83,0.997,2,-1,2020,1148,0,0
14824,14862.83,0.999,1,-1,2020,1148,0,0
14825,14863.85,1.02,1,-2,2020,1147,0,-1
14826,14864.85,0.998,1,-1,2022,1145,2,-2
14827,14865.83,0.986,2,-1,2022,1145,0,0
14828,14866.83,0.996,1,-1,2022,1145,0,0
14829,14867.85,1.022,1,-1,2022,1145,0,0
14830,14868.83,0.981,1,-1,2022,1145,0,0
14831,14869.83,0.997,1,-2,2022,1144,0,-1
14832,14870.84,1.017,2,-1,2023,1142,1,-2
14833,14871.91,1.07,1,-1,2023,1142,0,0
14834,14872.83,0.918,1,-1,2023,1142,0,0
14835,14873.83,0.996,1,-1,2023,1142,0,0
14836,14874.83,0.999,1,-1,2023,1142,0,0
14837,14875.83,1.0,2,-1,2025,1142,2,0
14838,14876.84,1.016,1,-1,2026,1141,1,-1
14839,14877.83,0.988,1,-1,2026,1141,0,0
14840,14878.83,0.998,1,-1,2026,1141,0,0
14841,14879.83,0.999,1,-1,2026,1141,0,0
14842,14880.85,1.019,2,-1,2026,1141,0,0
14843,14881.83,0.985,1,-1,2026,1141,0,0
14844,14882.83,0.996,1,-1,2028,1139,2,-2
14845,14883.84,1.015,1,-1,2028,1139,0,0
14846,14884.83,0.986,1,-1,2028,1139,0,0
14847,14885.83,0.999,2,-1,2028,1139,0,0
14848,14886.83,1.0,1,-1,2028,1139,0,0
14849,14887.83,1.0,1,-1,2028,1139,0,0
14850,14888.95,1.122,1,-1,2029,1138,1,-1
14851,14889.85,0.897,1,-1,2029,1138,0,0
14852,14890.83,0.984,1,-1,2029,1138,0,0
14853,14891.83,0.998,1,0,2029,1138,0,0
14854,14892.83,0.999,2,-1,2029,1138,0,0
14855,14893.83,1.0,1,-1,2029,1138,0,0
14856,14894.87,1.04,1,-1,2031,1136,2,-2
14857,14895.85,0.981,1,-1,2031,1136,0,0
14858,14896.83,0.982,1,0,2031,1136,0,0
14859,14897.83,1.0,1,-1,2031,1136,0,0
14860,14898.87,1.037,1,-1,2031,1136,0,0
14861,14899.84,0.977,1,-1,2031,1136,0,0
14862,14900.83,0.987,1,-1,2032,1135,1,-1
14863,14901.83,1.0,1,0,2032,1135,0,0
14864,14902.83,0.997,1,-1,2032,1135,0,0
14865,14903.83,0.999,2,-1,2032,1135,0,0
14866,14904.83,1.0,1,0,2032,1135,0,0
14867,14905.86,1.03,1,-1,2032,1135,0,0
14868,14906.85,0.989,1,-1,2034,1135,2,0
14869,14907.83,0.984,1,0,2034,1135,0,0
14870,14908.83,0.998,1,-1,2034,1135,0,0
14871,14909.83,1.001,1,-1,2034,1135,0,0
14872,14910.85,1.02,1,0,2034,1135,0,0
14873,14911.83,0.982,1,-1,2034,1135,0,0
14874,14912.83,0.997,1,-1,2035,1133,1,-2
14875,14913.85,1.019,1,0,2035,1133,0,0
14876,14914.84,0.989,1,-1,2035,1133,0,0
14877,14915.83,0.993,1,0,2035,1133,0,0
14878,14916.83,0.999,1,-1,2035,1133,0,0
14879,14917.83,1.0,1,0,2035,1133,0,0
14880,14918.83,0.999,1,-1,2037,1132,2,-1
14881,14919.83,0.999,0,0,2037,1132,0,0
14882,14920.84,1.015,1,-1,2037,1132,0,0
14883,14921.83,0.987,1,-1,2037,1132,0,0
14884,14922.85,1.018,1,0,2037,1132,0,0
14885,14923.83,0.985,1,0,2037,1132,0,0
14886,14924.83,0.997,1,-1,2038,1130,1,-2
14887,14925.85,1.02,1,0,2038,1130,0,0
14888,14926.83,0.982,1,-1,2038,1130,0,0
14889,14927.83,0.998,1,0,2038,1130,0,0
14890,14928.83,0.999,1,-1,2038,1130,0,0
14891,14929.82,0.995,0,0,2038,1130,0,0
14892,14930.85,1.025,1,-1,2040,1129,2,-1
14893,14931.84,0.996,1,0,2040,1129,0,0
14894,14932.83,0.987,1,0,2040,1129,0,0
14895,14933.83,0.997,1,-1,2040,1129,0,0
14896,14934.82,0.995,0,0,2040,1129,0,0
14897,14935.83,1.006,1,-1,2040,1129,0,0
14898,14936.83,0.998,1,0,2040,1129,0,0
14899,14937.83,1.0,1,0,2041,1127,1,-2
14900,14938.83,1.002,1,-1,2041,1127,0,0
14901,14939.82,0.993,0,0,2041,1127,0,0
14902,14940.92,1.098,1,0,2041,1127,0,0
14903,14941.83,0.912,1,-1,2041,1127,0,0
14904,14942.83,0.992,0,0,2041,1127,0,0
14905,14943.83,1.008,1,0,2043,1127,2,0
14906,14944.84,1.012,1,-1,2043,1127,0,0
14907,14945.83,0.986,1,0,2043,1127,0,0
14908,14946.82,0.993,0,0,2043,1127,0,0
14909,14947.83,1.004,1,0,2043,1127,0,0
14910,14948.83,1.0,1,-1,2043,1127,0,0
14911,14949.82,0.995,0,0,2044,1126,1,-1
14912,14950.85,1.025,1,0,2044,1126,0,0
14913,14951.82,0.977,0,0,2044,1126,0,0
14914,14952.83,1.008,1,-1,2044,1126,0,0
14915,14953.83,0.997,1,0,2044,1126,0,0
14916,14954.82,0.994,0,0,2044,1126,0,0
14917,14955.83,1.008,1,0,2046,1124,2,-2
14918,14956.85,1.015,0,-1,2046,1124,0,0
14919,14957.83,0.984,1,0,2046,1124,0,0
14920,14958.83,0.998,1,0,2046,1124,0,0
14921,14959.82,0.994,0,0,2046,1124,0,0
14922,14960.83,1.004,1,0,2046,1124,0,0
14923,14961.82,0.995,0,0,2047,1124,1,0
14924,14962.84,1.022,1,-1,2047,1124,0,0
14925,14963.83,0.984,0,0,2047,1124,0,0
14926,14964.84,1.013,1,0,2047,1124,0,0
14927,14965.82,0.981,0,0,2047,1124,0,0
14928,14966.83,1.006,1,0,2047,1124,0,0
14929,14967.82,0.994,0,0,2047,1123,0,-1
14930,14968.85,1.023,0,-1,2047,1123,0,0
14931,14969.83,0.986,1,0,2047,1123,0,0
14932,14970.82,0.992,0,0,2047,1123,0,0
14933,14971.83,1.006,1,0,2047,1123,0,0
14934,14972.82,0.994,0,0,2047,1123,0,0
14935,14973.83,1.006,1,0,2049,1121,2,-2
14936,14974.83,0.998,0,0,2049,1121,0,0
14937,14975.82,0.997,0,0,2049,1121,0,0
14938,14976.84,1.017,1,0,2049,1121,0,0
14939,14977.83,0.989,0,-1,2049,1121,0,0
14940,14978.82,0.993,0,0,2049,1121,0,0
14941,14979.83,1.005,1,0,2049,1120,0,-1
14942,14980.83,0.999,0,0,2049,1120,0,0
14943,14981.82,0.997,0,0,2049,1120,0,0
14944,14982.84,1.019,1,0,2049,1120,0,0
14945,14983.82,0.981,0,0,2049,1120,0,0
14946,14984.82,1.0,0,0,2049,1120,0,0
14947,14985.83,1.006,1,0,2050,1120,1,0
14948,14986.82,0.994,0,0,2050,1120,0,0
14949,14987.82,1.0,0,0,2050,1120,0,0
14950,14988.82,1.0,0,0,2050,1120,0,0
14951,14989.83,1.005,1,0,2050,1120,0,0
14952,14990.82,0.995,0,0,2050,1120,0,0
14953,14991.82,1.0,0,0,2052,1120,2,0
14954,14992.83,1.007,0,-1,2052,1120,0,0
14955,14993.82,0.994,0,0,2052,1120,0,0
14956,14994.83,1.004,1,0,2052,1120,0,0
14957,14995.82,0.995,0,0,2052,1120,0,0
14958,14996.83,1.006,0,0,2052,1120,0,0
14959,14997.82,0.995,0,0,2053,1120,1,0
14960,14998.82,0.999,0,0,2053,1120,0,0
14961,14999.88,1.058,1,0,2053,1120,0,0
